7.069897427562536751e-02
7.072238389919373314e-02
7.074580127408346131e-02
7.076922640286130439e-02
7.079265928809455599e-02
7.081609993235166156e-02
7.083954833820162167e-02
7.086300450821456098e-02
7.088646844496120092e-02
7.090994015101335923e-02
7.093341962894345043e-02
7.095690688132502699e-02
7.098040191073218264e-02
7.100390471974009354e-02
7.102741531092481020e-02
7.105093368686297983e-02
7.107445985013240153e-02
7.109799380331147112e-02
7.112153554897969465e-02
7.114508508971714718e-02
7.116864242810505559e-02
7.119220756672521577e-02
7.121578050816054772e-02
7.123936125499455430e-02
7.126294980981187632e-02
7.128654617519773751e-02
7.131015035373848565e-02
7.133376234802105142e-02
7.135738216063348960e-02
7.138100979416443781e-02
7.140464525120368555e-02
7.142828853434159131e-02
7.145193964616963767e-02
7.147559858927989007e-02
7.149926536626557971e-02
7.152293997972047901e-02
7.154662243223951223e-02
7.157031272641820041e-02
7.159401086485310539e-02
7.161771685014167721e-02
7.164143068488199040e-02
7.166515237167328523e-02
7.168888191311534319e-02
7.171261931180912541e-02
7.173636457035616198e-02
7.176011769135913487e-02
7.178387867742126727e-02
7.180764753114697585e-02
7.183142425514123242e-02
7.185520885201014674e-02
7.187900132436042533e-02
7.190280167479992657e-02
7.192660990593705006e-02
7.195042602038140278e-02
7.197425002074310518e-02
7.199808190963348509e-02
7.202192168966441155e-02
7.204576936344891935e-02
7.206962493360062616e-02
7.209348840273428760e-02
7.211735977346525606e-02
7.214123904841002188e-02
7.216512623018565831e-02
7.218902132141032102e-02
7.221292432470305389e-02
7.223683524268349754e-02
7.226075407797249994e-02
7.228468083319147808e-02
7.230861551096300077e-02
7.233255811391019197e-02
7.235650864465738297e-02
7.238046710582944632e-02
7.240443350005240641e-02
7.242840782995291216e-02
7.245239009815873654e-02
7.247638030729823544e-02
7.250037846000094433e-02
7.252438455889693991e-02
7.254839860661752016e-02
7.257242060579451037e-02
7.259645055906091549e-02
7.262048846905032329e-02
7.264453433839748731e-02
7.266858816973775781e-02
7.269264996570759529e-02
7.271671972894411251e-02
7.274079746208551855e-02
7.276488316777066090e-02
7.278897684863945561e-02
7.281307850733267917e-02
7.283718814649180195e-02
7.286130576875940457e-02
7.288543137677870598e-02
7.290956497319406315e-02
7.293370656065041591e-02
7.295785614179389755e-02
7.298201371927119652e-02
7.300617929573016696e-02
7.303035287381927365e-02
7.305453445618814712e-02
7.307872404548697298e-02
7.310292164436713036e-02
7.312712725548059511e-02
7.315134088148048108e-02
7.317556252502052661e-02
7.319979218875560800e-02
7.322402987534119834e-02
7.324827558743395028e-02
7.327252932769109939e-02
7.329679109877104692e-02
7.332106090333280479e-02
7.334533874403650899e-02
7.336962462354294778e-02
7.339391854451395025e-02
7.341822050961228918e-02
7.344253052150132022e-02
7.346684858284564801e-02
7.349117469631043231e-02
7.351550886456201250e-02
7.353985109026731082e-02
7.356420137609442911e-02
7.358855972471207985e-02
7.361292613879012736e-02
7.363730062099903273e-02
7.366168317401043664e-02
7.368607380049657651e-02
7.371047250313085553e-02
7.373487928458728746e-02
7.375929414754103797e-02
7.378371709466789719e-02
7.380814812864480712e-02
7.383258725214930651e-02
7.385703446786014148e-02
7.388148977845661325e-02
7.390595318661923041e-02
7.393042469502908443e-02
7.395490430636844637e-02
7.397939202332019792e-02
7.400388784856838653e-02
7.402839178479765636e-02
7.405290383469376181e-02
7.407742400094334545e-02
7.410195228623374375e-02
7.412648869325341727e-02
7.415103322469149272e-02
7.417558588323824864e-02
7.420014667158453259e-02
7.422471559242244110e-02
7.424929264844459809e-02
7.427387784234487644e-02
7.429847117681770419e-02
7.432307265455870282e-02
7.434768227826411835e-02
7.437230005063134863e-02
7.439692597435840216e-02
7.442156005214449477e-02
7.444620228668941131e-02
7.447085268069415787e-02
7.449551123686029563e-02
7.452017795789062093e-02
7.454485284648851295e-02
7.456953590535853049e-02
7.459422713720582909e-02
7.461892654473678554e-02
7.464363413065835950e-02
7.466834989767862085e-02
7.469307384850654152e-02
7.471780598585175959e-02
7.474254631242514824e-02
7.476729483093812190e-02
7.479205154410334400e-02
7.481681645463403307e-02
7.484158956524462891e-02
7.486637087865016804e-02
7.489116039756688048e-02
7.491595812471160687e-02
7.494076406280238134e-02
7.496557821455783477e-02
7.499040058269779152e-02
7.501523116994268658e-02
7.504006997901416232e-02
7.506491701263445782e-02
7.508977227352700567e-02
7.511463576441582135e-02
7.513950748802618318e-02
7.516438744708391073e-02
7.518927564431605870e-02
7.521417208245027852e-02
7.523907676421540125e-02
7.526398969234091019e-02
7.528891086955737111e-02
7.531384029859627960e-02
7.533877798218981126e-02
7.536372392307130741e-02
7.538867812397478940e-02
7.541364058763540268e-02
7.543861131678895882e-02
7.546359031417243513e-02
7.548857758252343342e-02
7.551357312458079063e-02
7.553857694308388493e-02
7.556358904077334349e-02
7.558860942039040409e-02
7.561363808467749803e-02
7.563867503637768108e-02
7.566372027823518864e-02
7.568877381299489449e-02
7.571383564340285199e-02
7.573890577220575293e-02
7.576398420215149643e-02
7.578907093598855060e-02
7.581416597646664646e-02
7.583926932633609785e-02
7.586438098834843990e-02
7.588950096525581834e-02
7.591462925981147525e-02
7.593976587476965190e-02
7.596491081288517244e-02
7.599006407691416554e-02
7.601522566961330107e-02
7.604039559374051183e-02
7.606557385205432731e-02
7.609076044731447053e-02
7.611595538228130287e-02
7.614115865971639308e-02
7.616637028238192053e-02
7.619159025304128585e-02
7.621681857445850028e-02
7.624205524939879630e-02
7.626730028062798927e-02
7.629255367091317130e-02
7.631781542302200350e-02
7.634308553972336819e-02
7.636836402378678612e-02
7.639365087798298537e-02
7.641894610508329078e-02
7.644424970786027618e-02
7.646956168908709828e-02
7.649488205153819054e-02
7.652021079798852765e-02
7.654554793121430556e-02
7.657089345399258062e-02
7.659624736910111698e-02
7.662160967931892774e-02
7.664698038742560893e-02
7.667235949620200552e-02
7.669774700842957316e-02
7.672314292689096094e-02
7.674854725436949798e-02
7.677395999364967916e-02
7.679938114751665157e-02
7.682481071875678358e-02
7.685024871015705417e-02
7.687569512450566356e-02
7.690114996459145036e-02
7.692661323320446054e-02
7.695208493313537845e-02
7.697756506717609581e-02
7.700305363811915660e-02
7.702855064875831215e-02
7.705405610188791055e-02
7.707957000030357664e-02
7.710509234680153201e-02
7.713062314417923337e-02
7.715616239523473419e-02
7.718171010276730915e-02
7.720726626957707950e-02
7.723283089846491589e-02
7.725840399223291022e-02
7.728398555368376499e-02
7.730957558562144560e-02
7.733517409085050032e-02
7.736078107217674027e-02
7.738639653240657335e-02
7.741202047434769806e-02
7.743765290080836805e-02
7.746329381459811370e-02
7.748894321852708988e-02
7.751460111540665887e-02
7.754026750804883517e-02
7.756594239926686840e-02
7.759162579187461883e-02
7.761731768868719572e-02
7.764301809252033282e-02
7.766872700619099901e-02
7.769444443251680155e-02
7.772017037431656894e-02
7.774590483440975419e-02
7.777164781561708706e-02
7.779739932075988018e-02
7.782315935266062579e-02
7.784892791414277369e-02
7.787470500803043982e-02
7.790049063714901689e-02
7.792628480432449434e-02
7.795208751238412448e-02
7.797789876415579802e-02
7.800371856246862690e-02
7.802954691015234756e-02
7.805538381003797321e-02
7.808122926495712768e-02
7.810708327774268378e-02
7.813294585122812497e-02
7.815881698824819757e-02
7.818469669163830016e-02
7.821058496423503870e-02
7.823648180887567138e-02
7.826238722839870543e-02
7.828830122564327254e-02
7.831422380344975342e-02
7.834015496465916717e-02
7.836609471211378186e-02
7.839204304865646233e-02
7.841799997713140569e-02
7.844396550038335025e-02
7.846993962125825561e-02
7.849592234260303891e-02
7.852191366726528343e-02
7.854791359809386309e-02
7.857392213793826241e-02
7.859993928964922882e-02
7.862596505607813424e-02
7.865199944007761346e-02
7.867804244450095352e-02
7.870409407220264886e-02
7.873015432603788777e-02
7.875622320886305205e-02
7.878230072353521740e-02
7.880838687291268074e-02
7.883448165985436351e-02
7.886058508722049165e-02
7.888669715787188785e-02
7.891281787467066544e-02
7.893894724047952061e-02
7.896508525816245405e-02
7.899123193058410486e-02
7.901738726061033335e-02
7.904355125110769376e-02
7.906972390494396152e-02
7.909590522498753662e-02
7.912209521410804025e-02
7.914829387517603732e-02
7.917450121106278660e-02
7.920071722464082364e-02
7.922694191878332237e-02
7.925317529636473346e-02
7.927941736026011821e-02
7.930566811334582855e-02
7.933192755849884092e-02
7.935819569859739464e-02
7.938447253652039515e-02
7.941075807514796914e-02
7.943705231736093719e-02
7.946335526604134114e-02
7.948966692407188894e-02
7.951598729433656532e-02
7.954231637971995172e-02
7.956865418310794802e-02
7.959500070738706468e-02
7.962135595544510280e-02
7.964771993017048801e-02
7.967409263445293655e-02
7.970047407118277527e-02
7.972686424325163557e-02
7.975326315355178719e-02
7.977967080497665175e-02
7.980608720042067783e-02
7.983251234277899400e-02
7.985894623494799172e-02
7.988538887982472858e-02
7.991184028030753894e-02
7.993830043929538165e-02
7.996476935968852007e-02
7.999124704438784206e-02
8.001773349629549836e-02
8.004422871831431974e-02
8.007073271334839981e-02
8.009724548430245672e-02
8.012376703408249923e-02
8.015029736559521611e-02
8.017683648174851740e-02
8.020338438545100701e-02
8.022994107961253785e-02
8.025650656714361508e-02
8.028308085095604840e-02
8.030966393396225811e-02
8.033625581907598290e-02
8.036285650921157209e-02
8.038946600728467951e-02
8.041608431621161124e-02
8.044271143890986686e-02
8.046934737829791739e-02
8.049599213729495550e-02
8.052264571882145061e-02
8.054930812579855215e-02
8.057597936114865855e-02
8.060265942779484827e-02
8.062934832866144874e-02
8.065604606667348131e-02
8.068275264475723019e-02
8.070946806583963185e-02
8.073619233284889951e-02
8.076292544871392642e-02
8.078966741636486870e-02
8.081641823873254860e-02
8.084317791874906511e-02
8.086994645934716952e-02
8.089672386346093147e-02
8.092351013402501736e-02
8.095030527397545361e-02
8.097710928624886340e-02
8.100392217378320214e-02
8.103074393951702203e-02
8.105757458639024915e-02
8.108441411734337856e-02
8.111126253531818209e-02
8.113811984325738913e-02
8.116498604410442297e-02
8.119186114080408079e-02
8.121874513630172876e-02
8.124563803354409308e-02
8.127253983547852445e-02
8.129945054505369195e-02
8.132637016521887530e-02
8.135329869892470034e-02
8.138023614912243131e-02
8.140718251876462308e-02
8.143413781080449665e-02
8.146110202819656365e-02
8.148807517389601573e-02
8.151505725085930743e-02
8.154204826204357326e-02
8.156904821040725229e-02
8.159605709890943581e-02
8.162307493051050578e-02
8.165010170817152413e-02
8.167713743485484346e-02
8.170418211352345472e-02
8.173123574714169504e-02
8.175829833867452601e-02
8.178536989108814437e-02
8.181245040734974605e-02
8.183953989042722088e-02
8.186663834328983258e-02
8.189374576890742774e-02
8.192086217025122685e-02
8.194798755029307491e-02
8.197512191200612142e-02
8.200226525836420977e-02
8.202941759234244623e-02
8.205657891691663097e-02
8.208374923506386867e-02
8.211092854976191624e-02
8.213811686398984901e-02
8.216531418072739457e-02
8.219252050295561274e-02
8.221973583365618787e-02
8.224696017581215046e-02
8.227419353240718325e-02
8.230143590642630125e-02
8.232868730085513009e-02
8.235594771868065544e-02
8.238321716289051522e-02
8.241049563647366571e-02
8.243778314241971550e-02
8.246507968371950825e-02
8.249238526336490074e-02
8.251969988434845749e-02
8.254702354966410305e-02
8.257435626230638648e-02
8.260169802527120297e-02
8.262904884155511387e-02
8.265640871415595725e-02
8.268377764607230673e-02
8.271115564030398493e-02
8.273854269985153609e-02
8.276593882771679511e-02
8.279334402690227690e-02
8.282075830041181475e-02
8.284818165124988032e-02
8.287561408242233307e-02
8.290305559693562920e-02
8.293050619779759880e-02
8.295796588801671034e-02
8.298543467060277845e-02
8.301291254856627000e-02
8.304039952491897025e-02
8.306789560267335837e-02
8.309540078484323189e-02
8.312291507444304062e-02
8.315043847448849723e-02
8.317797098799629973e-02
8.320551261798390941e-02
8.323306336747010592e-02
8.326062323947434896e-02
8.328819223701743046e-02
8.331577036312079465e-02
8.334335762080723187e-02
8.337095401310018472e-02
8.339855954302446972e-02
8.342617421360551400e-02
8.345379802787013246e-02
8.348143098884576452e-02
8.350907309956123736e-02
8.353672436304598881e-02
8.356438478233083056e-02
8.359205436044724047e-02
8.361973310042804253e-02
8.364742100530668523e-02
8.367511807811800484e-02
8.370282432189750377e-02
8.373053973968198893e-02
8.375826433450897501e-02
8.378599810941730897e-02
8.381374106744647612e-02
8.384149321163728019e-02
8.386925454503146860e-02
8.389702507067159365e-02
8.392480479160153994e-02
8.395259371086581657e-02
8.398039183151034814e-02
8.400819915658169768e-02
8.403601568912776043e-02
8.406384143219711169e-02
8.409167638883971452e-02
8.411952056210612871e-02
8.414737395504832962e-02
8.417523657071893095e-02
8.420310841217190645e-02
8.423098948246188211e-02
8.425887978464487171e-02
8.428677932177754129e-02
8.431468809691788913e-02
8.434260611312462130e-02
8.437053337345777615e-02
8.439846988097807201e-02
8.442641563874757338e-02
8.445437064982902475e-02
8.448233491728653066e-02
8.451030844418486176e-02
8.453829123359005160e-02
8.456628328856917454e-02
8.459428461219002660e-02
8.462229520752179157e-02
8.465031507763433327e-02
8.467834422559883389e-02
8.470638265448718340e-02
8.473443036737264566e-02
8.476248736732910904e-02
8.479055365743186357e-02
8.481862924075685151e-02
8.484671412038140292e-02
8.487480829938350013e-02
8.490291178084249935e-02
8.493102456783840903e-02
8.495914666345265320e-02
8.498727807076728036e-02
8.501541879286574066e-02
8.504356883283212265e-02
8.507172819375190265e-02
8.509989687871125086e-02
8.512807489079768364e-02
8.515626223309938347e-02
8.518445890870593451e-02
8.521266492070755927e-02
8.524088027219578478e-02
8.526910496626316505e-02
8.529733900600301733e-02
8.532558239451001891e-02
8.535383513487954099e-02
8.538209723020828701e-02
8.541036868359370982e-02
8.543864949813455290e-02
8.546693967693030913e-02
8.549523922308180368e-02
8.552354813969055558e-02
8.555186642985945777e-02
8.558019409669205546e-02
8.560853114329333713e-02
8.563687757276888801e-02
8.566523338822573663e-02
8.569359859277154989e-02
8.572197318951541023e-02
8.575035718156702458e-02
8.577875057203754317e-02
8.580715336403874072e-02
8.583556556068382137e-02
8.586398716508662765e-02
8.589241818036241760e-02
8.592085860962711541e-02
8.594930845599792202e-02
8.597776772259309308e-02
8.600623641253166141e-02
8.603471452893401983e-02
8.606320207492125507e-02
8.609169905361582775e-02
8.612020546814092015e-02
8.614872132162103291e-02
8.617724661718141610e-02
8.620578135794867980e-02
8.623432554705008635e-02
8.626287918761434137e-02
8.629144228277078887e-02
8.632001483565020228e-02
8.634859684938400726e-02
8.637718832710501726e-02
8.640578927194673964e-02
8.643439968704409726e-02
8.646301957553266526e-02
8.649164894054942043e-02
8.652028778523201957e-02
8.654893611271950726e-02
8.657759392615164973e-02
8.660626122866955934e-02
8.663493802341505623e-02
8.666362431353127893e-02
8.669232010216237905e-02
8.672102539245331310e-02
8.674974018755041150e-02
8.677846449060068468e-02
8.680719830475257248e-02
8.683594163315518089e-02
8.686469447895901752e-02
8.689345684531525615e-02
8.692222873537651384e-02
8.695101015229607377e-02
8.697980109922859304e-02
8.700860157932946426e-02
8.703741159575545394e-02
8.706623115166402249e-02
8.709506025021401809e-02
8.712389889456501058e-02
8.715274708787794367e-02
8.718160483331446886e-02
8.721047213403762544e-02
8.723934899321114655e-02
8.726823541400019479e-02
8.729713139957058499e-02
8.732603695308957525e-02
8.735495207772507598e-02
8.738387677664634368e-02
8.741281105302367571e-02
8.744175491002816047e-02
8.747070835083226026e-02
8.749967137860917288e-02
8.752864399653348393e-02
8.755762620778047289e-02
8.758661801552682091e-02
8.761561942294991689e-02
8.764463043322855140e-02
8.767365104954223665e-02
8.770268127507184486e-02
8.773172111299896991e-02
8.776077056650663510e-02
8.778982963877852985e-02
8.781889833299978687e-02
8.784797665235619113e-02
8.787706460003497089e-02
8.790616217922407605e-02
8.793526939311280266e-02
8.796438624489121005e-02
8.799351273775071758e-02
8.802264887488350786e-02
8.805179465948312356e-02
8.808095009474381509e-02
8.811011518386126229e-02
8.813928993003185275e-02
8.816847433645327858e-02
8.819766840632431437e-02
8.822687214284448409e-02
8.825608554921479665e-02
8.828530862863688544e-02
8.831454138431386880e-02
8.834378381944953118e-02
8.837303593724907258e-02
8.840229774091842851e-02
8.843156923366490840e-02
8.846085041869655718e-02
8.849014129922284921e-02
8.851944187845392498e-02
8.854875215960138213e-02
8.857807214587751221e-02
8.860740184049602230e-02
8.863674124667132725e-02
8.866609036761925744e-02
8.869544920655637876e-02
8.872481776670064491e-02
8.875419605127074507e-02
8.878358406348675624e-02
8.881298180656951868e-02
8.884238928374124655e-02
8.887180649822488954e-02
8.890123345324471571e-02
8.893067015202607561e-02
8.896011659779512470e-02
8.898957279377942009e-02
8.901903874320725440e-02
8.904851444930832194e-02
8.907799991531305250e-02
8.910749514445329145e-02
8.913700013996160576e-02
8.916651490507196409e-02
8.919603944301909837e-02
8.922557375703911442e-02
8.925511785036885359e-02
8.928467172624661441e-02
8.931423538791136152e-02
8.934380883860351674e-02
8.937339208156422354e-02
8.940298512003604092e-02
8.943258795726224952e-02
8.946220059648755940e-02
8.949182304095738838e-02
8.952145529391862533e-02
8.955109735861882525e-02
8.958074923830700032e-02
8.961041093623288434e-02
8.964008245564755728e-02
8.966976379980316769e-02
8.969945497195265516e-02
8.972915597535044419e-02
8.975886681325162542e-02
8.978858748891276054e-02
8.981831800559110512e-02
8.984805836654537192e-02
8.987780857503499532e-02
8.990756863432082524e-02
8.993733854766446101e-02
8.996711831832891748e-02
8.999690794957794504e-02
9.002670744467673736e-02
9.005651680689118199e-02
9.008633603948863755e-02
9.011616514573718428e-02
9.014600412890631798e-02
9.017585299226628381e-02
9.020571173908875640e-02
9.023558037264613196e-02
9.026545889621226393e-02
9.029534731306172735e-02
9.032524562647051281e-02
9.035515383971537418e-02
9.038507195607441147e-02
9.041499997882677941e-02
9.044493791125249316e-02
9.047488575663298338e-02
9.050484351825041629e-02
9.053481119938841526e-02
9.056478880333131143e-02
9.059477633336489311e-02
9.062477379277567024e-02
9.065478118485162384e-02
9.068479851288142879e-02
9.071482578015524489e-02
9.074486298996393974e-02
9.077491014559982418e-02
9.080496725035594463e-02
9.083503430752683239e-02
9.086511132040768490e-02
9.089519829229521231e-02
9.092529522648681861e-02
9.095540212628136501e-02
9.098551899497846207e-02
9.101564583587914981e-02
9.104578265228523148e-02
9.107592944749992592e-02
9.110608622482721519e-02
9.113625298757242754e-02
9.116642973904200142e-02
9.119661648254319408e-02
9.122681322138470605e-02
9.125701995887598728e-02
9.128723669832794485e-02
9.131746344305222141e-02
9.134770019636188898e-02
9.137794696157079677e-02
9.140820374199422338e-02
9.143847054094821070e-02
9.146874736175023002e-02
9.149903420771851592e-02
9.152933108217273239e-02
9.155963798843332058e-02
9.158995492982213715e-02
9.162028190966182983e-02
9.165061893127646186e-02
9.168096599799084589e-02
9.171132311313129337e-02
9.174169028002479576e-02
9.177206750199985719e-02
9.180245478238570345e-02
9.183285212451303137e-02
9.186325953171324554e-02
9.189367700731917998e-02
9.192410455466472341e-02
9.195454217708463884e-02
9.198498987791511872e-02
9.201544766049311874e-02
9.204591552815705180e-02
9.207639348424608017e-02
9.210688153210085105e-02
9.213737967506271942e-02
9.216788791647452517e-02
9.219840625967985759e-02
9.222893470802377702e-02
9.225947326485207933e-02
9.229002193351203143e-02
9.232058071735166349e-02
9.235114961972044900e-02
9.238172864396863859e-02
9.241231779344792618e-02
9.244291707151075510e-02
9.247352648151108134e-02
9.250414602680355480e-02
9.253477571074433805e-02
9.256541553669031530e-02
9.259606550799985569e-02
9.262672562803209164e-02
9.265739590014752947e-02
9.268807632770775795e-02
9.271876691407526794e-02
9.274946766261397968e-02
9.278017857668857671e-02
9.281089965966521360e-02
9.284163091491082209e-02
9.287237234579377720e-02
9.290312395568323112e-02
9.293388574794980705e-02
9.296465772596487764e-02
9.299543989310130043e-02
9.302623225273268237e-02
9.305703480823411533e-02
9.308784756298142671e-02
9.311867052035195658e-02
9.314950368372378053e-02
9.318034705647645910e-02
9.321120064199030220e-02
9.324206444364711854e-02
9.327293846482946627e-02
9.330382270892137453e-02
9.333471717930764966e-02
9.336562187937455515e-02
9.339653681250914552e-02
9.342746198209984920e-02
9.345839739153621872e-02
9.348934304420865316e-02
9.352029894350905037e-02
9.355126509283005765e-02
9.358224149556582105e-02
9.361322815511120832e-02
9.364422507486264147e-02
9.367523225821723643e-02
9.370624970857364955e-02
9.373727742933125884e-02
9.376831542389095497e-02
9.379936369565439191e-02
9.383042224802469466e-02
9.386149108440577926e-02
9.389257020820301891e-02
9.392365962282259173e-02
9.395475933167211913e-02
9.398586933816002742e-02
9.401698964569622785e-02
9.404812025769136719e-02
9.407926117755763262e-02
9.411041240870793301e-02
9.414157395455668986e-02
9.417274581851910187e-02
9.420392800401176936e-02
9.423512051445240290e-02
9.426632335325957346e-02
9.429753652385339246e-02
9.432876002965467910e-02
9.435999387408579298e-02
9.439123806056982924e-02
9.442249259253142346e-02
9.445375747339593286e-02
9.448503270659024122e-02
9.451631829554200948e-02
9.454761424368036959e-02
9.457892055443524459e-02
9.461023723123807017e-02
9.464156427752101752e-02
9.467290169671778444e-02
9.470424949226284583e-02
9.473560766759216156e-02
9.476697622614245475e-02
9.479835517135198897e-02
9.482974450665977717e-02
9.486114423550633112e-02
9.489255436133295363e-02
9.492397488758243240e-02
9.495540581769833233e-02
9.498684715512566157e-02
9.501829890331055239e-02
9.504976106569996974e-02
9.508123364574244674e-02
9.511271664688723815e-02
9.514421007258513918e-02
9.517571392628770832e-02
9.520722821144801673e-02
9.523875293151992660e-02
9.527028808995878506e-02
9.530183369022071638e-02
9.533338973576339914e-02
9.536495623004523359e-02
9.539653317652616038e-02
9.542812057866689734e-02
9.545971843992968886e-02
9.549132676377751483e-02
9.552294555367490947e-02
9.555457481308718415e-02
9.558621454548114904e-02
9.561786475432440535e-02
9.564952544308605309e-02
9.568119661523599717e-02
9.571287827424565520e-02
9.574457042358719416e-02
9.577627306673425212e-02
9.580798620716160507e-02
9.583970984834487561e-02
9.587144399376122672e-02
9.590318864688862632e-02
9.593494381120651338e-02
9.596670949019514563e-02
9.599848568733629350e-02
9.603027240611250459e-02
9.606206965000786691e-02
9.609387742250721787e-02
9.612569572709696308e-02
9.615752456726427144e-02
9.618936394649781063e-02
9.622121386828708101e-02
9.625307433612308172e-02
9.628494535349760297e-02
9.631682692390394762e-02
9.634871905083623733e-02
9.638062173779007868e-02
9.641253498826189705e-02
9.644445880574965824e-02
9.647639319375204969e-02
9.650833815576936869e-02
9.654029369530266191e-02
9.657225981585439156e-02
9.660423652092822722e-02
9.663622381402869888e-02
9.666822169866184922e-02
9.670023017833453971e-02
9.673224925655514450e-02
9.676427893683284265e-02
9.679631922267833977e-02
9.682837011760313251e-02
9.686043162512025795e-02
9.689250374874351646e-02
9.692458649198829046e-02
9.695667985837071179e-02
9.698878385140848046e-02
9.702089847462005978e-02
9.705302373152549511e-02
9.708515962564555346e-02
9.711730616050262554e-02
9.714946333961982372e-02
9.718163116652182854e-02
9.721380964473413933e-02
9.724599877778374035e-02
9.727819856919846242e-02
9.731040902250764901e-02
9.734263014124144853e-02
9.737486192893146653e-02
9.740710438911044655e-02
9.743935752531204808e-02
9.747162134107149878e-02
9.750389583992474796e-02
9.753618102540936863e-02
9.756847690106366933e-02
9.760078347042756841e-02
9.763310073704171976e-02
9.766542870444835933e-02
9.769776737619051410e-02
9.773011675581276536e-02
9.776247684686045769e-02
9.779484765288054549e-02
9.782722917742071866e-02
9.785962142403027697e-02
9.789202439625926955e-02
9.792443809765934148e-02
9.795686253178287339e-02
9.798929770218388347e-02
9.802174361241712541e-02
9.805420026603892114e-02
9.808666766660641134e-02
9.811914581767827714e-02
9.815163472281399071e-02
9.818413438557452300e-02
9.821664480952198295e-02
9.824916599821938157e-02
9.828169795523133967e-02
9.831424068412318584e-02
9.834679418846190013e-02
9.837935847181519811e-02
9.841193353775241903e-02
9.844451938984362382e-02
9.847711603166051098e-02
9.850972346677554226e-02
9.854234169876274763e-02
9.857497073119697584e-02
9.860761056765460220e-02
9.864026121171286243e-02
9.867292266695050496e-02
9.870559493694709696e-02
9.873827802528380160e-02
9.877097193554254528e-02
9.880367667130685039e-02
9.883639223616101643e-02
9.886911863369096665e-02
9.890185586748334590e-02
9.893460394112643663e-02
9.896736285820931234e-02
9.900013262232250366e-02
9.903291323705773475e-02
9.906570470600765954e-02
9.909850703276645856e-02
9.913132022092915885e-02
9.916414427409235566e-02
9.919697919585342138e-02
9.922982498981132438e-02
9.926268165956586564e-02
9.929554920871837276e-02
9.932842764087100595e-02
9.936131695962752142e-02
9.939421716859243860e-02
9.942712827137191456e-02
9.946005027157285572e-02
9.949298317280377835e-02
9.952592697867401750e-02
9.955888169279447641e-02
9.959184731877684937e-02
9.962482386023444048e-02
9.965781132078135873e-02
9.969080970403329522e-02
9.972381901360674594e-02
9.975683925311977507e-02
9.978987042619130721e-02
9.982291253644169637e-02
9.985596558749254559e-02
9.988902958296634604e-02
9.992210452648715713e-02
9.995519042167987089e-02
9.998828727217097534e-02
1.000213950815877773e-01
1.000545138535590683e-01
1.000876435917146950e-01
1.001207842996857528e-01
1.001539359811045443e-01
1.001870986396045521e-01
1.002202722788204797e-01
1.002534569023882105e-01
1.002866525139448628e-01
1.003198591171287485e-01
1.003530767155793868e-01
1.003863053129374627e-01
1.004195449128449380e-01
1.004527955189449262e-01
1.004860571348817622e-01
1.005193297643009881e-01
1.005526134108493258e-01
1.005859080781748016e-01
1.006192137699265382e-01
1.006525304897549072e-01
1.006858582413115016e-01
1.007191970282491078e-01
1.007525468542217334e-01
1.007859077228845657e-01
1.008192796378940548e-01
1.008526626029078027e-01
1.008860566215846882e-01
1.009194616975847419e-01
1.009528778345692435e-01
1.009863050362006659e-01
1.010197433061427036e-01
1.010531926480602444e-01
1.010866530656194251e-01
1.011201245624875622e-01
1.011536071423332211e-01
1.011871008088261470e-01
1.012206055656373199e-01
1.012541214164389414e-01
1.012876483649043924e-01
1.013211864147083308e-01
1.013547355695265800e-01
1.013882958330361572e-01
1.014218672089154116e-01
1.014554497008438166e-01
1.014890433125020530e-01
1.015226480475720783e-01
1.015562639097370295e-01
1.015898909026812791e-01
1.016235290300904065e-01
1.016571782956512404e-01
1.016908387030517613e-01
1.017245102559812958e-01
1.017581929581302669e-01
1.017918868131904020e-01
1.018255918248545805e-01
1.018593079968169723e-01
1.018930353327729132e-01
1.019267738364190157e-01
1.019605235114530856e-01
1.019942843615741362e-01
1.020280563904824578e-01
1.020618396018795199e-01
1.020956339994680273e-01
1.021294395869519200e-01
1.021632563680363731e-01
1.021970843464277690e-01
1.022309235258336974e-01
1.022647739099630526e-01
1.022986355025258948e-01
1.023325083072335051e-01
1.023663923277984278e-01
1.024002875679344282e-01
1.024341940313564792e-01
1.024681117217808163e-01
1.025020406429248687e-01
1.025359807985073146e-01
1.025699321922480950e-01
1.026038948278683444e-01
1.026378687090904462e-01
1.026718538396379915e-01
1.027058502232358200e-01
1.027398578636100207e-01
1.027738767644878898e-01
1.028079069295979864e-01
1.028419483626700770e-01
1.028760010674351633e-01
1.029100650476255097e-01
1.029441403069746019e-01
1.029782268492171471e-01
1.030123246780891011e-01
1.030464337973276689e-01
1.030805542106712491e-01
1.031146859218595585e-01
1.031488289346334936e-01
1.031829832527351859e-01
1.032171488799080161e-01
1.032513258198966138e-01
1.032855140764468577e-01
1.033197136533058336e-01
1.033539245542218904e-01
1.033881467829446260e-01
1.034223803432248318e-01
1.034566252388146312e-01
1.034908814734673138e-01
1.035251490509374178e-01
1.035594279749807722e-01
1.035937182493543857e-01
1.036280198778165712e-01
1.036623328641268493e-01
1.036966572120459895e-01
1.037309929253360241e-01
1.037653400077602067e-01
1.037996984630830677e-01
1.038340682950703447e-01
1.038684495074890385e-01
1.039028421041074401e-01
1.039372460886949789e-01
1.039716614650224857e-01
1.040060882368619155e-01
1.040405264079865277e-01
1.040749759821708170e-01
1.041094369631905131e-01
1.041439093548226225e-01
1.041783931608454006e-01
1.042128883850383381e-01
1.042473950311821745e-01
1.042819131030588847e-01
1.043164426044517895e-01
1.043509835391453477e-01
1.043855359109253367e-01
1.044200997235787687e-01
1.044546749808939051e-01
1.044892616866602564e-01
1.045238598446686096e-01
1.045584694587109870e-01
1.045930905325806876e-01
1.046277230700722316e-01
1.046623670749814439e-01
1.046970225511053704e-01
1.047316895022423200e-01
1.047663679321918506e-01
1.048010578447547969e-01
1.048357592437332703e-01
1.048704721329306033e-01
1.049051965161513916e-01
1.049399323972015213e-01
1.049746797798880998e-01
1.050094386680195113e-01
1.050442090654054028e-01
1.050789909758566981e-01
1.051137844031855562e-01
1.051485893512053849e-01
1.051834058237309383e-01
1.052182338245781362e-01
1.052530733575642030e-01
1.052879244265076258e-01
1.053227870352281687e-01
1.053576611875468166e-01
1.053925468872858873e-01
1.054274441382688915e-01
1.054623529443206725e-01
1.054972733092672810e-01
1.055322052369360719e-01
1.055671487311556633e-01
1.056021037957559361e-01
1.056370704345680339e-01
1.056720486514243634e-01
1.057070384501586080e-01
1.057420398346057555e-01
1.057770528086020151e-01
1.058120773759848726e-01
1.058471135405931046e-01
1.058821613062667366e-01
1.059172206768470847e-01
1.059522916561767419e-01
1.059873742480995362e-01
1.060224684564605724e-01
1.060575742851063152e-01
1.060926917378844092e-01
1.061278208186437894e-01
1.061629615312346814e-01
1.061981138795085738e-01
1.062332778673182598e-01
1.062684534985177676e-01
1.063036407769624159e-01
1.063388397065088281e-01
1.063740502910148489e-01
1.064092725343396550e-01
1.064445064403436725e-01
1.064797520128886038e-01
1.065150092558374562e-01
1.065502781730544718e-01
1.065855587684051836e-01
1.066208510457564845e-01
1.066561550089764332e-01
1.066914706619344344e-01
1.067267980085011558e-01
1.067621370525485419e-01
1.067974877979498277e-01
1.068328502485795251e-01
1.068682244083134503e-01
1.069036102810286271e-01
1.069390078706035085e-01
1.069744171809176997e-01
1.070098382158521377e-01
1.070452709792890367e-01
1.070807154751119150e-01
1.071161717072055541e-01
1.071516396794560261e-01
1.071871193957507212e-01
1.072226108599782513e-01
1.072581140760285878e-01
1.072936290477929516e-01
1.073291557791638401e-01
1.073646942740350829e-01
1.074002445363017449e-01
1.074358065698602371e-01
1.074713803786081778e-01
1.075069659664446148e-01
1.075425633372697615e-01
1.075781724949851637e-01
1.076137934434936577e-01
1.076494261866993707e-01
1.076850707285077480e-01
1.077207270728254840e-01
1.077563952235605915e-01
1.077920751846223463e-01
1.078277669599214117e-01
1.078634705533696586e-01
1.078991859688802485e-01
1.079349132103676889e-01
1.079706522817477643e-01
1.080064031869375357e-01
1.080421659298553688e-01
1.080779405144209615e-01
1.081137269445552745e-01
1.081495252241805732e-01
1.081853353572204135e-01
1.082211573475996697e-01
1.082569911992445205e-01
1.082928369160824078e-01
1.083286945020421055e-01
1.083645639610536643e-01
1.084004452970484950e-01
1.084363385139592295e-01
1.084722436157198738e-01
1.085081606062656689e-01
1.085440894895332020e-01
1.085800302694603647e-01
1.086159829499863255e-01
1.086519475350515851e-01
1.086879240285979070e-01
1.087239124345684427e-01
1.087599127569075647e-01
1.087959249995610056e-01
1.088319491664757610e-01
1.088679852616001587e-01
1.089040332888838308e-01
1.089400932522777143e-01
1.089761651557340782e-01
1.090122490032064406e-01
1.090483447986497073e-01
1.090844525460200193e-01
1.091205722492748775e-01
1.091567039123730876e-01
1.091928475392747316e-01
1.092290031339412382e-01
1.092651707003353123e-01
1.093013502424210470e-01
1.093375417641637565e-01
1.093737452695301288e-01
1.094099607624881426e-01
1.094461882470070674e-01
1.094824277270575325e-01
1.095186792066114578e-01
1.095549426896420819e-01
1.095912181801239199e-01
1.096275056820329163e-01
1.096638051993462093e-01
1.097001167360423107e-01
1.097364402961010510e-01
1.097727758835035511e-01
1.098091235022322781e-01
1.098454831562710038e-01
1.098818548496048181e-01
1.099182385862201433e-01
1.099546343701047202e-01
1.099910422052475800e-01
1.100274620956391142e-01
1.100638940452710185e-01
1.101003380581362934e-01
1.101367941382293131e-01
1.101732622895456731e-01
1.102097425160824401e-01
1.102462348218379018e-01
1.102827392108116644e-01
1.103192556870047081e-01
1.103557842544193035e-01
1.103923249170590676e-01
1.104288776789289217e-01
1.104654425440351334e-01
1.105020195163852886e-01
1.105386085999882778e-01
1.105752097988543792e-01
1.106118231169951477e-01
1.106484485584234706e-01
1.106850861271535674e-01
1.107217358272010177e-01
1.107583976625826916e-01
1.107950716373167915e-01
1.108317577554228800e-01
1.108684560209218239e-01
1.109051664378358226e-01
1.109418890101884353e-01
1.109786237420045119e-01
1.110153706373102622e-01
1.110521297001332286e-01
1.110889009345022577e-01
1.111256843444475839e-01
1.111624799340007463e-01
1.111992877071946162e-01
1.112361076680633831e-01
1.112729398206426107e-01
1.113097841689691669e-01
1.113466407170812800e-01
1.113835094690185101e-01
1.114203904288217223e-01
1.114572836005331413e-01
1.114941889881963938e-01
1.115311065958563552e-01
1.115680364275592612e-01
1.116049784873527073e-01
1.116419327792856353e-01
1.116788993074082914e-01
1.117158780757722819e-01
1.117528690884305870e-01
1.117898723494374635e-01
1.118268878628485702e-01
1.118639156327208839e-01
1.119009556631127139e-01
1.119380079580837295e-01
1.119750725216949461e-01
1.120121493580086836e-01
1.120492384710886913e-01
1.120863398649999954e-01
1.121234535438089819e-01
1.121605795115833970e-01
1.121977177723923053e-01
1.122348683303061589e-01
1.122720311893967149e-01
1.123092063537371316e-01
1.123463938274018442e-01
1.123835936144666897e-01
1.124208057190088789e-01
1.124580301451068992e-01
1.124952668968406400e-01
1.125325159782913365e-01
1.125697773935415424e-01
1.126070511466751994e-01
1.126443372417775812e-01
1.126816356829353355e-01
1.127189464742364422e-01
1.127562696197702413e-01
1.127936051236274329e-01
1.128309529899000629e-01
1.128683132226815239e-01
1.129056858260665958e-01
1.129430708041513909e-01
1.129804681610333400e-01
1.130178779008113310e-01
1.130553000275855285e-01
1.130927345454574851e-01
1.131301814585300852e-01
1.131676407709075877e-01
1.132051124866956249e-01
1.132425966100011616e-01
1.132800931449325504e-01
1.133176020955994623e-01
1.133551234661129975e-01
1.133926572605855609e-01
1.134302034831309314e-01
1.134677621378642476e-01
1.135053332289020223e-01
1.135429167603621281e-01
1.135805127363638117e-01
1.136181211610276381e-01
1.136557420384755879e-01
1.136933753728310015e-01
1.137310211682185518e-01
1.137686794287642994e-01
1.138063501585956649e-01
1.138440333618414568e-01
1.138817290426318296e-01
1.139194372050982562e-01
1.139571578533737084e-01
1.139948909915924208e-01
1.140326366238900158e-01
1.140703947544035035e-01
1.141081653872712404e-01
1.141459485266329704e-01
1.141837441766298117e-01
1.142215523414042561e-01
1.142593730251001000e-01
1.142972062318626525e-01
1.143350519658384717e-01
1.143729102311755313e-01
1.144107810320231788e-01
1.144486643725321356e-01
1.144865602568544832e-01
1.145244686891437047e-01
1.145623896735546293e-01
1.146003232142434880e-01
1.146382693153678856e-01
1.146762279810867591e-01
1.147141992155605028e-01
1.147521830229508016e-01
1.147901794074207837e-01
1.148281883731349373e-01
1.148662099242590828e-01
1.149042440649605257e-01
1.149422907994078480e-01
1.149803501317710613e-01
1.150184220662215512e-01
1.150565066069320769e-01
1.150946037580767856e-01
1.151327135238312122e-01
1.151708359083722377e-01
1.152089709158781589e-01
1.152471185505287016e-01
1.152852788165048825e-01
1.153234517179891616e-01
1.153616372591653727e-01
1.153998354442187235e-01
1.154380462773358096e-01
1.154762697627046281e-01
1.155145059045145500e-01
1.155527547069563343e-01
1.155910161742221276e-01
1.156292903105054781e-01
1.156675771200013081e-01
1.157058766069059136e-01
1.157441887754170201e-01
1.157825136297337271e-01
1.158208511740564661e-01
1.158592014125871816e-01
1.158975643495291086e-01
1.159359399890869113e-01
1.159743283354666282e-01
1.160127293928757269e-01
1.160511431655230075e-01
1.160895696576187408e-01
1.161280088733745164e-01
1.161664608170033530e-01
1.162049254927196851e-01
1.162434029047393347e-01
1.162818930572794840e-01
1.163203959545587307e-01
1.163589116007970742e-01
1.163974400002159293e-01
1.164359811570380571e-01
1.164745350754876896e-01
1.165131017597903773e-01
1.165516812141731279e-01
1.165902734428643367e-01
1.166288784500937870e-01
1.166674962400926635e-01
1.167061268170935667e-01
1.167447701853304709e-01
1.167834263490387658e-01
1.168220953124552847e-01
1.168607770798182066e-01
1.168994716553671404e-01
1.169381790433430823e-01
1.169768992479884445e-01
1.170156322735470406e-01
1.170543781242640996e-01
1.170931368043862525e-01
1.171319083181615178e-01
1.171706926698393159e-01
1.172094898636705379e-01
1.172482999039074214e-01
1.172871227948036194e-01
1.173259585406142141e-01
1.173648071455956760e-01
1.174036686140058905e-01
1.174425429501041590e-01
1.174814301581511983e-01
1.175203302424091129e-01
1.175592432071414506e-01
1.175981690566131332e-01
1.176371077950905397e-01
1.176760594268414228e-01
1.177150239561349510e-01
1.177540013872417218e-01
1.177929917244337626e-01
1.178319949719845022e-01
1.178710111341687572e-01
1.179100402152627874e-01
1.179490822195442684e-01
1.179881371512922772e-01
1.180272050147873064e-01
1.180662858143112920e-01
1.181053795541475715e-01
1.181444862385808564e-01
1.181836058718973986e-01
1.182227384583847407e-01
1.182618840023319240e-01
1.183010425080293637e-01
1.183402139797689046e-01
1.183793984218438483e-01
1.184185958385488707e-01
1.184578062341801047e-01
1.184970296130350847e-01
1.185362659794127749e-01
1.185755153376135684e-01
1.186147776919392605e-01
1.186540530466931170e-01
1.186933414061797643e-01
1.187326427747052854e-01
1.187719571565772486e-01
1.188112845561045544e-01
1.188506249775975743e-01
1.188899784253680952e-01
1.189293449037293338e-01
1.189687244169959496e-01
1.190081169694840180e-01
1.190475225655110436e-01
1.190869412093959606e-01
1.191263729054591047e-01
1.191658176580223383e-01
1.192052754714088419e-01
1.192447463499432952e-01
1.192842302979517793e-01
1.193237273197618326e-01
1.193632374197023810e-01
1.194027606021038357e-01
1.194422968712980093e-01
1.194818462316181856e-01
1.195214086873990222e-01
1.195609842429766617e-01
1.196005729026886760e-01
1.196401746708740527e-01
1.196797895518732363e-01
1.197194175500280733e-01
1.197590586696819226e-01
1.197987129151795171e-01
1.198383802908670331e-01
1.198780608010921178e-01
1.199177544502038201e-01
1.199574612425526460e-01
1.199971811824905588e-01
1.200369142743709233e-01
1.200766605225486033e-01
1.201164199313798087e-01
1.201561925052223312e-01
1.201959782484352951e-01
1.202357771653792956e-01
1.202755892604163851e-01
1.203154145379100592e-01
1.203552530022252293e-01
1.203951046577282913e-01
1.204349695087870709e-01
1.204748475597708229e-01
1.205147388150502874e-01
1.205546432789976197e-01
1.205945609559864323e-01
1.206344918503917812e-01
1.206744359665901795e-01
1.207143933089595833e-01
1.207543638818793785e-01
1.207943476897304913e-01
1.208343447368951801e-01
1.208743550277572160e-01
1.209143785667018134e-01
1.209544153581156301e-01
1.209944654063867808e-01
1.210345287159048377e-01
1.210746052910608300e-01
1.211146951362471885e-01
1.211547982558579262e-01
1.211949146542883743e-01
1.212350443359353908e-01
1.212751873051972767e-01
1.213153435664737767e-01
1.213555131241660923e-01
1.213956959826769100e-01
1.214358921464103319e-01
1.214761016197719729e-01
1.215163244071688492e-01
1.215565605130094762e-01
1.215968099417038123e-01
1.216370726976632732e-01
1.216773487853007457e-01
1.217176382090305875e-01
1.217579409732685441e-01
1.217982570824319710e-01
1.218385865409395419e-01
1.218789293532114709e-01
1.219192855236694156e-01
1.219596550567364907e-01
1.220000379568372678e-01
1.220404342283978177e-01
1.220808438758456405e-01
1.221212669036097070e-01
1.221617033161205151e-01
1.222021531178099502e-01
1.222426163131113824e-01
1.222830929064596811e-01
1.223235829022911725e-01
1.223640863050436262e-01
1.224046031191562967e-01
1.224451333490699373e-01
1.224856769992267169e-01
1.225262340740703310e-01
1.225668045780458904e-01
1.226073885156000465e-01
1.226479858911808385e-01
1.226885967092378599e-01
1.227292209742221196e-01
1.227698586905861117e-01
1.228105098627838565e-01
1.228511744952707901e-01
1.228918525925038335e-01
1.229325441589413925e-01
1.229732491990433579e-01
1.230139677172710638e-01
1.230546997180873847e-01
1.230954452059565829e-01
1.231362041853444611e-01
1.231769766607183347e-01
1.232177626365469209e-01
1.232585621173004353e-01
1.232993751074506067e-01
1.233402016114706207e-01
1.233810416338351479e-01
1.234218951790203300e-01
1.234627622515038076e-01
1.235036428557647059e-01
1.235445369962836076e-01
1.235854446775426080e-01
1.236263659040252594e-01
1.236673006802166408e-01
1.237082490106032745e-01
1.237492108996731816e-01
1.237901863519158402e-01
1.238311753718223107e-01
1.238721779638850412e-01
1.239131941325980063e-01
1.239542238824566517e-01
1.239952672179579496e-01
1.240363241436003156e-01
1.240773946638836778e-01
1.241184787833094494e-01
1.241595765063805007e-01
1.242006878376013118e-01
1.242418127814777229e-01
1.242829513425171145e-01
1.243241035252283522e-01
1.243652693341218279e-01
1.244064487737093772e-01
1.244476418485043479e-01
1.244888485630216146e-01
1.245300689217774814e-01
1.245713029292898205e-01
1.246125505900779612e-01
1.246538119086627178e-01
1.246950868895664172e-01
1.247363755373128991e-01
1.247776778564274741e-01
1.248189938514369379e-01
1.248603235268696682e-01
1.249016668872554581e-01
1.249430239371256274e-01
1.249843946810129808e-01
1.250257791234518634e-01
1.250671772689780636e-01
1.251085891221289381e-01
1.251500146874432728e-01
1.251914539694614636e-01
1.252329069727252386e-01
1.252743737017780468e-01
1.253158541611646415e-01
1.253573483554314416e-01
1.253988562891262537e-01
1.254403779667984387e-01
1.254819133929988562e-01
1.255234625722798647e-01
1.255650255091953771e-01
1.256066022083007772e-01
1.256481926741529198e-01
1.256897969113102143e-01
1.257314149243326240e-01
1.257730467177815004e-01
1.258146922962198044e-01
1.258563516642119962e-01
1.258980248263240342e-01
1.259397117871232930e-01
1.259814125511788674e-01
1.260231271230612127e-01
1.260648555073423382e-01
1.261065977085957246e-01
1.261483537313964343e-01
1.261901235803209731e-01
1.262319072599474845e-01
1.262737047748554997e-01
1.263155161296261042e-01
1.263573413288419378e-01
1.263991803770871114e-01
1.264410332789472624e-01
1.264829000390095826e-01
1.265247806618627346e-01
1.265666751520969358e-01
1.266085835143039295e-01
1.266505057530769029e-01
1.266924418730106805e-01
1.267343918787015022e-01
1.267763557747472181e-01
1.268183335657471211e-01
1.268603252563020867e-01
1.269023308510145165e-01
1.269443503544882557e-01
1.269863837713287313e-01
1.270284311061429527e-01
1.270704923635393446e-01
1.271125675481279416e-01
1.271546566645202769e-01
1.271967597173293552e-01
1.272388767111697905e-01
1.272810076506576960e-01
1.273231525404107389e-01
1.273653113850480301e-01
1.274074841891903176e-01
1.274496709574597930e-01
1.274918716944802299e-01
1.275340864048769285e-01
1.275763150932766876e-01
1.276185577643078606e-01
1.276608144226003549e-01
1.277030850727855493e-01
1.277453697194964599e-01
1.277876683673674907e-01
1.278299810210347387e-01
1.278723076851357165e-01
1.279146483643095189e-01
1.279570030631967947e-01
1.279993717864396641e-01
1.280417545386818567e-01
1.280841513245686292e-01
1.281265621487467365e-01
1.281689870158644884e-01
1.282114259305717485e-01
1.282538788975199073e-01
1.282963459213618818e-01
1.283388270067521986e-01
1.283813221583468278e-01
1.284238313808033494e-01
1.284663546787808419e-01
1.285088920569399662e-01
1.285514435199429095e-01
1.285940090724533857e-01
1.286365887191366908e-01
1.286791824646595916e-01
1.287217903136905206e-01
1.287644122708993533e-01
1.288070483409575473e-01
1.288496985285381147e-01
1.288923628383155662e-01
1.289350412749660502e-01
1.289777338431671860e-01
1.290204405475982030e-01
1.290631613929397736e-01
1.291058963838742357e-01
1.291486455250854537e-01
1.291914088212587908e-01
1.292341862770812200e-01
1.292769778972412409e-01
1.293197836864288797e-01
1.293626036493357168e-01
1.294054377906549702e-01
1.294482861150813291e-01
1.294911486273110646e-01
1.295340253320419743e-01
1.295769162339734659e-01
1.296198213378064457e-01
1.296627406482434297e-01
1.297056741699884330e-01
1.297486219077470804e-01
1.297915838662265231e-01
1.298345600501354669e-01
1.298775504641842549e-01
1.299205551130846459e-01
1.299635740015500918e-01
1.300066071342955432e-01
1.300496545160375050e-01
1.300927161514940922e-01
1.301357920453849182e-01
1.301788822024311509e-01
1.302219866273556792e-01
1.302651053248827517e-01
1.303082382997382827e-01
1.303513855566497681e-01
1.303945471003461754e-01
1.304377229355581647e-01
1.304809130670178396e-01
1.305241174994589970e-01
1.305673362376168767e-01
1.306105692862283840e-01
1.306538166500318954e-01
1.306970783337674802e-01
1.307403543421766789e-01
1.307836446800026142e-01
1.308269493519900184e-01
1.308702683628851504e-01
1.309136017174359068e-01
1.309569494203916828e-01
1.310003114765035115e-01
1.310436878905239244e-01
1.310870786672070631e-01
1.311304838113086790e-01
1.311739033275860500e-01
1.312173372207980637e-01
1.312607854957051345e-01
1.313042481570693143e-01
1.313477252096541814e-01
1.313912166582249241e-01
1.314347225075483128e-01
1.314782427623926442e-01
1.315217774275278528e-01
1.315653265077253720e-01
1.316088900077583834e-01
1.316524679324014568e-01
1.316960602864308549e-01
1.317396670746243670e-01
1.317832883017614198e-01
1.318269239726229392e-01
1.318705740919915437e-01
1.319142386646513510e-01
1.319579176953880884e-01
1.320016111889890931e-01
1.320453191502432289e-01
1.320890415839409970e-01
1.321327784948744533e-01
1.321765298878372630e-01
1.322202957676247015e-01
1.322640761390335429e-01
1.323078710068622543e-01
1.323516803759108296e-01
1.323955042509808444e-01
1.324393426368755400e-01
1.324831955383996562e-01
1.325270629603595707e-01
1.325709449075632429e-01
1.326148413848202423e-01
1.326587523969416371e-01
1.327026779487402997e-01
1.327466180450304900e-01
1.327905726906281336e-01
1.328345418903507380e-01
1.328785256490174482e-01
1.329225239714489915e-01
1.329665368624676214e-01
1.330105643268972848e-01
1.330546063695634551e-01
1.330986629952932709e-01
1.331427342089153976e-01
1.331868200152601656e-01
1.332309204191594321e-01
1.332750354254466918e-01
1.333191650389570770e-01
1.333633092645272744e-01
1.334074681069955803e-01
1.334516415712019011e-01
1.334958296619876972e-01
1.335400323841961501e-01
1.335842497426719400e-01
1.336284817422613569e-01
1.336727283878123562e-01
1.337169896841744476e-01
1.337612656361987229e-01
1.338055562487379946e-01
1.338498615266465741e-01
1.338941814747803827e-01
1.339385160979970346e-01
1.339828654011556708e-01
1.340272293891170419e-01
1.340716080667435639e-01
1.341160014388992350e-01
1.341604095104496630e-01
1.342048322862620380e-01
1.342492697712052152e-01
1.342937219701496321e-01
1.343381888879673358e-01
1.343826705295319834e-01
1.344271668997188696e-01
1.344716780034048986e-01
1.345162038454685849e-01
1.345607444307900247e-01
1.346052997642509241e-01
1.346498698507347658e-01
1.346944546951264199e-01
1.347390543023125331e-01
1.347836686771812786e-01
1.348282978246224950e-01
1.348729417495276028e-01
1.349176004567897436e-01
1.349622739513035574e-01
1.350069622379653500e-01
1.350516653216730645e-01
1.350963832073262538e-01
1.351411158998261086e-01
1.351858634040753737e-01
1.352306257249785149e-01
1.352754028674415521e-01
1.353201948363721430e-01
1.353650016366796105e-01
1.354098232732748874e-01
1.354546597510704886e-01
1.354995110749805665e-01
1.355443772499209665e-01
1.355892582808090885e-01
1.356341541725639976e-01
1.356790649301063689e-01
1.357239905583584871e-01
1.357689310622443857e-01
1.358138864466895412e-01
1.358588567166212346e-01
1.359038418769682455e-01
1.359488419326610742e-01
1.359938568886317478e-01
1.360388867498141252e-01
1.360839315211434808e-01
1.361289912075568653e-01
1.361740658139928839e-01
1.362191553453918347e-01
1.362642598066955701e-01
1.363093792028476914e-01
1.363545135387933815e-01
1.363996628194794059e-01
1.364448270498542504e-01
1.364900062348680110e-01
1.365352003794724212e-01
1.365804094886208520e-01
1.366256335672683120e-01
1.366708726203714475e-01
1.367161266528885699e-01
1.367613956697796285e-01
1.368066796760061821e-01
1.368519786765313995e-01
1.368972926763202536e-01
1.369426216803391883e-01
1.369879656935563683e-01
1.370333247209416239e-01
1.370786987674663393e-01
1.371240878381036199e-01
1.371694919378282362e-01
1.372149110716165687e-01
1.372603452444466354e-01
1.373057944612981196e-01
1.373512587271523422e-01
1.373967380469922894e-01
1.374422324258026129e-01
1.374877418685695463e-01
1.375332663802810440e-01
1.375788059659266704e-01
1.376243606304977107e-01
1.376699303789869766e-01
1.377155152163890839e-01
1.377611151477001750e-01
1.378067301779181131e-01
1.378523603120423990e-01
1.378980055550741712e-01
1.379436659120162889e-01
1.379893413878731656e-01
1.380350319876509912e-01
1.380807377163575378e-01
1.381264585790022148e-01
1.381721945805961527e-01
1.382179457261521194e-01
1.382637120206844927e-01
1.383094934692093714e-01
1.383552900767445193e-01
1.384011018483093380e-01
1.384469287889248945e-01
1.384927709036139210e-01
1.385386281974007872e-01
1.385845006753115560e-01
1.386303883423739280e-01
1.386762912036173523e-01
1.387222092640728044e-01
1.387681425287730363e-01
1.388140910027524377e-01
1.388600546910470634e-01
1.389060335986945782e-01
1.389520277307344231e-01
1.389980370922075936e-01
1.390440616881568892e-01
1.390901015236266358e-01
1.391361566036628805e-01
1.391822269333134465e-01
1.392283125176276837e-01
1.392744133616566904e-01
1.393205294704531749e-01
1.393666608490715941e-01
1.394128075025680147e-01
1.394589694360001964e-01
1.395051466544276753e-01
1.395513391629114863e-01
1.395975469665144408e-01
1.396437700703010154e-01
1.396900084793373797e-01
1.397362621986913134e-01
1.397825312334323722e-01
1.398288155886316941e-01
1.398751152693621935e-01
1.399214302806983390e-01
1.399677606277164310e-01
1.400141063154943244e-01
1.400604673491116225e-01
1.401068437336495942e-01
1.401532354741911734e-01
1.401996425758209874e-01
1.402460650436253564e-01
1.402925028826922660e-01
1.403389560981114503e-01
1.403854246949742535e-01
1.404319086783737403e-01
1.404784080534046409e-01
1.405249228251633509e-01
1.405714529987480421e-01
1.406179985792584686e-01
1.406645595717961883e-01
1.407111359814643137e-01
1.407577278133677889e-01
1.408043350726131127e-01
1.408509577643085597e-01
1.408975958935640982e-01
1.409442494654913336e-01
1.409909184852036201e-01
1.410376029578159496e-01
1.410843028884450623e-01
1.411310182822093362e-01
1.411777491442289256e-01
1.412244954796255947e-01
1.412712572935228561e-01
1.413180345910458879e-01
1.413648273773216169e-01
1.414116356574785793e-01
1.414584594366470882e-01
1.415052987199590939e-01
1.415521535125483510e-01
1.415990238195501683e-01
1.416459096461016864e-01
1.416928109973416838e-01
1.417397278784106041e-01
1.417866602944506393e-01
1.418336082506057305e-01
1.418805717520214560e-01
1.419275508038451150e-01
1.419745454112256722e-01
1.420215555793138684e-01
1.420685813132621100e-01
1.421156226182245241e-01
1.421626794993569032e-01
1.422097519618168160e-01
1.422568400107634967e-01
1.423039436513578726e-01
1.423510628887626195e-01
1.423981977281421341e-01
1.424453481746624228e-01
1.424925142334913242e-01
1.425396959097983418e-01
1.425868932087546448e-01
1.426341061355331785e-01
1.426813346953085537e-01
1.427285788932571853e-01
1.427758387345570978e-01
1.428231142243880647e-01
1.428704053679315800e-01
1.429177121703708586e-01
1.429650346368907810e-01
1.430123727726780869e-01
1.430597265829210429e-01
1.431070960728097752e-01
1.431544812475360751e-01
1.432018821122934271e-01
1.432492986722770922e-01
1.432967309326840244e-01
1.433441788987128984e-01
1.433916425755640822e-01
1.434391219684397201e-01
1.434866170825436493e-01
1.435341279230814282e-01
1.435816544952603635e-01
1.436291968042894274e-01
1.436767548553793961e-01
1.437243286537427389e-01
1.437719182045935906e-01
1.438195235131479177e-01
1.438671445846232966e-01
1.439147814242391632e-01
1.439624340372166189e-01
1.440101024287784304e-01
1.440577866041492239e-01
1.441054865685552355e-01
1.441532023272244500e-01
1.442009338853866840e-01
1.442486812482734193e-01
1.442964444211178032e-01
1.443442234091548426e-01
1.443920182176211819e-01
1.444398288517552420e-01
1.444876553167971367e-01
1.445354976179887840e-01
1.445833557605738229e-01
1.446312297497975297e-01
1.446791195909070682e-01
1.447270252891512121e-01
1.447749468497805669e-01
1.448228842780474035e-01
1.448708375792057690e-01
1.449188067585114870e-01
1.449667918212220186e-01
1.450147927725966568e-01
1.450628096178963877e-01
1.451108423623840016e-01
1.451588910113239816e-01
1.452069555699825321e-01
1.452550360436276333e-01
1.453031324375290145e-01
1.453512447569580979e-01
1.453993730071881929e-01
1.454475171934941635e-01
1.454956773211527887e-01
1.455438533954424574e-01
1.455920454216433901e-01
1.456402534050375286e-01
1.456884773509085906e-01
1.457367172645419873e-01
1.457849731512249336e-01
1.458332450162463934e-01
1.458815328648970233e-01
1.459298367024693122e-01
1.459781565342574416e-01
1.460264923655573699e-01
1.460748442016668036e-01
1.461232120478851981e-01
1.461715959095137851e-01
1.462199957918555171e-01
1.462684117002151230e-01
1.463168436398991357e-01
1.463652916162157536e-01
1.464137556344749791e-01
1.464622356999885910e-01
1.465107318180700890e-01
1.465592439940347214e-01
1.466077722331995681e-01
1.466563165408834302e-01
1.467048769224068572e-01
1.467534533830921473e-01
1.468020459282634027e-01
1.468506545632464466e-01
1.468992792933689062e-01
1.469479201239601573e-01
1.469965770603513244e-01
1.470452501078753083e-01
1.470939392718667582e-01
1.471426445576621556e-01
1.471913659705997024e-01
1.472401035160193217e-01
1.472888571992627682e-01
1.473376270256735454e-01
1.473864130005969331e-01
1.474352151293799873e-01
1.474840334173714851e-01
1.475328678699220630e-01
1.475817184923840786e-01
1.476305852901116378e-01
1.476794682684606508e-01
1.477283674327887764e-01
1.477772827884555051e-01
1.478262143408219653e-01
1.478751620952513113e-01
1.479241260571081962e-01
1.479731062317592438e-01
1.480221026245727711e-01
1.480711152409188436e-01
1.481201440861693863e-01
1.481691891656980453e-01
1.482182504848802707e-01
1.482673280490932610e-01
1.483164218637160747e-01
1.483655319341294632e-01
1.484146582657159819e-01
1.484638008638599904e-01
1.485129597339476526e-01
1.485621348813668252e-01
1.486113263115072525e-01
1.486605340297603994e-01
1.487097580415194797e-01
1.487589983521796777e-01
1.488082549671377319e-01
1.488575278917923239e-01
1.489068171315438560e-01
1.489561226917945069e-01
1.490054445779482872e-01
1.490547827954109283e-01
1.491041373495901046e-01
1.491535082458951278e-01
1.492028954897371418e-01
1.492522990865290944e-01
1.493017190416857376e-01
1.493511553606235998e-01
1.494006080487609855e-01
1.494500771115180315e-01
1.494995625543166506e-01
1.495490643825805321e-01
1.495985826017351972e-01
1.496481172172079710e-01
1.496976682344278997e-01
1.497472356588258890e-01
1.497968194958346488e-01
1.498464197508886930e-01
1.498960364294242564e-01
1.499456695368794890e-01
1.499953190786942059e-01
1.500449850603101931e-01
1.500946674871709019e-01
1.501443663647216431e-01
1.501940816984095040e-01
1.502438134936834035e-01
1.502935617559939818e-01
1.503433264907938494e-01
1.503931077035373098e-01
1.504429053996804433e-01
1.504927195846812171e-01
1.505425502639993751e-01
1.505923974430964374e-01
1.506422611274357559e-01
1.506921413224825146e-01
1.507420380337036736e-01
1.507919512665680251e-01
1.508418810265461651e-01
1.508918273191105219e-01
1.509417901497352443e-01
1.509917695238964519e-01
1.510417654470719295e-01
1.510917779247413495e-01
1.511418069623861604e-01
1.511918525654897261e-01
1.512419147395370200e-01
1.512919934900150976e-01
1.513420888224126237e-01
1.513922007422201788e-01
1.514423292549300915e-01
1.514924743660366058e-01
1.515426360810356865e-01
1.515928144054251858e-01
1.516430093447047600e-01
1.516932209043758695e-01
1.517434490899418065e-01
1.517936939069076951e-01
1.518439553607804360e-01
1.518942334570688446e-01
1.519445282012834575e-01
1.519948395989367262e-01
1.520451676555428233e-01
1.520955123766178918e-01
1.521458737676797401e-01
1.521962518342481474e-01
1.522466465818446135e-01
1.522970580159925258e-01
1.523474861422170479e-01
1.523979309660452586e-01
1.524483924930060130e-01
1.524988707286299150e-01
1.525493656784496221e-01
1.525998773479994020e-01
1.526504057428154371e-01
1.527009508684357697e-01
1.527515127304002740e-01
1.528020913342505449e-01
1.528526866855302035e-01
1.529032987897845641e-01
1.529539276525608282e-01
1.530045732794080293e-01
1.530552356758770050e-01
1.531059148475204801e-01
1.531566107998930115e-01
1.532073235385509880e-01
1.532580530690525744e-01
1.533087993969579066e-01
1.533595625278288133e-01
1.534103424672291216e-01
1.534611392207243519e-01
1.535119527938819672e-01
1.535627831922712350e-01
1.536136304214632542e-01
1.536644944870310392e-01
1.537153753945493528e-01
1.537662731495948176e-01
1.538171877577460267e-01
1.538681192245832663e-01
1.539190675556887655e-01
1.539700327566465299e-01
1.540210148330424800e-01
1.540720137904643128e-01
1.541230296345016959e-01
1.541740623707460178e-01
1.542251120047906099e-01
1.542761785422305798e-01
1.543272619886629504e-01
1.543783623496865764e-01
1.544294796309021445e-01
1.544806138379122562e-01
1.545317649763212620e-01
1.545829330517355105e-01
1.546341180697630713e-01
1.546853200360139291e-01
1.547365389560999838e-01
1.547877748356348837e-01
1.548390276802341925e-01
1.548902974955153611e-01
1.549415842870976445e-01
1.549928880606021853e-01
1.550442088216519576e-01
1.550955465758718788e-01
1.551469013288886700e-01
1.551982730863308846e-01
1.552496618538289630e-01
1.553010676370152887e-01
1.553524904415239383e-01
1.554039302729910699e-01
1.554553871370545626e-01
1.555068610393541551e-01
1.555583519855315289e-01
1.556098599812302252e-01
1.556613850320955617e-01
1.557129271437748541e-01
1.557644863219171671e-01
1.558160625721735637e-01
1.558676559001968553e-01
1.559192663116417965e-01
1.559708938121649735e-01
1.560225384074249155e-01
1.560742001030819559e-01
1.561258789047983153e-01
1.561775748182381018e-01
1.562292878490672832e-01
1.562810180029537699e-01
1.563327652855671934e-01
1.563845297025792669e-01
1.564363112596634520e-01
1.564881099624950977e-01
1.565399258167514407e-01
1.565917588281116601e-01
1.566436090022566563e-01
1.566954763448694388e-01
1.567473608616347103e-01
1.567992625582391719e-01
1.568511814403713012e-01
1.569031175137215184e-01
1.569550707839821868e-01
1.570070412568474183e-01
1.570590289380133509e-01
1.571110338331778988e-01
1.571630559480409195e-01
1.572150952883041297e-01
1.572671518596711893e-01
1.573192256678475898e-01
1.573713167185407102e-01
1.574234250174598726e-01
1.574755505703162306e-01
1.575276933828228809e-01
1.575798534606947243e-01
1.576320308096486600e-01
1.576842254354034467e-01
1.577364373436797029e-01
1.577886665401999899e-01
1.578409130306887009e-01
1.578931768208721720e-01
1.579454579164786265e-01
1.579977563232381754e-01
1.580500720468828446e-01
1.581024050931465752e-01
1.581547554677651124e-01
1.582071231764762276e-01
1.582595082250194962e-01
1.583119106191364645e-01
1.583643303645704825e-01
1.584167674670669268e-01
1.584692219323729778e-01
1.585216937662377590e-01
1.585741829744123088e-01
1.586266895626495532e-01
1.586792135367042778e-01
1.587317549023332941e-01
1.587843136652952181e-01
1.588368898313505528e-01
1.588894834062618278e-01
1.589420943957933208e-01
1.589947228057114192e-01
1.590473686417842314e-01
1.591000319097818916e-01
1.591527126154763661e-01
1.592054107646415917e-01
1.592581263630533928e-01
1.593108594164894531e-01
1.593636099307295384e-01
1.594163779115551627e-01
1.594691633647498108e-01
1.595219662960988549e-01
1.595747867113896101e-01
1.596276246164113344e-01
1.596804800169551730e-01
1.597333529188141310e-01
1.597862433277832672e-01
1.598391512496594169e-01
1.598920766902414414e-01
1.599450196553300618e-01
1.599979801507279420e-01
1.600509581822396610e-01
1.601039537556717129e-01
1.601569668768325350e-01
1.602099975515324792e-01
1.602630457855838408e-01
1.603161115848007190e-01
1.603691949549993501e-01
1.604222959019977468e-01
1.604754144316158926e-01
1.605285505496756582e-01
1.605817042620008850e-01
1.606348755744173296e-01
1.606880644927526913e-01
1.607412710228366126e-01
1.607944951705005954e-01
1.608477369415781122e-01
1.609009963419046341e-01
1.609542733773174361e-01
1.610075680536558196e-01
1.610608803767610009e-01
1.611142103524761116e-01
1.611675579866462260e-01
1.612209232851183616e-01
1.612743062537414784e-01
1.613277068983664519e-01
1.613811252248460726e-01
1.614345612390351570e-01
1.614880149467903814e-01
1.615414863539703649e-01
1.615949754664357252e-01
1.616484822900488838e-01
1.617020068306744551e-01
1.617555490941787188e-01
1.618091090864300918e-01
1.618626868132988228e-01
1.619162822806571311e-01
1.619698954943792069e-01
1.620235264603411829e-01
1.620771751844211350e-01
1.621308416724990542e-01
1.621845259304569020e-01
1.622382279641785829e-01
1.622919477795499721e-01
1.623456853824588597e-01
1.623994407787950067e-01
1.624532139744500892e-01
1.625070049753177814e-01
1.625608137872937009e-01
1.626146404162754078e-01
1.626684848681623774e-01
1.627223471488561113e-01
1.627762272642600261e-01
1.628301252202794536e-01
1.628840410228217794e-01
1.629379746777962767e-01
1.629919261911141060e-01
1.630458955686885647e-01
1.630998828164348102e-01
1.631538879402699149e-01
1.632079109461129496e-01
1.632619518398849834e-01
1.633160106275089452e-01
1.633700873149099009e-01
1.634241819080146652e-01
1.634782944127521898e-01
1.635324248350532861e-01
1.635865731808507639e-01
1.636407394560793760e-01
1.636949236666759011e-01
1.637491258185790333e-01
1.638033459177294093e-01
1.638575839700696923e-01
1.639118399815444604e-01
1.639661139581003180e-01
1.640204059056858121e-01
1.640747158302514330e-01
1.641290437377496414e-01
1.641833896341349242e-01
1.642377535253637111e-01
1.642921354173943749e-01
1.643465353161872311e-01
1.644009532277047325e-01
1.644553891579111637e-01
1.645098431127727800e-01
1.645643150982578906e-01
1.646188051203367197e-01
1.646733131849814347e-01
1.647278392981663120e-01
1.647823834658675157e-01
1.648369456940632083e-01
1.648915259887334672e-01
1.649461243558604517e-01
1.650007408014282639e-01
1.650553753314229488e-01
1.651100279518326053e-01
1.651646986686472196e-01
1.652193874878588598e-01
1.652740944154615366e-01
1.653288194574512038e-01
1.653835626198258968e-01
1.654383239085855384e-01
1.654931033297320775e-01
1.655479008892694892e-01
1.656027165932036638e-01
1.656575504475425731e-01
1.657124024582959931e-01
1.657672726314759759e-01
1.658221609730963497e-01
1.658770674891729691e-01
1.659319921857237423e-01
1.659869350687684930e-01
1.660418961443290431e-01
1.660968754184293239e-01
1.661518728970951542e-01
1.662068885863543510e-01
1.662619224922367855e-01
1.663169746207742439e-01
1.663720449780005939e-01
1.664271335699516186e-01
1.664822404026651825e-01
1.665373654821810934e-01
1.665925088145411570e-01
1.666476704057892333e-01
1.667028502619711527e-01
1.667580483891347165e-01
1.668132647933297519e-01
1.668684994806080846e-01
1.669237524570235942e-01
1.669790237286321033e-01
1.670343133014914327e-01
1.670896211816614296e-01
1.671449473752040227e-01
1.672002918881830280e-01
1.672556547266643434e-01
1.673110358967158373e-01
1.673664354044074043e-01
1.674218532558108818e-01
1.674772894570003001e-01
1.675327440140515489e-01
1.675882169330425164e-01
1.676437082200531725e-01
1.676992178811655132e-01
1.677547459224634496e-01
1.678102923500330301e-01
1.678658571699622182e-01
1.679214403883410589e-01
1.679770420112615958e-01
1.680326620448178709e-01
1.680883004951059245e-01
1.681439573682239064e-01
1.681996326702718814e-01
1.682553264073519961e-01
1.683110385855684232e-01
1.683667692110272784e-01
1.684225182898368145e-01
1.684782858281071716e-01
1.685340718319506548e-01
1.685898763074815399e-01
1.686456992608160732e-01
1.687015406980725829e-01
1.687574006253714232e-01
1.688132790488349189e-01
1.688691759745874210e-01
1.689250914087554734e-01
1.689810253574674792e-01
1.690369778268538681e-01
1.690929488230472066e-01
1.691489383521820045e-01
1.692049464203948250e-01
1.692609730338242580e-01
1.693170181986109746e-01
1.693730819208976446e-01
1.694291642068289361e-01
1.694852650625515988e-01
1.695413844942144088e-01
1.695975225079681403e-01
1.696536791099657049e-01
1.697098543063619291e-01
1.697660481033137492e-01
1.698222605069801272e-01
1.698784915235219961e-01
1.699347411591025092e-01
1.699910094198866795e-01
1.700472963120416570e-01
1.701036018417365625e-01
1.701599260151425985e-01
1.702162688384330491e-01
1.702726303177831690e-01
1.703290104593703225e-01
1.703854092693738997e-01
1.704418267539752896e-01
1.704982629193580179e-01
1.705547177717075535e-01
1.706111913172115024e-01
1.706676835620594690e-01
1.707241945124431115e-01
1.707807241745561977e-01
1.708372725545944104e-01
1.708938396587556530e-01
1.709504254932397715e-01
1.710070300642486663e-01
1.710636533779863189e-01
1.711202954406588206e-01
1.711769562584742055e-01
1.712336358376426171e-01
1.712903341843762806e-01
1.713470513048894195e-01
1.714037872053983946e-01
1.714605418921215652e-01
1.715173153712793719e-01
1.715741076490942818e-01
1.716309187317908713e-01
1.716877486255956875e-01
1.717445973367374978e-01
1.718014648714470127e-01
1.718583512359569965e-01
1.719152564365023783e-01
1.719721804793200304e-01
1.720291233706489620e-01
1.720860851167302363e-01
1.721430657238069983e-01
1.722000651981243913e-01
1.722570835459297511e-01
1.723141207734723290e-01
1.723711768870035965e-01
1.724282518927769681e-01
1.724853457970480231e-01
1.725424586060743393e-01
1.725995903261156039e-01
1.726567409634336137e-01
1.727139105242921635e-01
1.727710990149571024e-01
1.728283064416965276e-01
1.728855328107804235e-01
1.729427781284809396e-01
1.730000424010722793e-01
1.730573256348307276e-01
1.731146278360345958e-01
1.731719490109644155e-01
1.732292891659026335e-01
1.732866483071339170e-01
1.733440264409449039e-01
1.734014235736243414e-01
1.734588397114631420e-01
1.735162748607541605e-01
1.735737290277924449e-01
1.736312022188750970e-01
1.736886944403012722e-01
1.737462056983722913e-01
1.738037359993914455e-01
1.738612853496642185e-01
1.739188537554981207e-01
1.739764412232027713e-01
1.740340477590898993e-01
1.740916733694732876e-01
1.741493180606688007e-01
1.742069818389943847e-01
1.742646647107702340e-01
1.743223666823184304e-01
1.743800877599632482e-01
1.744378279500310158e-01
1.744955872588501988e-01
1.745533656927512889e-01
1.746111632580670259e-01
1.746689799611320926e-01
1.747268158082833089e-01
1.747846708058596044e-01
1.748425449602020176e-01
1.749004382776536692e-01
1.749583507645598168e-01
1.750162824272677442e-01
1.750742332721269279e-01
1.751322033054888427e-01
1.751901925337071841e-01
1.752482009631377013e-01
1.753062286001381698e-01
1.753642754510685853e-01
1.754223415222910254e-01
1.754804268201695938e-01
1.755385313510706147e-01
1.755966551213624660e-01
1.756547981374155243e-01
1.757129604056025529e-01
1.757711419322981750e-01
1.758293427238792062e-01
1.758875627867245994e-01
1.759458021272153894e-01
1.760040607517346367e-01
1.760623386666677614e-01
1.761206358784020709e-01
1.761789523933270929e-01
1.762372882178343814e-01
1.762956433583177107e-01
1.763540178211729093e-01
1.764124116127979425e-01
1.764708247395928853e-01
1.765292572079599775e-01
1.765877090243034853e-01
1.766461801950298671e-01
1.767046707265477190e-01
1.767631806252676907e-01
1.768217098976025969e-01
1.768802585499673619e-01
1.769388265887790468e-01
1.769974140204568502e-01
1.770560208514220524e-01
1.771146470880980706e-01
1.771732927369105148e-01
1.772319578042870492e-01
1.772906422966574747e-01
1.773493462204537297e-01
1.774080695821099174e-01
1.774668123880621673e-01
1.775255746447489125e-01
1.775843563586105844e-01
1.776431575360897797e-01
1.777019781836312040e-01
1.777608183076817561e-01
1.778196779146904438e-01
1.778785570111083569e-01
1.779374556033888055e-01
1.779963736979871813e-01
1.780553113013610689e-01
1.781142684199701065e-01
1.781732450602761253e-01
1.782322412287430935e-01
1.782912569318371165e-01
1.783502921760264648e-01
1.784093469677814903e-01
1.784684213135747100e-01
1.785275152198808613e-01
1.785866286931766522e-01
1.786457617399411502e-01
1.787049143666554207e-01
1.787640865798026946e-01
1.788232783858684227e-01
1.788824897913401102e-01
1.789417208027074546e-01
1.790009714264622631e-01
1.790602416690985910e-01
1.791195315371126029e-01
1.791788410370025175e-01
1.792381701752688017e-01
1.792975189584140872e-01
1.793568873929430874e-01
1.794162754853627362e-01
1.794756832421820492e-01
1.795351106699122901e-01
1.795945577750668043e-01
1.796540245641611300e-01
1.797135110437129424e-01
1.797730172202420817e-01
1.798325431002705532e-01
1.798920886903225269e-01
1.799516539969243101e-01
1.800112390266044027e-01
1.800708437858933864e-01
1.801304682813241465e-01
1.801901125194316500e-01
1.802497765067530011e-01
1.803094602498274968e-01
1.803691637551965987e-01
1.804288870294039615e-01
1.804886300789953213e-01
1.805483929105187180e-01
1.806081755305242453e-01
1.806679779455642176e-01
1.807278001621930863e-01
1.807876421869674954e-01
1.808475040264462541e-01
1.809073856871903641e-01
1.809672871757629642e-01
1.810272084987293861e-01
1.810871496626571542e-01
1.811471106741159021e-01
1.812070915396775117e-01
1.812670922659160022e-01
1.813271128594075854e-01
1.813871533267306380e-01
1.814472136744657293e-01
1.815072939091955939e-01
1.815673940375051032e-01
1.816275140659814324e-01
1.816876540012138663e-01
1.817478138497937989e-01
1.818079936183149559e-01
1.818681933133730888e-01
1.819284129415662532e-01
1.819886525094946139e-01
1.820489120237606118e-01
1.821091914909687692e-01
1.821694909177258570e-01
1.822298103106408385e-01
1.822901496763247864e-01
1.823505090213911051e-01
1.824108883524552249e-01
1.824712876761348801e-01
1.825317069990499974e-01
1.825921463278225854e-01
1.826526056690769839e-01
1.827130850294396425e-01
1.827735844155392309e-01
1.828341038340066116e-01
1.828946432914748121e-01
1.829552027945791082e-01
1.830157823499569680e-01
1.830763819642479973e-01
1.831370016440939941e-01
1.831976413961391437e-01
1.832583012270295741e-01
1.833189811434138006e-01
1.833796811519424197e-01
1.834404012592683042e-01
1.835011414720464362e-01
1.835619017969341848e-01
1.836226822405909731e-01
1.836834828096784167e-01
1.837443035108604350e-01
1.838051443508030847e-01
1.838660053361746427e-01
1.839268864736456066e-01
1.839877877698886943e-01
1.840487092315787887e-01
1.841096508653929931e-01
1.841706126780106867e-01
1.842315946761133860e-01
1.842925968663848557e-01
1.843536192555110531e-01
1.844146618501801838e-01
1.844757246570825904e-01
1.845368076829109472e-01
1.845979109343600377e-01
1.846590344181268661e-01
1.847201781409108234e-01
1.847813421094132991e-01
1.848425263303380139e-01
1.849037308103908817e-01
1.849649555562800363e-01
1.850262005747158045e-01
1.850874658724108446e-01
1.851487514560799241e-01
1.852100573324400867e-01
1.852713835082105687e-01
1.853327299901128544e-01
1.853940967848706212e-01
1.854554838992098220e-01
1.855168913398586306e-01
1.855783191135473853e-01
1.856397672270087562e-01
1.857012356869775227e-01
1.857627245001907956e-01
1.858242336733878786e-01
1.858857632133102955e-01
1.859473131267017909e-01
1.860088834203084129e-01
1.860704741008783747e-01
1.861320851751621097e-01
1.861937166499123275e-01
1.862553685318840135e-01
1.863170408278343460e-01
1.863787335445226956e-01
1.864404466887107092e-01
1.865021802671623374e-01
1.865639342866435846e-01
1.866257087539229531e-01
1.866875036757710271e-01
1.867493190589606111e-01
1.868111549102668412e-01
1.868730112364670459e-01
1.869348880443408023e-01
1.869967853406699354e-01
1.870587031322385185e-01
1.871206414258328732e-01
1.871826002282415968e-01
1.872445795462554519e-01
1.873065793866675321e-01
1.873685997562731242e-01
1.874306406618698462e-01
1.874927021102574531e-01
1.875547841082380318e-01
1.876168866626158893e-01
1.876790097801976087e-01
1.877411534677919658e-01
1.878033177322101510e-01
1.878655025802654088e-01
1.879277080187733429e-01
1.879899340545518327e-01
1.880521806944209506e-01
1.881144479452030172e-01
1.881767358137227397e-01
1.882390443068069630e-01
1.883013734312848075e-01
1.883637231939877255e-01
1.884260936017493338e-01
1.884884846614055809e-01
1.885508963797946635e-01
1.886133287637570266e-01
1.886757818201353631e-01
1.887382555557746977e-01
1.888007499775223030e-01
1.888632650922276168e-01
1.889258009067425192e-01
1.889883574279209999e-01
1.890509346626194076e-01
1.891135326176963394e-01
1.891761513000126682e-01
1.892387907164315430e-01
1.893014508738182777e-01
1.893641317790407119e-01
1.894268334389687114e-01
1.894895558604745289e-01
1.895522990504326932e-01
1.896150630157199535e-01
1.896778477632153348e-01
1.897406532998002771e-01
1.898034796323583573e-01
1.898663267677754563e-01
1.899291947129397862e-01
1.899920834747417797e-01
1.900549930600741455e-01
1.901179234758319792e-01
1.901808747289125134e-01
1.902438468262153959e-01
1.903068397746424389e-01
1.903698535810978698e-01
1.904328882524881084e-01
1.904959437957218504e-01
1.905590202177101511e-01
1.906221175253663136e-01
1.906852357256059449e-01
1.907483748253469280e-01
1.908115348315094217e-01
1.908747157510158332e-01
1.909379175907910675e-01
1.910011403577621114e-01
1.910643840588583109e-01
1.911276487010112879e-01
1.911909342911550236e-01
1.912542408362257196e-01
1.913175683431618535e-01
1.913809168189043730e-01
1.914442862703963355e-01
1.915076767045831574e-01
1.915710881284125866e-01
1.916345205488346470e-01
1.916979739728016663e-01
1.917614484072682479e-01
1.918249438591913270e-01
1.918884603355301699e-01
1.919519978432462914e-01
1.920155563893035378e-01
1.920791359806680587e-01
1.921427366243083357e-01
1.922063583271950704e-01
1.922700010963014072e-01
1.923336649386026831e-01
1.923973498610765942e-01
1.924610558707030850e-01
1.925247829744645978e-01
1.925885311793456567e-01
1.926523004923332560e-01
1.927160909204166106e-01
1.927799024705873221e-01
1.928437351498392127e-01
1.929075889651684639e-01
1.929714639235736717e-01
1.930353600320556251e-01
1.930992772976174721e-01
1.931632157272646921e-01
1.932271753280050408e-01
1.932911561068486606e-01
1.933551580708079420e-01
1.934191812268976352e-01
1.934832255821348490e-01
1.935472911435389687e-01
1.936113779181316830e-01
1.936754859129370399e-01
1.937396151349814466e-01
1.938037655912935864e-01
1.938679372889044739e-01
1.939321302348474829e-01
1.939963444361582356e-01
1.940605798998748244e-01
1.941248366330374786e-01
1.941891146426889814e-01
1.942534139358743361e-01
1.943177345196408223e-01
1.943820764010381341e-01
1.944464395871182694e-01
1.945108240849355019e-01
1.945752299015466591e-01
1.946396570440106777e-01
1.947041055193888814e-01
1.947685753347449811e-01
1.948330664971449910e-01
1.948975790136573127e-01
1.949621128913526236e-01
1.950266681373039601e-01
1.950912447585867460e-01
1.951558427622786807e-01
1.952204621554598785e-01
1.952851029452127296e-01
1.953497651386220113e-01
1.954144487427748322e-01
1.954791537647606603e-01
1.955438802116712671e-01
1.956086280906008668e-01
1.956733974086458938e-01
1.957381881729052253e-01
1.958030003904800975e-01
1.958678340684740504e-01
1.959326892139929832e-01
1.959975658341451821e-01
1.960624639360412091e-01
1.961273835267940135e-01
1.961923246135190146e-01
1.962572872033338245e-01
1.963222713033585254e-01
1.963872769207154478e-01
1.964523040625293926e-01
1.965173527359274641e-01
1.965824229480390983e-01
1.966475147059961737e-01
1.967126280169328445e-01
1.967777628879857077e-01
1.968429193262936361e-01
1.969080973389979450e-01
1.969732969332422534e-01
1.970385181161725952e-01
1.971037608949373632e-01
1.971690252766872542e-01
1.972343112685754074e-01
1.972996188777573212e-01
1.973649481113907700e-01
1.974302989766360816e-01
1.974956714806558322e-01
1.975610656306149293e-01
1.976264814336807230e-01
1.976919188970229502e-01
1.977573780278136240e-01
1.978228588332273108e-01
1.978883613204407976e-01
1.979538854966332584e-01
1.980194313689863372e-01
1.980849989446839543e-01
1.981505882309124444e-01
1.982161992348605850e-01
1.982818319637194571e-01
1.983474864246825009e-01
1.984131626249456548e-01
1.984788605717071053e-01
1.985445802721675368e-01
1.986103217335299098e-01
1.986760849629996828e-01
1.987418699677846179e-01
1.988076767550948643e-01
1.988735053321430413e-01
1.989393557061440443e-01
1.990052278843152112e-01
1.990711218738763222e-01
1.991370376820494614e-01
1.992029753160591554e-01
1.992689347831323177e-01
1.993349160904981932e-01
1.994009192453884693e-01
1.994669442550373317e-01
1.995329911266811584e-01
1.995990598675588812e-01
1.996651504849117353e-01
1.997312629859834265e-01
1.997973973780199919e-01
1.998635536682699110e-01
1.999297318639840504e-01
1.999959319724156637e-01
2.000621540008204469e-01
2.001283979564564830e-01
2.001946638465842143e-01
2.002609516784665256e-01
2.003272614593687162e-01
2.003935931965584727e-01
2.004599468973058962e-01
2.005263225688835027e-01
2.005927202185661673e-01
2.006591398536311799e-01
2.007255814813583839e-01
2.007920451090298708e-01
2.008585307439301748e-01
2.009250383933462725e-01
2.009915680645675551e-01
2.010581197648857454e-01
2.011246935015951476e-01
2.011912892819923415e-01
2.012579071133763498e-01
2.013245470030486373e-01
2.013912089583130838e-01
2.014578929864759838e-01
2.015245990948460186e-01
2.015913272907343401e-01
2.016580775814544868e-01
2.017248499743224399e-01
2.017916444766565676e-01
2.018584610957777359e-01
2.019252998390091425e-01
2.019921607136764830e-01
2.020590437271078121e-01
2.021259488866337106e-01
2.021928761995870349e-01
2.022598256733032507e-01
2.023267973151200438e-01
2.023937911323777927e-01
2.024608071324190683e-01
2.025278453225889952e-01
2.025949057102351125e-01
2.026619883027073188e-01
2.027290931073580105e-01
2.027962201315421098e-01
2.028633693826168150e-01
2.029305408679418221e-01
2.029977345948792700e-01
2.030649505707937397e-01
2.031321888030522271e-01
2.031994492990241985e-01
2.032667320660815624e-01
2.033340371115986145e-01
2.034013644429521206e-01
2.034687140675213446e-01
2.035360859926879096e-01
2.036034802258359644e-01
2.036708967743519894e-01
2.037383356456250183e-01
2.038057968470465275e-01
2.038732803860103249e-01
2.039407862699128271e-01
2.040083145061526992e-01
2.040758651021313264e-01
2.041434380652523417e-01
2.042110334029218766e-01
2.042786511225485324e-01
2.043462912315432978e-01
2.044139537373197424e-01
2.044816386472937397e-01
2.045493459688838001e-01
2.046170757095107096e-01
2.046848278765978357e-01
2.047526024775709330e-01
2.048203995198582261e-01
2.048882190108904655e-01
2.049560609581007609e-01
2.050239253689247199e-01
2.050918122508004759e-01
2.051597216111685495e-01
2.052276534574719313e-01
2.052956077971561100e-01
2.053635846376690166e-01
2.054315839864610804e-01
2.054996058509851453e-01
2.055676502386965532e-01
2.056357171570531162e-01
2.057038066135150611e-01
2.057719186155452518e-01
2.058400531706088277e-01
2.059082102861734820e-01
2.059763899697094058e-01
2.060445922286892051e-01
2.061128170705880114e-01
2.061810645028833433e-01
2.062493345330553562e-01
2.063176271685865648e-01
2.063859424169619816e-01
2.064542802856690618e-01
2.065226407821978416e-01
2.065910239140407167e-01
2.066594296886926641e-01
2.067278581136510751e-01
2.067963091964158395e-01
2.068647829444893727e-01
2.069332793653765323e-01
2.070017984665846467e-01
2.070703402556235695e-01
2.071389047400056249e-01
2.072074919272456073e-01
2.072761018248608367e-01
2.073447344403711035e-01
2.074133897812986682e-01
2.074820678551682618e-01
2.075507686695072518e-01
2.076194922318453095e-01
2.076882385497147154e-01
2.077570076306502200e-01
2.078257994821890164e-01
2.078946141118707958e-01
2.079634515272379136e-01
2.080323117358350293e-01
2.081011947452093558e-01
2.081701005629106316e-01
2.082390291964910656e-01
2.083079806535053924e-01
2.083769549415108169e-01
2.084459520680670974e-01
2.085149720407364349e-01
2.085840148670835559e-01
2.086530805546757406e-01
2.087221691110826838e-01
2.087912805438766617e-01
2.088604148606324484e-01
2.089295720689272884e-01
2.089987521763409517e-01
2.090679551904557343e-01
2.091371811188564300e-01
2.092064299691303031e-01
2.092757017488672544e-01
2.093449964656595719e-01
2.094143141271020969e-01
2.094836547407922245e-01
2.095530183143297920e-01
2.096224048553171626e-01
2.096918143713593363e-01
2.097612468700636723e-01
2.098307023590401665e-01
2.099001808459012575e-01
2.099696823382619371e-01
2.100392068437396953e-01
2.101087543699546034e-01
2.101783249245291751e-01
2.102479185150885332e-01
2.103175351492602430e-01
2.103871748346744508e-01
2.104568375789638013e-01
2.105265233897634647e-01
2.105962322747111926e-01
2.106659642414472067e-01
2.107357192976142546e-01
2.108054974508576651e-01
2.108752987088252651e-01
2.109451230791673515e-01
2.110149705695369415e-01
2.110848411875893837e-01
2.111547349409826912e-01
2.112246518373773474e-01
2.112945918844363891e-01
2.113645550898253234e-01
2.114345414612123775e-01
2.115045510062681655e-01
2.115745837326658829e-01
2.116446396480812508e-01
2.117147187601925162e-01
2.117848210766805628e-01
2.118549466052286889e-01
2.119250953535228299e-01
2.119952673292514467e-01
2.120654625401054982e-01
2.121356809937785526e-01
2.122059226979667035e-01
2.122761876603685705e-01
2.123464758886853543e-01
2.124167873906207815e-01
2.124871221738811600e-01
2.125574802461752955e-01
2.126278616152146028e-01
2.126982662887129671e-01
2.127686942743870213e-01
2.128391455799557297e-01
2.129096202131407212e-01
2.129801181816661504e-01
2.130506394932587810e-01
2.131211841556477915e-01
2.131917521765651358e-01
2.132623435637452103e-01
2.133329583249249373e-01
2.134035964678438480e-01
2.134742580002440548e-01
2.135449429298701962e-01
2.136156512644694638e-01
2.136863830117916863e-01
2.137571381795891623e-01
2.138279167756168275e-01
2.138987188076321988e-01
2.139695442833952632e-01
2.140403932106687002e-01
2.141112655972176593e-01
2.141821614508098992e-01
2.142530807792158154e-01
2.143240235902082458e-01
2.143949898915626928e-01
2.144659796910571570e-01
2.145369929964723865e-01
2.146080298155915445e-01
2.146790901562003751e-01
2.147501740260872871e-01
2.148212814330431875e-01
2.148924123848615642e-01
2.149635668893386253e-01
2.150347449542729661e-01
2.151059465874659016e-01
2.151771717967212449e-01
2.152484205898454461e-01
2.153196929746475086e-01
2.153909889589390447e-01
2.154623085505342484e-01
2.155336517572498944e-01
2.156050185869053393e-01
2.156764090473225204e-01
2.157478231463260121e-01
2.158192608917429423e-01
2.158907222914030477e-01
2.159622073531386188e-01
2.160337160847845828e-01
2.161052484941784202e-01
2.161768045891603041e-01
2.162483843775727943e-01
2.163199878672613652e-01
2.163916150660738225e-01
2.164632659818606364e-01
2.165349406224749418e-01
2.166066389957723715e-01
2.166783611096112228e-01
2.167501069718524853e-01
2.168218765903595635e-01
2.168936699729986095e-01
2.169654871276383012e-01
2.170373280621499257e-01
2.171091927844074343e-01
2.171810813022873599e-01
2.172529936236688164e-01
2.173249297564335270e-01
2.173968897084658791e-01
2.174688734876527862e-01
2.175408811018838817e-01
2.176129125590512969e-01
2.176849678670498833e-01
2.177570470337770181e-01
2.178291500671327152e-01
2.179012769750196532e-01
2.179734277653430641e-01
2.180456024460107889e-01
2.181178010249334442e-01
2.181900235100240615e-01
2.182622699091983920e-01
2.183345402303747962e-01
2.184068344814742435e-01
2.184791526704203402e-01
2.185514948051392459e-01
2.186238608935599514e-01
2.186962509436138347e-01
2.187686649632350211e-01
2.188411029603602453e-01
2.189135649429288233e-01
2.189860509188827908e-01
2.190585608961667652e-01
2.191310948827279448e-01
2.192036528865162204e-01
2.192762349154841195e-01
2.193488409775867787e-01
2.194214710807819713e-01
2.194941252330301074e-01
2.195668034422942339e-01
2.196395057165400344e-01
2.197122320637358295e-01
2.197849824918525763e-01
2.198577570088638411e-01
2.199305556227459657e-01
2.200033783414777622e-01
2.200762251730407348e-01
2.201490961254191081e-01
2.202219912065996321e-01
2.202949104245718048e-01
2.203678537873276222e-01
2.204408213028619945e-01
2.205138129791722190e-01
2.205868288242583408e-01
2.206598688461230695e-01
2.207329330527717515e-01
2.208060214522123144e-01
2.208791340524554891e-01
2.209522708615145048e-01
2.210254318874053103e-01
2.210986171381465470e-01
2.211718266217594375e-01
2.212450603462679244e-01
2.213183183196985593e-01
2.213916005500805584e-01
2.214649070454458302e-01
2.215382378138289199e-01
2.216115928632670096e-01
2.216849722017999735e-01
2.217583758374702951e-01
2.218318037783232888e-01
2.219052560324067391e-01
2.219787326077711509e-01
2.220522335124697488e-01
2.221257587545583667e-01
2.221993083420954473e-01
2.222728822831423201e-01
2.223464805857627846e-01
2.224201032580233606e-01
2.224937503079932599e-01
2.225674217437443592e-01
2.226411175733511716e-01
2.227148378048909028e-01
2.227885824464435061e-01
2.228623515060915161e-01
2.229361449919201599e-01
2.230099629120173843e-01
2.230838052744737732e-01
2.231576720873826025e-01
2.232315633588398407e-01
2.233054790969440928e-01
2.233794193097967395e-01
2.234533840055017428e-01
2.235273731921657847e-01
2.236013868778982117e-01
2.236754250708111458e-01
2.237494877790193182e-01
2.238235750106401245e-01
2.238976867737936804e-01
2.239718230766027940e-01
2.240459839271929932e-01
2.241201693336924150e-01
2.241943793042319444e-01
2.242686138469451307e-01
2.243428729699682989e-01
2.244171566814403829e-01
2.244914649895030090e-01
2.245657979023005513e-01
2.246401554279800206e-01
2.247145375746911755e-01
2.247889443505864671e-01
2.248633757638210107e-01
2.249378318225526419e-01
2.250123125349419162e-01
2.250868179091520815e-01
2.251613479533490780e-01
2.252359026757015104e-01
2.253104820843807865e-01
2.253850861875609790e-01
2.254597149934188249e-01
2.255343685101338091e-01
2.256090467458880811e-01
2.256837497088665656e-01
2.257584774072568523e-01
2.258332298492492507e-01
2.259080070430367904e-01
2.259828089968152209e-01
2.260576357187829566e-01
2.261324872171411593e-01
2.262073635000937666e-01
2.262822645758473528e-01
2.263571904526112122e-01
2.264321411385974148e-01
2.265071166420206672e-01
2.265821169710984795e-01
2.266571421340510262e-01
2.267321921391012296e-01
2.268072669944747322e-01
2.268823667083998685e-01
2.269574912891077489e-01
2.270326407448321482e-01
2.271078150838096166e-01
2.271830143142794800e-01
2.272582384444837011e-01
2.273334874826669627e-01
2.274087614370767507e-01
2.274840603159632713e-01
2.275593841275793672e-01
2.276347328801807679e-01
2.277101065820257841e-01
2.277855052413755854e-01
2.278609288664939780e-01
2.279363774656475716e-01
2.280118510471056403e-01
2.280873496191403726e-01
2.281628731900264551e-01
2.282384217680414884e-01
2.283139953614657380e-01
2.283895939785822449e-01
2.284652176276767144e-01
2.285408663170377108e-01
2.286165400549564908e-01
2.286922388497270309e-01
2.287679627096461110e-01
2.288437116430131757e-01
2.289194856581304727e-01
2.289952847633029975e-01
2.290711089668385214e-01
2.291469582770475633e-01
2.292228327022433065e-01
2.292987322507417380e-01
2.293746569308616479e-01
2.294506067509245462e-01
2.295265817192546631e-01
2.296025818441790045e-01
2.296786071340273794e-01
2.297546575971322891e-01
2.298307332418290383e-01
2.299068340764556795e-01
2.299829601093529574e-01
2.300591113488645589e-01
2.301352878033367799e-01
2.302114894811186918e-01
2.302877163905621694e-01
2.303639685400218629e-01
2.304402459378551427e-01
2.305165485924221547e-01
2.305928765120858759e-01
2.306692297052119756e-01
2.307456081801689540e-01
2.308220119453280039e-01
2.308984410090630934e-01
2.309748953797511606e-01
2.310513750657716692e-01
2.311278800755069696e-01
2.312044104173421877e-01
2.312809660996651695e-01
2.313575471308665921e-01
2.314341535193399080e-01
2.315107852734813454e-01
2.315874424016898803e-01
2.316641249123672919e-01
2.317408328139181628e-01
2.318175661147498512e-01
2.318943248232724075e-01
2.319711089478988797e-01
2.320479184970448971e-01
2.321247534791289202e-01
2.322016139025722958e-01
2.322784997757990078e-01
2.323554111072359818e-01
2.324323479053128083e-01
2.325093101784619365e-01
2.325862979351186188e-01
2.326633111837208279e-01
2.327403499327093950e-01
2.328174141905278993e-01
2.328945039656228344e-01
2.329716192664433305e-01
2.330487601014414045e-01
2.331259264790718766e-01
2.332031184077922870e-01
2.332803358960630624e-01
2.333575789523474331e-01
2.334348475851113491e-01
2.335121418028236473e-01
2.335894616139559121e-01
2.336668070269825592e-01
2.337441780503808353e-01
2.338215746926306793e-01
2.338989969622150555e-01
2.339764448676195652e-01
2.340539184173326126e-01
2.341314176198454888e-01
2.342089424836522882e-01
2.342864930172498805e-01
2.343640692291379668e-01
2.344416711278190513e-01
2.345192987217984693e-01
2.345969520195843872e-01
2.346746310296877469e-01
2.347523357606222938e-01
2.348300662209047152e-01
2.349078224190544184e-01
2.349856043635935865e-01
2.350634120630473445e-01
2.351412455259435375e-01
2.352191047608128971e-01
2.352969897761889306e-01
2.353749005806080596e-01
2.354528371826093980e-01
2.355307995907350016e-01
2.356087878135297020e-01
2.356868018595411896e-01
2.357648417373198746e-01
2.358429074554192484e-01
2.359209990223953834e-01
2.359991164468073221e-01
2.360772597372168269e-01
2.361554289021886577e-01
2.362336239502902391e-01
2.363118448900919377e-01
2.363900917301669513e-01
2.364683644790913086e-01
2.365466631454438140e-01
2.366249877378061861e-01
2.367033382647629469e-01
2.367817147349015328e-01
2.368601171568121555e-01
2.369385455390878581e-01
2.370169998903245701e-01
2.370954802191210520e-01
2.371739865340789233e-01
2.372525188438026067e-01
2.373310771568994393e-01
2.374096614819795614e-01
2.374882718276560001e-01
2.375669082025445578e-01
2.376455706152640346e-01
2.377242590744358675e-01
2.378029735886846019e-01
2.378817141666374757e-01
2.379604808169246133e-01
2.380392735481790256e-01
2.381180923690365270e-01
2.381969372881358182e-01
2.382758083141185146e-01
2.383547054556290068e-01
2.384336287213146000e-01
2.385125781198254580e-01
2.385915536598145759e-01
2.386705553499378629e-01
2.387495831988540040e-01
2.388286372152247095e-01
2.389077174077144650e-01
2.389868237849905597e-01
2.390659563557232525e-01
2.391451151285856336e-01
2.392243001122536794e-01
2.393035113154062254e-01
2.393827487467249937e-01
2.394620124148945373e-01
2.395413023286023513e-01
2.396206184965387620e-01
2.396999609273969267e-01
2.397793296298730836e-01
2.398587246126661354e-01
2.399381458844779547e-01
2.400175934540132450e-01
2.400970673299796243e-01
2.401765675210876527e-01
2.402560940360506658e-01
2.403356468835849413e-01
2.404152260724096435e-01
2.404948316112468509e-01
2.405744635088214456e-01
2.406541217738612792e-01
2.407338064150970069e-01
2.408135174412623369e-01
2.408932548610936974e-01
2.409730186833305143e-01
2.410528089167150445e-01
2.411326255699924592e-01
2.412124686519108441e-01
2.412923381712211435e-01
2.413722341366772717e-01
2.414521565570359463e-01
2.415321054410568546e-01
2.416120807975025708e-01
2.416920826351384721e-01
2.417721109627330722e-01
2.418521657890575771e-01
2.419322471228861626e-01
2.420123549729959189e-01
2.420924893481668227e-01
2.421726502571817652e-01
2.422528377088265517e-01
2.423330517118899019e-01
2.424132922751634500e-01
2.424935594074416889e-01
2.425738531175221369e-01
2.426541734142050599e-01
2.427345203062937495e-01
2.428148938025944947e-01
2.428952939119163046e-01
2.429757206430712135e-01
2.430561740048741981e-01
2.431366540061430659e-01
2.432171606556986221e-01
2.432976939623645585e-01
2.433782539349674812e-01
2.434588405823369384e-01
2.435394539133054204e-01
2.436200939367082763e-01
2.437007606613837696e-01
2.437814540961733001e-01
2.438621742499209599e-01
2.439429211314738111e-01
2.440236947496819131e-01
2.441044951133982399e-01
2.441853222314786520e-01
2.442661761127819520e-01
2.443470567661699677e-01
2.444279642005073028e-01
2.445088984246616415e-01
2.445898594475034993e-01
2.446708472779064170e-01
2.447518619247467664e-01
2.448329033969040003e-01
2.449139717032604302e-01
2.449950668527012543e-01
2.450761888541147238e-01
2.451573377163919210e-01
2.452385134484270091e-01
2.453197160591169546e-01
2.454009455573617493e-01
2.454822019520643273e-01
2.455634852521305644e-01
2.456447954664692512e-01
2.457261326039922034e-01
2.458074966736140399e-01
2.458888876842525717e-01
2.459703056448283576e-01
2.460517505642649816e-01
2.461332224514889699e-01
2.462147213154298186e-01
2.462962471650199658e-01
2.463778000091948472e-01
2.464593798568927852e-01
2.465409867170551272e-01
2.466226205986261355e-01
2.467042815105530695e-01
2.467859694617860755e-01
2.468676844612784360e-01
2.469494265179862369e-01
2.470311956408685894e-01
2.471129918388875191e-01
2.471948151210081046e-01
2.472766654961983113e-01
2.473585429734291297e-01
2.474404475616745203e-01
2.475223792699113856e-01
2.476043381071195981e-01
2.476863240822820278e-01
2.477683372043845145e-01
2.478503774824157846e-01
2.479324449253677842e-01
2.480145395422352073e-01
2.480966613420157729e-01
2.481788103337101981e-01
2.482609865263222249e-01
2.483431899288585099e-01
2.484254205503287072e-01
2.485076783997454686e-01
2.485899634861244711e-01
2.486722758184842785e-01
2.487546154058465075e-01
2.488369822572356893e-01
2.489193763816795468e-01
2.490017977882085787e-01
2.490842464858563088e-01
2.491667224836593419e-01
2.492492257906571973e-01
2.493317564158923916e-01
2.494143143684104669e-01
2.494968996572599629e-01
2.495795122914923891e-01
2.496621522801622528e-01
2.497448196323270864e-01
2.498275143570473922e-01
2.499102364633866147e-01
2.499929859604114457e-01
2.500757628571912417e-01
2.501585671627986618e-01
2.502413988863090855e-01
2.503242580368011949e-01
2.504071446233563925e-01
2.504900586550592445e-01
2.505730001409973706e-01
2.506559690902612769e-01
2.507389655119445782e-01
2.508219894151438312e-01
2.509050408089585349e-01
2.509881197024914634e-01
2.510712261048481664e-01
2.511543600251372466e-01
2.512375214724704153e-01
2.513207104559623262e-01
2.514039269847306302e-01
2.514871710678960315e-01
2.515704427145822875e-01
2.516537419339161530e-01
2.517370687350273806e-01
2.518204231270487758e-01
2.519038051191160865e-01
2.519872147203681689e-01
2.520706519399469880e-01
2.521541167869973954e-01
2.522376092706672956e-01
2.523211294001076466e-01
2.524046771844724035e-01
2.524882526329186305e-01
2.525718557546062781e-01
2.526554865586985721e-01
2.527391450543614582e-01
2.528228312507642128e-01
2.529065451570789436e-01
2.529902867824808110e-01
2.530740561361482510e-01
2.531578532272624749e-01
2.532416780650077470e-01
2.533255306585715516e-01
2.534094110171442593e-01
2.534933191499193494e-01
2.535772550660932989e-01
2.536612187748656932e-01
2.537452102854391156e-01
2.538292296070192022e-01
2.539132767488146980e-01
2.539973517200372344e-01
2.540814545299016625e-01
2.541655851876258865e-01
2.542497437024307527e-01
2.543339300835402161e-01
2.544181443401812848e-01
2.545023864815840198e-01
2.545866565169814799e-01
2.546709544556099436e-01
2.547552803067085203e-01
2.548396340795195947e-01
2.549240157832884934e-01
2.550084254272635964e-01
2.550928630206964476e-01
2.551773285728414220e-01
2.552618220929562809e-01
2.553463435903017276e-01
2.554308930741413519e-01
2.555154705537420190e-01
2.556000760383735915e-01
2.556847095373090406e-01
2.557693710598243353e-01
2.558540606151985530e-01
2.559387782127138800e-01
2.560235238616554998e-01
2.561082975713117604e-01
2.561930993509739518e-01
2.562779292099365835e-01
2.563627871574972739e-01
2.564476732029565276e-01
2.565325873556180136e-01
2.566175296247885651e-01
2.567025000197780127e-01
2.567874985498992957e-01
2.568725252244684065e-01
2.569575800528044462e-01
2.570426630442296800e-01
2.571277742080692597e-01
2.572129135536516120e-01
2.572980810903081617e-01
2.573832768273734972e-01
2.574685007741852050e-01
2.575537529400840353e-01
2.576390333344137917e-01
2.577243419665214419e-01
2.578096788457568955e-01
2.578950439814732820e-01
2.579804373830267838e-01
2.580658590597768032e-01
2.581513090210855732e-01
2.582367872763187133e-01
2.583222938348447295e-01
2.584078287060354029e-01
2.584933918992655122e-01
2.585789834239129448e-01
2.586646032893586966e-01
2.587502515049869278e-01
2.588359280801848517e-01
2.589216330243427344e-01
2.590073663468541176e-01
2.590931280571154849e-01
2.591789181645264839e-01
2.592647366784899821e-01
2.593505836084117888e-01
2.594364589637008778e-01
2.595223627537694422e-01
2.596082949880327284e-01
2.596942556759090359e-01
2.597802448268198838e-01
2.598662624501898444e-01
2.599523085554465984e-01
2.600383831520209910e-01
2.601244862493470311e-01
2.602106178568617256e-01
2.602967779840053009e-01
2.603829666402211473e-01
2.604691838349555422e-01
2.605554295776583151e-01
2.606417038777820161e-01
2.607280067447825811e-01
2.608143381881189438e-01
2.609006982172531464e-01
2.609870868416505618e-01
2.610735040707794496e-01
2.611599499141114000e-01
2.612464243811210007e-01
2.613329274812860592e-01
2.614194592240875470e-01
2.615060196190093778e-01
2.615926086755388513e-01
2.616792264031663207e-01
2.617658728113853028e-01
2.618525479096923680e-01
2.619392517075872506e-01
2.620259842145729601e-01
2.621127454401555035e-01
2.621995353938441076e-01
2.622863540851511077e-01
2.623732015235920589e-01
2.624600777186856249e-01
2.625469826799535777e-01
2.626339164169208540e-01
2.627208789391156096e-01
2.628078702560691648e-01
2.628948903773159484e-01
2.629819393123934979e-01
2.630690170708425701e-01
2.631561236622070310e-01
2.632432590960340768e-01
2.633304233818737905e-01
2.634176165292796412e-01
2.635048385478081512e-01
2.635920894470190068e-01
2.636793692364751696e-01
2.637666779257425431e-01
2.638540155243905283e-01
2.639413820419914125e-01
2.640287774881207583e-01
2.641162018723572924e-01
2.642036552042828501e-01
2.642911374934826529e-01
2.643786487495448090e-01
2.644661889820607570e-01
2.645537582006250998e-01
2.646413564148356601e-01
2.647289836342933134e-01
2.648166398686022105e-01
2.649043251273695554e-01
2.649920394202060492e-01
2.650797827567252796e-01
2.651675551465440539e-01
2.652553565992823992e-01
2.653431871245636176e-01
2.654310467320140088e-01
2.655189354312632588e-01
2.656068532319441622e-01
2.656948001436926221e-01
2.657827761761478724e-01
2.658707813389522001e-01
2.659588156417511673e-01
2.660468790941936112e-01
2.661349717059313669e-01
2.662230934866195997e-01
2.663112444459166950e-01
2.663994245934841465e-01
2.664876339389866122e-01
2.665758724920921363e-01
2.666641402624717605e-01
2.667524372597998572e-01
2.668407634937539630e-01
2.669291189740147785e-01
2.670175037102663351e-01
2.671059177121956618e-01
2.671943609894932292e-01
2.672828335518525611e-01
2.673713354089704564e-01
2.674598665705468781e-01
2.675484270462850644e-01
2.676370168458913623e-01
2.677256359790754492e-01
2.678142844555501667e-01
2.679029622850315762e-01
2.679916694772389030e-01
2.680804060418947032e-01
2.681691719887246417e-01
2.682579673274577137e-01
2.683467920678260232e-01
2.684356462195649495e-01
2.685245297924131469e-01
2.686134427961123783e-01
2.687023852404076818e-01
2.687913571350474262e-01
2.688803584897830334e-01
2.689693893143693115e-01
2.690584496185641217e-01
2.691475394121287668e-01
2.692366587048276028e-01
2.693258075064282608e-01
2.694149858267017583e-01
2.695041936754221656e-01
2.695934310623668284e-01
2.696826979973163674e-01
2.697719944900546785e-01
2.698613205503687107e-01
2.699506761880489103e-01
2.700400614128887766e-01
2.701294762346851952e-01
2.702189206632381047e-01
2.703083947083508853e-01
2.703978983798300262e-01
2.704874316874853468e-01
2.705769946411298865e-01
2.706665872505799597e-01
2.707562095256550450e-01
2.708458614761780070e-01
2.709355431119748192e-01
2.710252544428747856e-01
2.711149954787104854e-01
2.712047662293177175e-01
2.712945667045355003e-01
2.713843969142062384e-01
2.714742568681754453e-01
2.715641465762919093e-01
2.716540660484078606e-01
2.717440152943785825e-01
2.718339943240627443e-01
2.719240031473221797e-01
2.720140417740221084e-01
2.721041102140308587e-01
2.721942084772202564e-01
2.722843365734651244e-01
2.723744945126437833e-01
2.724646823046376620e-01
2.725548999593316313e-01
2.726451474866136149e-01
2.727354248963749228e-01
2.728257321985103068e-01
2.729160694029175716e-01
2.730064365194977971e-01
2.730968335581554496e-01
2.731872605287982148e-01
2.732777174413371091e-01
2.733682043056863686e-01
2.734587211317636157e-01
2.735492679294895813e-01
2.736398447087884378e-01
2.737304514795875776e-01
2.738210882518176126e-01
2.739117550354127073e-01
2.740024518403100240e-01
2.740931786764501665e-01
2.741839355537769030e-01
2.742747224822374430e-01
2.743655394717822160e-01
2.744563865323649265e-01
2.745472636739426098e-01
2.746381709064756316e-01
2.747291082399275775e-01
2.748200756842653636e-01
2.749110732494592368e-01
2.750021009454826637e-01
2.750931587823125524e-01
2.751842467699289752e-01
2.752753649183154461e-01
2.753665132374585878e-01
2.754576917373485756e-01
2.755489004279786380e-01
2.756401393193455562e-01
2.757314084214491645e-01
2.758227077442929054e-01
2.759140372978832190e-01
2.760053970922301536e-01
2.760967871373468108e-01
2.761882074432497891e-01
2.762796580199590180e-01
2.763711388774975908e-01
2.764626500258920427e-01
2.765541914751721286e-01
2.766457632353709895e-01
2.767373653165251524e-01
2.768289977286743087e-01
2.769206604818616468e-01
2.770123535861335751e-01
2.771040770515397766e-01
2.771958308881334321e-01
2.772876151059708305e-01
2.773794297151118138e-01
2.774712747256194989e-01
2.775631501475602225e-01
2.776550559910037075e-01
2.777469922660230628e-01
2.778389589826946726e-01
2.779309561510983073e-01
2.780229837813170679e-01
2.781150418834373306e-01
2.782071304675488022e-01
2.782992495437447422e-01
2.783913991221213524e-01
2.784835792127786647e-01
2.785757898258197640e-01
2.786680309713510106e-01
2.787603026594823175e-01
2.788526049003268725e-01
2.789449377040011391e-01
2.790373010806249665e-01
2.791296950403216459e-01
2.792221195932176880e-01
2.793145747494430453e-01
2.794070605191310008e-01
2.794995769124181684e-01
2.795921239394444924e-01
2.796847016103534700e-01
2.797773099352917070e-01
2.798699489244092509e-01
2.799626185878595908e-01
2.800553189357994355e-01
2.801480499783890465e-01
2.802408117257918496e-01
2.803336041881747676e-01
2.804264273757079984e-01
2.805192812985652373e-01
2.806121659669234547e-01
2.807050813909629516e-01
2.807980275808673598e-01
2.808910045468240302e-01
2.809840122990232558e-01
2.810770508476589935e-01
2.811701202029283087e-01
2.812632203750319304e-01
2.813563513741738076e-01
2.814495132105612196e-01
2.815427058944049987e-01
2.816359294359191967e-01
2.817291838453213071e-01
2.818224691328322096e-01
2.819157853086761700e-01
2.820091323830808405e-01
2.821025103662773148e-01
2.821959192684999618e-01
2.822893590999865920e-01
2.823828298709784024e-01
2.824763315917200313e-01
2.825698642724593923e-01
2.826634279234478964e-01
2.827570225549402849e-01
2.828506481771947967e-01
2.829443048004729455e-01
2.830379924350396870e-01
2.831317110911633628e-01
2.832254607791158119e-01
2.833192415091721483e-01
2.834130532916109835e-01
2.835068961367142037e-01
2.836007700547672483e-01
2.836946750560588315e-01
2.837886111508812204e-01
2.838825783495299016e-01
2.839765766623040255e-01
2.840706060995058513e-01
2.841646666714413016e-01
2.842587583884194635e-01
2.843528812607531986e-01
2.844470352987584771e-01
2.845412205127548222e-01
2.846354369130650319e-01
2.847296845100154572e-01
2.848239633139358906e-01
2.849182733351593999e-01
2.850126145840226610e-01
2.851069870708655696e-01
2.852013908060316294e-01
2.852958257998676195e-01
2.853902920627238715e-01
2.854847896049539924e-01
2.855793184369151971e-01
2.856738785689680871e-01
2.857684700114765941e-01
2.858630927748080919e-01
2.859577468693335067e-01
2.860524323054270956e-01
2.861471490934665574e-01
2.862418972438330877e-01
2.863366767669112689e-01
2.864314876730891246e-01
2.865263299727581203e-01
2.866212036763131632e-01
2.867161087941526576e-01
2.868110453366784496e-01
2.869060133142956603e-01
2.870010127374130193e-01
2.870960436164426977e-01
2.871911059618002526e-01
2.872861997839047388e-01
2.873813250931786523e-01
2.874764819000478200e-01
2.875716702149417325e-01
2.876668900482932112e-01
2.877621414105385189e-01
2.878574243121173604e-01
2.879527387634731039e-01
2.880480847750522821e-01
2.881434623573050358e-01
2.882388715206850027e-01
2.883343122756491517e-01
2.884297846326580039e-01
2.885252886021755780e-01
2.886208241946692787e-01
2.887163914206099524e-01
2.888119902904721092e-01
2.889076208147334235e-01
2.890032830038752887e-01
2.890989768683824290e-01
2.891947024187431770e-01
2.892904596654492511e-01
2.893862486189957561e-01
2.894820692898814052e-01
2.895779216886084084e-01
2.896738058256822512e-01
2.897697217116121937e-01
2.898656693569106602e-01
2.899616487720938496e-01
2.900576599676812362e-01
2.901537029541958468e-01
2.902497777421641501e-01
2.903458843421162783e-01
2.904420227645856389e-01
2.905381930201091922e-01
2.906343951192273956e-01
2.907306290724842590e-01
2.908268948904271789e-01
2.909231925836071042e-01
2.910195221625784257e-01
2.911158836378990866e-01
2.912122770201305832e-01
2.913087023198376868e-01
2.914051595475889433e-01
2.915016487139561185e-01
2.915981698295148083e-01
2.916947229048438839e-01
2.917913079505256579e-01
2.918879249771461626e-01
2.919845739952947605e-01
2.920812550155644227e-01
2.921779680485516173e-01
2.922747131048561986e-01
2.923714901950817402e-01
2.924682993298351463e-01
2.925651405197268740e-01
2.926620137753709328e-01
2.927589191073849406e-01
2.928558565263897906e-01
2.929528260430101505e-01
2.930498276678739633e-01
2.931468614116128912e-01
2.932439272848620382e-01
2.933410252982599498e-01
2.934381554624488353e-01
2.935353177880743458e-01
2.936325122857856851e-01
2.937297389662356095e-01
2.938269978400802618e-01
2.939242889179793927e-01
2.940216122105965280e-01
2.941189677285983572e-01
2.942163554826552341e-01
2.943137754834411202e-01
2.944112277416334189e-01
2.945087122679130864e-01
2.946062290729646871e-01
2.947037781674761714e-01
2.948013595621392646e-01
2.948989732676489672e-01
2.949966192947039434e-01
2.950942976540064655e-01
2.951920083562622477e-01
2.952897514121806677e-01
2.953875268324744896e-01
2.954853346278601411e-01
2.955831748090575473e-01
2.956810473867901856e-01
2.957789523717851421e-01
2.958768897747728888e-01
2.959748596064877280e-01
2.960728618776672372e-01
2.961708965990527687e-01
2.962689637813890609e-01
2.963670634354244049e-01
2.964651955719109222e-01
2.965633602016039538e-01
2.966615573352626711e-01
2.967597869836495761e-01
2.968580491575308899e-01
2.969563438676763867e-01
2.970546711248592819e-01
2.971530309398565106e-01
2.972514233234485048e-01
2.973498482864192494e-01
2.974483058395563928e-01
2.975467959936510254e-01
2.976453187594977901e-01
2.977438741478952156e-01
2.978424621696450503e-01
2.979410828355527063e-01
2.980397361564273151e-01
2.981384221430814496e-01
2.982371408063312357e-01
2.983358921569965183e-01
2.984346762059006397e-01
2.985334929638705503e-01
2.986323424417366978e-01
2.987312246503333046e-01
2.988301396004979238e-01
2.989290873030719942e-01
2.990280677689002853e-01
2.991270810088313414e-01
2.992261270337172041e-01
2.993252058544134675e-01
2.994243174817794451e-01
2.995234619266779474e-01
2.996226391999753935e-01
2.997218493125418659e-01
2.998210922752509444e-01
2.999203680989799281e-01
3.000196767946096132e-01
3.001190183730244043e-01
3.002183928451124251e-01
3.003178002217653519e-01
3.004172405138783586e-01
3.005167137323502824e-01
3.006162198880837355e-01
3.007157589919846608e-01
3.008153310549628312e-01
3.009149360879315172e-01
3.010145741018076526e-01
3.011142451075117799e-01
3.012139491159680493e-01
3.013136861381041642e-01
3.014134561848516025e-01
3.015132592671453393e-01
3.016130953959240135e-01
3.017129645821298722e-01
3.018128668367087153e-01
3.019128021706101728e-01
3.020127705947872609e-01
3.021127721201967709e-01
3.022128067577990462e-01
3.023128745185581501e-01
3.024129754134416426e-01
3.025131094534208587e-01
3.026132766494705750e-01
3.027134770125695096e-01
3.028137105536997664e-01
3.029139772838471134e-01
3.030142772140009821e-01
3.031146103551545234e-01
3.032149767183044409e-01
3.033153763144510462e-01
3.034158091545983704e-01
3.035162752497541083e-01
3.036167746109295074e-01
3.037173072491394787e-01
3.038178731754025974e-01
3.039184724007412686e-01
3.040191049361811726e-01
3.041197707927519867e-01
3.042204699814868851e-01
3.043212025134226506e-01
3.044219683995997849e-01
3.045227676510624537e-01
3.046236002788584307e-01
3.047244662940392645e-01
3.048253657076600565e-01
3.049262985307795715e-01
3.050272647744602383e-01
3.051282644497681495e-01
3.052292975677731723e-01
3.053303641395487267e-01
3.054314641761718407e-01
3.055325976887234285e-01
3.056337646882877901e-01
3.057349651859531114e-01
3.058361991928111867e-01
3.059374667199574183e-01
3.060387677784910387e-01
3.061401023795147225e-01
3.062414705341350851e-01
3.063428722534621285e-01
3.064443075486099066e-01
3.065457764306958044e-01
3.066472789108410368e-01
3.067488150001705383e-01
3.068503847098127957e-01
3.069519880509001819e-01
3.070536250345684559e-01
3.071552956719574290e-01
3.072569999742102986e-01
3.073587379524741481e-01
3.074605096178995578e-01
3.075623149816410495e-01
3.076641540548565312e-01
3.077660268487080186e-01
3.078679333743608026e-01
3.079698736429841155e-01
3.080718476657508531e-01
3.081738554538375197e-01
3.082758970184243941e-01
3.083779723706954190e-01
3.084800815218383674e-01
3.085822244830445649e-01
3.086844012655090008e-01
3.087866118804306059e-01
3.088888563390118080e-01
3.089911346524587543e-01
3.090934468319815331e-01
3.091957928887936191e-01
3.092981728341124836e-01
3.094005866791590398e-01
3.095030344351581419e-01
3.096055161133383082e-01
3.097080317249316650e-01
3.098105812811741688e-01
3.099131647933054401e-01
3.100157822725689294e-01
3.101184337302116956e-01
3.102211191774844057e-01
3.103238386256418346e-01
3.104265920859421435e-01
3.105293795696473236e-01
3.106322010880230855e-01
3.107350566523389146e-01
3.108379462738679599e-01
3.109408699638872009e-01
3.110438277336772250e-01
3.111468195945224502e-01
3.112498455577109580e-01
3.113529056345347157e-01
3.114559998362891879e-01
3.115591281742737251e-01
3.116622906597915632e-01
3.117654873041493802e-01
3.118687181186578505e-01
3.119719831146312017e-01
3.120752823033874912e-01
3.121786156962486070e-01
3.122819833045400451e-01
3.123853851395910763e-01
3.124888212127348575e-01
3.125922915353081533e-01
3.126957961186514479e-01
3.127993349741091111e-01
3.129029081130293433e-01
3.130065155467638416e-01
3.131101572866681892e-01
3.132138333441018552e-01
3.133175437304278055e-01
3.134212884570130586e-01
3.135250675352281302e-01
3.136288809764474772e-01
3.137327287920493313e-01
3.138366109934155324e-01
3.139405275919318061e-01
3.140444785989876531e-01
3.141484640259762373e-01
3.142524838842947199e-01
3.143565381853438701e-01
3.144606269405282317e-01
3.145647501612560681e-01
3.146689078589396393e-01
3.147731000449947580e-01
3.148773267308411228e-01
3.149815879279022623e-01
3.150858836476053138e-01
3.151902139013813553e-01
3.152945787006651845e-01
3.153989780568953738e-01
3.155034119815144367e-01
3.156078804859684395e-01
3.157123835817073898e-01
3.158169212801850700e-01
3.159214935928589818e-01
3.160261005311904570e-01
3.161307421066447132e-01
3.162354183306905764e-01
3.163401292148008692e-01
3.164448747704521336e-01
3.165496550091246308e-01
3.166544699423025078e-01
3.167593195814736307e-01
3.168642039381299735e-01
3.169691230237668966e-01
3.170740768498837570e-01
3.171790654279837973e-01
3.172840887695739243e-01
3.173891468861649301e-01
3.174942397892714374e-01
3.175993674904117881e-01
3.177045300011082096e-01
3.178097273328867600e-01
3.179149594972772719e-01
3.180202265058134081e-01
3.181255283700326064e-01
3.182308651014763012e-01
3.183362367116895353e-01
3.184416432122212370e-01
3.185470846146242763e-01
3.186525609304551310e-01
3.187580721712742760e-01
3.188636183486460163e-01
3.189691994741383207e-01
3.190748155593232105e-01
3.191804666157763704e-01
3.192861526550774265e-01
3.193918736888096133e-01
3.194976297285604394e-01
3.196034207859209109e-01
3.197092468724858638e-01
3.198151079998540758e-01
3.199210041796282100e-01
3.200269354234147046e-01
3.201329017428237722e-01
3.202389031494696225e-01
3.203449396549701289e-01
3.204510112709472724e-01
3.205571180090265870e-01
3.206632598808376589e-01
3.207694368980137378e-01
3.208756490721922372e-01
3.209818964150141785e-01
3.210881789381244134e-01
3.211944966531718459e-01
3.213008495718089885e-01
3.214072377056924612e-01
3.215136610664825478e-01
3.216201196658434736e-01
3.217266135154434048e-01
3.218331426269541717e-01
3.219397070120517124e-01
3.220463066824155174e-01
3.221529416497293519e-01
3.222596119256805336e-01
3.223663175219603771e-01
3.224730584502640274e-01
3.225798347222904594e-01
3.226866463497426452e-01
3.227934933443273313e-01
3.229003757177552059e-01
3.230072934817407315e-01
3.231142466480024233e-01
3.232212352282624601e-01
3.233282592342470729e-01
3.234353186776862676e-01
3.235424135703140469e-01
3.236495439238682437e-01
3.237567097500905766e-01
3.238639110607265392e-01
3.239711478675257328e-01
3.240784201822414778e-01
3.241857280166310917e-01
3.242930713824556666e-01
3.244004502914802912e-01
3.245078647554739404e-01
3.246153147862094746e-01
3.247228003954635289e-01
3.248303215950169021e-01
3.249378783966540563e-01
3.250454708121635061e-01
3.251530988533375410e-01
3.252607625319725027e-01
3.253684618598684519e-01
3.254761968488295021e-01
3.255839675106636522e-01
3.256917738571827869e-01
3.257996159002026770e-01
3.259074936515430898e-01
3.260154071230276229e-01
3.261233563264837043e-01
3.262313412737430363e-01
3.263393619766408182e-01
3.264474184470164131e-01
3.265555106967130139e-01
3.266636387375777550e-01
3.267718025814617122e-01
3.268800022402198469e-01
3.269882377257111172e-01
3.270965090497983119e-01
3.272048162243481606e-01
3.273131592612314456e-01
3.274215381723226681e-01
3.275299529695004930e-01
3.276384036646474152e-01
3.277468902696498154e-01
3.278554127963980713e-01
3.279639712567864462e-01
3.280725656627132003e-01
3.281811960260805350e-01
3.282898623587944820e-01
3.283985646727651808e-01
3.285073029799066013e-01
3.286160772921367101e-01
3.287248876213773596e-01
3.288337339795543435e-01
3.289426163785975632e-01
3.290515348304407506e-01
3.291604893470215232e-01
3.292694799402816064e-01
3.293785066221665003e-01
3.294875694046258685e-01
3.295966682996130936e-01
3.297058033190857773e-01
3.298149744750052403e-01
3.299241817793369114e-01
3.300334252440501048e-01
3.301427048811181875e-01
3.302520207025183563e-01
3.303613727202319716e-01
3.304707609462442242e-01
3.305801853925441902e-01
3.306896460711251096e-01
3.307991429939841077e-01
3.309086761731221960e-01
3.310182456205444934e-01
3.311278513482600605e-01
3.312374933682818434e-01
3.313471716926268962e-01
3.314568863333162141e-01
3.315666373023746227e-01
3.316764246118312220e-01
3.317862482737188312e-01
3.318961083000744328e-01
3.320060047029388395e-01
3.321159374943569720e-01
3.322259066863776922e-01
3.323359122910538033e-01
3.324459543204422163e-01
3.325560327866037280e-01
3.326661477016031876e-01
3.327762990775093854e-01
3.328864869263951642e-01
3.329967112603373081e-01
3.331069720914167087e-01
3.332172694317181993e-01
3.333276032933304989e-01
3.334379736883464895e-01
3.335483806288630504e-01
3.336588241269808908e-01
3.337693041948049388e-01
3.338798208444440085e-01
3.339903740880109662e-01
3.341009639376226192e-01
3.342115904053999942e-01
3.343222535034677256e-01
3.344329532439550556e-01
3.345436896389946679e-01
3.346544627007235762e-01
3.347652724412827907e-01
3.348761188728172078e-01
3.349870020074758314e-01
3.350979218574117735e-01
3.352088784347819761e-01
3.353198717517476002e-01
3.354309018204736370e-01
3.355419686531293522e-01
3.356530722618877860e-01
3.357642126589261422e-01
3.358753898564256768e-01
3.359866038665716981e-01
3.360978547015534557e-01
3.362091423735641960e-01
3.363204668948013842e-01
3.364318282774663715e-01
3.365432265337645612e-01
3.366546616759055199e-01
3.367661337161027002e-01
3.368776426665737178e-01
3.369891885395401854e-01
3.371007713472276568e-01
3.372123911018660158e-01
3.373240478156889766e-01
3.374357415009342498e-01
3.375474721698438207e-01
3.376592398346635049e-01
3.377710445076432810e-01
3.378828862010372913e-01
3.379947649271034527e-01
3.381066806981040673e-01
3.382186335263052124e-01
3.383306234239771837e-01
3.384426504033943850e-01
3.385547144768349948e-01
3.386668156565817989e-01
3.387789539549210804e-01
3.388911293841435080e-01
3.390033419565437467e-01
3.391155916844205143e-01
3.392278785800765806e-01
3.393402026558189344e-01
3.394525639239583947e-01
3.395649623968101105e-01
3.396773980866931164e-01
3.397898710059306104e-01
3.399023811668498429e-01
3.400149285817821165e-01
3.401275132630630638e-01
3.402401352230320364e-01
3.403527944740326605e-01
3.404654910284126701e-01
3.405782248985237959e-01
3.406909960967219320e-01
3.408038046353670247e-01
3.409166505268231284e-01
3.410295337834584051e-01
3.411424544176450691e-01
3.412554124417594981e-01
3.413684078681819556e-01
3.414814407092972570e-01
3.415945109774939370e-01
3.417076186851646380e-01
3.418207638447062768e-01
3.419339464685198227e-01
3.420471665690102969e-01
3.421604241585868289e-01
3.422737192496627112e-01
3.423870518546553443e-01
3.425004219859861809e-01
3.426138296560808927e-01
3.427272748773691480e-01
3.428407576622846675e-01
3.429542780232656130e-01
3.430678359727539761e-01
3.431814315231959123e-01
3.432950646870417399e-01
3.434087354767459410e-01
3.435224439047669942e-01
3.436361899835676526e-01
3.437499737256146659e-01
3.438637951433790030e-01
3.439776542493357403e-01
3.440915510559640622e-01
3.442054855757472054e-01
3.443194578211727919e-01
3.444334678047323295e-01
3.445475155389216004e-01
3.446616010362404392e-01
3.447757243091928436e-01
3.448898853702870304e-01
3.450040842320352130e-01
3.451183209069538238e-01
3.452325954075634584e-01
3.453469077463889314e-01
3.454612579359589430e-01
3.455756459888066900e-01
3.456900719174691439e-01
3.458045357344878279e-01
3.459190374524080958e-01
3.460335770837796865e-01
3.461481546411562249e-01
3.462627701370957767e-01
3.463774235841604043e-01
3.464921149949163337e-01
3.466068443819340650e-01
3.467216117577880952e-01
3.468364171350571956e-01
3.469512605263242455e-01
3.470661419441762874e-01
3.471810614012047491e-01
3.472960189100048889e-01
3.474110144831763503e-01
3.475260481333228846e-01
3.476411198730523511e-01
3.477562297149769388e-01
3.478713776717128892e-01
3.479865637558806624e-01
3.481017879801049375e-01
3.482170503570144460e-01
3.483323508992422490e-01
3.484476896194254603e-01
3.485630665302054676e-01
3.486784816442279333e-01
3.487939349741424611e-01
3.489094265326030953e-01
3.490249563322678217e-01
3.491405243857990670e-01
3.492561307058632547e-01
3.493717753051310826e-01
3.494874581962775228e-01
3.496031793919815445e-01
3.497189389049265018e-01
3.498347367477998571e-01
3.499505729332932913e-01
3.500664474741026488e-01
3.501823603829281595e-01
3.502983116724740498e-01
3.504143013554488206e-01
3.505303294445651918e-01
3.506463959525400464e-01
3.507625008920945420e-01
3.508786442759540547e-01
3.509948261168480688e-01
3.511110464275104537e-01
3.512273052206791313e-01
3.513436025090962977e-01
3.514599383055083681e-01
3.515763126226660873e-01
3.516927254733242525e-01
3.518091768702419908e-01
3.519256668261825927e-01
3.520421953539136228e-01
3.521587624662068094e-01
3.522753681758381550e-01
3.523920124955879363e-01
3.525086954382405935e-01
3.526254170165848412e-01
3.527421772434135572e-01
3.528589761315239492e-01
3.529758136937173330e-01
3.530926899427994647e-01
3.532096048915802644e-01
3.533265585528737041e-01
3.534435509394982522e-01
3.535605820642764852e-01
3.536776519400352536e-01
3.537947605796057382e-01
3.539119079958231717e-01
3.540290942015271725e-01
3.541463192095616885e-01
3.542635830327747759e-01
3.543808856840186539e-01
3.544982271761502046e-01
3.546156075220301407e-01
3.547330267345236710e-01
3.548504848265001121e-01
3.549679818108331109e-01
3.550855177004006435e-01
3.552030925080849055e-01
3.553207062467722555e-01
3.554383589293534373e-01
3.555560505687234696e-01
3.556737811777815894e-01
3.557915507694313084e-01
3.559093593565803015e-01
3.560272069521408511e-01
3.561450935690291808e-01
3.562630192201659551e-01
3.563809839184760575e-01
3.564989876768886456e-01
3.566170305083372072e-01
3.567351124257594486e-01
3.568532334420974617e-01
3.569713935702974461e-01
3.570895928233100980e-01
3.572078312140902767e-01
3.573261087555970605e-01
3.574444254607940796e-01
3.575627813426490165e-01
3.576811764141339389e-01
3.577996106882251892e-01
3.579180841779033839e-01
3.580365968961535250e-01
3.581551488559647778e-01
3.582737400703307484e-01
3.583923705522492065e-01
3.585110403147224178e-01
3.586297493707567563e-01
3.587484977333629810e-01
3.588672854155560699e-01
3.589861124303556084e-01
3.591049787907852342e-01
3.592238845098728595e-01
3.593428296006508926e-01
3.594618140761558500e-01
3.595808379494287998e-01
3.596999012335149737e-01
3.598190039414638774e-01
3.599381460863295135e-01
3.600573276811700474e-01
3.601765487390480858e-01
3.602958092730303985e-01
3.604151092961883074e-01
3.605344488215973531e-01
3.606538278623373506e-01
3.607732464314925003e-01
3.608927045421513324e-01
3.610122022074066517e-01
3.611317394403557035e-01
3.612513162541000633e-01
3.613709326617455253e-01
3.614905886764023246e-01
3.616102843111849707e-01
3.617300195792124140e-01
3.618497944936078237e-01
3.619696090674988653e-01
3.620894633140174790e-01
3.622093572462998790e-01
3.623292908774866650e-01
3.624492642207228776e-01
3.625692772891578874e-01
3.626893300959452282e-01
3.628094226542430412e-01
3.629295549772137419e-01
3.630497270780240204e-01
3.631699389698450631e-01
3.632901906658522750e-01
3.634104821792254469e-01
3.635308135231489213e-01
3.636511847108112039e-01
3.637715957554051860e-01
3.638920466701282552e-01
3.640125374681820181e-01
3.641330681627725774e-01
3.642536387671103104e-01
3.643742492944099798e-01
3.644948997578907335e-01
3.646155901707762159e-01
3.647363205462942903e-01
3.648570908976772054e-01
3.649779012381617616e-01
3.650987515809889228e-01
3.652196419394042604e-01
3.653405723266575089e-01
3.654615427560028995e-01
3.655825532406990486e-01
3.657036037940090134e-01
3.658246944292001257e-01
3.659458251595442135e-01
3.660669959983174349e-01
3.661882069588003330e-01
3.663094580542780032e-01
3.664307492980395931e-01
3.665520807033790796e-01
3.666734522835946586e-01
3.667948640519888004e-01
3.669163160218685271e-01
3.670378082065451908e-01
3.671593406193346398e-01
3.672809132735571080e-01
3.674025261825371036e-01
3.675241793596037976e-01
3.676458728180904689e-01
3.677676065713351150e-01
3.678893806326798965e-01
3.680111950154715816e-01
3.681330497330613238e-01
3.682549447988046065e-01
3.683768802260613540e-01
3.684988560281959868e-01
3.686208722185772557e-01
3.687429288105784631e-01
3.688650258175772412e-01
3.689871632529556078e-01
3.691093411301001881e-01
3.692315594624018815e-01
3.693538182632560285e-01
3.694761175460624658e-01
3.695984573242255267e-01
3.697208376111539296e-01
3.698432584202606677e-01
3.699657197649634521e-01
3.700882216586842133e-01
3.702107641148494888e-01
3.703333471468901461e-01
3.704559707682414937e-01
3.705786349923433920e-01
3.707013398326401421e-01
3.708240853025803752e-01
3.709468714156171631e-01
3.710696981852084075e-01
3.711925656248159511e-01
3.713154737479063550e-01
3.714384225679506768e-01
3.715614120984243041e-01
3.716844423528071761e-01
3.718075133445836178e-01
3.719306250872425612e-01
3.720537775942772130e-01
3.721769708791853870e-01
3.723002049554693382e-01
3.724234798366357624e-01
3.725467955361957961e-01
3.726701520676651835e-01
3.727935494445640541e-01
3.729169876804170336e-01
3.730404667887530779e-01
3.731639867831059165e-01
3.732875476770134981e-01
3.734111494840184342e-01
3.735347922176676660e-01
3.736584758915126869e-01
3.737822005191095975e-01
3.739059661140187174e-01
3.740297726898051955e-01
3.741536202600382333e-01
3.742775088382920834e-01
3.744014384381450511e-01
3.745254090731800489e-01
3.746494207569845969e-01
3.747734735031506004e-01
3.748975673252745167e-01
3.750217022369572439e-01
3.751458782518042323e-01
3.752700953834254838e-01
3.753943536454353858e-01
3.755186530514529886e-01
3.756429936151016169e-01
3.757673753500094249e-01
3.758917982698088966e-01
3.760162623881369570e-01
3.761407677186351939e-01
3.762653142749496360e-01
3.763899020707308640e-01
3.765145311196338995e-01
3.766392014353184270e-01
3.767639130314485163e-01
3.768886659216928448e-01
3.770134601197245861e-01
3.771382956392214103e-01
3.772631724938655395e-01
3.773880906973438587e-01
3.775130502633476381e-01
3.776380512055726446e-01
3.777630935377191967e-01
3.778881772734923317e-01
3.780133024266014163e-01
3.781384690107603697e-01
3.782636770396878290e-01
3.783889265271067615e-01
3.785142174867448528e-01
3.786395499323341740e-01
3.787649238776114036e-01
3.788903393363179384e-01
3.790157963221994497e-01
3.791412948490063828e-01
3.792668349304935127e-01
3.793924165804204440e-01
3.795180398125510557e-01
3.796437046406539451e-01
3.797694110785022614e-01
3.798951591398737615e-01
3.800209488385505874e-01
3.801467801883195996e-01
3.802726532029721551e-01
3.803985678963041628e-01
3.805245242821162499e-01
3.806505223742134847e-01
3.807765621864054317e-01
3.809026437325063741e-01
3.810287670263351467e-01
3.811549320817150810e-01
3.812811389124741157e-01
3.814073875324447971e-01
3.815336779554642788e-01
3.816600101953742108e-01
3.817863842660208507e-01
3.819128001812550632e-01
3.820392579549323764e-01
3.821657576009128143e-01
3.822922991330609532e-01
3.824188825652460322e-01
3.825455079113418422e-01
3.826721751852267817e-01
3.827988844007839120e-01
3.829256355719007354e-01
3.830524287124695282e-01
3.831792638363870629e-01
3.833061409575546641e-01
3.834330600898784303e-01
3.835600212472687898e-01
3.836870244436412225e-01
3.838140696929153717e-01
3.839411570090157655e-01
3.840682864058713175e-01
3.841954578974157153e-01
3.843226714975872538e-01
3.844499272203287799e-01
3.845772250795878033e-01
3.847045650893164415e-01
3.848319472634714189e-01
3.849593716160140677e-01
3.850868381609102720e-01
3.852143469121308561e-01
3.853418978836509745e-01
3.854694910894503890e-01
3.855971265435136353e-01
3.857248042598298565e-01
3.858525242523927479e-01
3.859802865352007228e-01
3.861080911222567469e-01
3.862359380275685039e-01
3.863638272651482852e-01
3.864917588490130451e-01
3.866197327931842898e-01
3.867477491116881327e-01
3.868758078185557392e-01
3.870039089278223821e-01
3.871320524535282748e-01
3.872602384097181827e-01
3.873884668104416451e-01
3.875167376697526422e-01
3.876450510017099838e-01
3.877734068203770867e-01
3.879018051398220313e-01
3.880302459741175047e-01
3.881587293373408576e-01
3.882872552435742697e-01
3.884158237069041952e-01
3.885444347414223065e-01
3.886730883612245502e-01
3.888017845804115358e-01
3.889305234130887579e-01
3.890593048733661519e-01
3.891881289753585382e-01
3.893169957331851783e-01
3.894459051609702738e-01
3.895748572728425230e-01
3.897038520829352870e-01
3.898328896053867565e-01
3.899619698543395629e-01
3.900910928439413894e-01
3.902202585883442487e-01
3.903494671017050388e-01
3.904787183981852650e-01
3.906080124919510954e-01
3.907373493971734724e-01
3.908667291280280010e-01
3.909961516986949492e-01
3.911256171233593038e-01
3.912551254162107695e-01
3.913846765914437142e-01
3.915142706632571690e-01
3.916439076458548829e-01
3.917735875534455459e-01
3.919033104002421775e-01
3.920330762004626823e-01
3.921628849683297391e-01
3.922927367180706337e-01
3.924226314639173707e-01
3.925525692201066730e-01
3.926825500008799819e-01
3.928125738204835127e-01
3.929426406931681437e-01
3.930727506331894716e-01
3.932029036548076451e-01
3.933330997722880307e-01
3.934633389999001585e-01
3.935936213519186655e-01
3.937239468426226296e-01
3.938543154862961249e-01
3.939847272972277770e-01
3.941151822897109303e-01
3.942456804780438140e-01
3.943762218765292649e-01
3.945068064994748935e-01
3.946374343611930846e-01
3.947681054760008856e-01
3.948988198582200071e-01
3.950295775221772665e-01
3.951603784822038667e-01
3.952912227526358402e-01
3.954221103478140487e-01
3.955530412820839614e-01
3.956840155697959327e-01
3.958150332253050352e-01
3.959460942629710600e-01
3.960771986971585723e-01
3.962083465422368556e-01
3.963395378125800783e-01
3.964707725225669055e-01
3.966020506865811646e-01
3.967333723190110684e-01
3.968647374342498257e-01
3.969961460466952530e-01
3.971275981707500513e-01
3.972590938208216960e-01
3.973906330113222696e-01
3.975222157566687953e-01
3.976538420712830701e-01
3.977855119695915542e-01
3.979172254660255370e-01
3.980489825750211375e-01
3.981807833110190820e-01
3.983126276884652039e-01
3.984445157218098332e-01
3.985764474255081846e-01
3.987084228140202469e-01
3.988404419018107827e-01
3.989725047033493843e-01
3.991046112331104179e-01
3.992367615055729679e-01
3.993689555352210596e-01
3.995011933365433809e-01
3.996334749240335049e-01
3.997658003121897785e-01
3.998981695155152116e-01
4.000305825485179212e-01
4.001630394257106316e-01
4.002955401616108411e-01
4.004280847707409330e-01
4.005606732676280646e-01
4.006933056668042226e-01
4.008259819828061676e-01
4.009587022301754899e-01
4.010914664234586646e-01
4.012242745772068853e-01
4.013571267059762304e-01
4.014900228243274416e-01
4.016229629468264228e-01
4.017559470880435746e-01
4.018889752625542933e-01
4.020220474849386383e-01
4.021551637697817205e-01
4.022883241316733138e-01
4.024215285852080770e-01
4.025547771449854983e-01
4.026880698256098956e-01
4.028214066416904715e-01
4.029547876078410917e-01
4.030882127386807290e-01
4.032216820488328524e-01
4.033551955529262600e-01
4.034887532655941911e-01
4.036223552014748250e-01
4.037560013752112265e-01
4.038896918014512893e-01
4.040234264948477927e-01
4.041572054700582894e-01
4.042910287417452730e-01
4.044248963245760664e-01
4.045588082332228219e-01
4.046927644823625214e-01
4.048267650866769762e-01
4.049608100608532157e-01
4.050948994195825992e-01
4.052290331775617593e-01
4.053632113494919365e-01
4.054974339500793112e-01
4.056317009940350604e-01
4.057660124960750792e-01
4.059003684709202031e-01
4.060347689332960974e-01
4.061692138979334232e-01
4.063037033795675046e-01
4.064382373929387726e-01
4.065728159527922658e-01
4.067074390738782963e-01
4.068421067709517835e-01
4.069768190587725321e-01
4.071115759521053423e-01
4.072463774657197888e-01
4.073812236143904419e-01
4.075161144128967572e-01
4.076510498760229639e-01
4.077860300185583431e-01
4.079210548552969495e-01
4.080561244010378341e-01
4.081912386705847662e-01
4.083263976787467886e-01
4.084616014403374962e-01
4.085968499701754797e-01
4.087321432830842705e-01
4.088674813938922847e-01
4.090028643174329348e-01
4.091382920685444069e-01
4.092737646620698833e-01
4.094092821128574866e-01
4.095448444357601137e-01
4.096804516456357681e-01
4.098161037573472276e-01
4.099518007857622104e-01
4.100875427457535416e-01
4.102233296521987094e-01
4.103591615199803089e-01
4.104950383639857647e-01
4.106309601991074421e-01
4.107669270402427020e-01
4.109029389022937351e-01
4.110389958001678390e-01
4.111750977487769743e-01
4.113112447630383195e-01
4.114474368578738828e-01
4.115836740482105016e-01
4.117199563489800096e-01
4.118562837751194583e-01
4.119926563415705068e-01
4.121290740632798655e-01
4.122655369551991855e-01
4.124020450322851139e-01
4.125385983094991826e-01
4.126751968018079753e-01
4.128118405241829603e-01
4.129485294916004912e-01
4.130852637190420840e-01
4.132220432214940287e-01
4.133588680139475557e-01
4.134957381113991692e-01
4.136326535288500361e-01
4.137696142813062639e-01
4.139066203837791780e-01
4.140436718512848224e-01
4.141807686988444037e-01
4.143179109414840133e-01
4.144550985942346832e-01
4.145923316721324969e-01
4.147296101902184784e-01
4.148669341635386476e-01
4.150043036071439650e-01
4.151417185360903872e-01
4.152791789654390331e-01
4.154166849102557402e-01
4.155542363856114529e-01
4.156918334065821119e-01
4.158294759882486535e-01
4.159671641456970104e-01
4.161048978940179999e-01
4.162426772483076021e-01
4.163805022236667375e-01
4.165183728352012671e-01
4.166562890980221034e-01
4.167942510272450996e-01
4.169322586379913265e-01
4.170703119453865737e-01
4.172084109645619043e-01
4.173465557106531554e-01
4.174847461988012709e-01
4.176229824441523020e-01
4.177612644618571291e-01
4.178995922670718510e-01
4.180379658749573957e-01
4.181763853006798537e-01
4.183148505594103117e-01
4.184533616663247413e-01
4.185919186366042766e-01
4.187305214854351587e-01
4.188691702280085138e-01
4.190078648795204641e-01
4.191466054551723497e-01
4.192853919701702847e-01
4.194242244397256569e-01
4.195631028790547945e-01
4.197020273033790216e-01
4.198409977279247696e-01
4.199800141679235210e-01
4.201190766386116993e-01
4.202581851552307790e-01
4.203973397330275641e-01
4.205365403872535213e-01
4.206757871331654464e-01
4.208150799860249647e-01
4.209544189610989195e-01
4.210938040736591503e-01
4.212332353389825479e-01
4.213727127723510546e-01
4.215122363890517199e-01
4.216518062043766446e-01
4.217914222336229257e-01
4.219310844920927672e-01
4.220707929950933690e-01
4.222105477579372601e-01
4.223503487959417990e-01
4.224901961244293958e-01
4.226300897587277339e-01
4.227700297141693264e-01
4.229100160060919045e-01
4.230500486498383061e-01
4.231901276607564211e-01
4.233302530541990794e-01
4.234704248455244957e-01
4.236106430500956588e-01
4.237509076832806643e-01
4.238912187604531034e-01
4.240315762969912305e-01
4.241719803082785178e-01
4.243124308097035446e-01
4.244529278166599418e-01
4.245934713445465580e-01
4.247340614087671828e-01
4.248746980247307681e-01
4.250153812078514837e-01
4.251561109735484401e-01
4.252968873372458547e-01
4.254377103143732186e-01
4.255785799203648523e-01
4.257194961706605718e-01
4.258604590807050227e-01
4.260014686659480687e-01
4.261425249418445138e-01
4.262836279238546022e-01
4.264247776274433521e-01
4.265659740680811662e-01
4.267072172612434988e-01
4.268485072224108001e-01
4.269898439670687940e-01
4.271312275107082557e-01
4.272726578688251786e-01
4.274141350569204967e-01
4.275556590905005838e-01
4.276972299850766990e-01
4.278388477561652636e-01
4.279805124192879728e-01
4.281222239899714621e-01
4.282639824837476961e-01
4.284057879161536908e-01
4.285476403027316250e-01
4.286895396590287288e-01
4.288314860005975615e-01
4.289734793429957338e-01
4.291155197017858525e-01
4.292576070925361309e-01
4.293997415308194454e-01
4.295419230322141124e-01
4.296841516123034999e-01
4.298264272866760827e-01
4.299687500709257204e-01
4.301111199806511576e-01
4.302535370314564678e-01
4.303960012389508871e-01
4.305385126187487588e-01
4.306810711864696439e-01
4.308236769577382663e-01
4.309663299481844012e-01
4.311090301734433750e-01
4.312517776491552324e-01
4.313945723909654584e-01
4.315374144145246449e-01
4.316803037354885464e-01
4.318232403695181909e-01
4.319662243322797135e-01
4.321092556394444117e-01
4.322523343066889123e-01
4.323954603496947824e-01
4.325386337841490847e-01
4.326818546257437670e-01
4.328251228901763281e-01
4.329684385931492074e-01
4.331118017503700623e-01
4.332552123775517683e-01
4.333986704904125298e-01
4.335421761046755473e-01
4.336857292360694616e-01
4.338293299003278536e-01
4.339729781131898001e-01
4.341166738903993183e-01
4.342604172477058100e-01
4.344042082008638950e-01
4.345480467656332446e-01
4.346919329577790259e-01
4.348358667930714017e-01
4.349798482872857530e-01
4.351238774562029010e-01
4.352679543156086073e-01
4.354120788812940734e-01
4.355562511690556082e-01
4.357004711946947939e-01
4.358447389740184863e-01
4.359890545228387593e-01
4.361334178569727937e-01
4.362778289922430996e-01
4.364222879444776271e-01
4.365667947295092666e-01
4.367113493631762933e-01
4.368559518613221448e-01
4.370006022397955880e-01
4.371453005144506077e-01
4.372900467011464620e-01
4.374348408157475721e-01
4.375796828741237432e-01
4.377245728921499435e-01
4.378695108857064144e-01
4.380144968706786157e-01
4.381595308629573360e-01
4.383046128784386930e-01
4.384497429330239671e-01
4.385949210426196565e-01
4.387401472231375887e-01
4.388854214904948647e-01
4.390307438606138590e-01
4.391761143494222197e-01
4.393215329728528129e-01
4.394669997468438893e-01
4.396125146873388623e-01
4.397580778102864740e-01
4.399036891316407405e-01
4.400493486673609511e-01
4.401950564334117799e-01
4.403408124457630635e-01
4.404866167203899674e-01
4.406324692732729309e-01
4.407783701203977222e-01
4.409243192777553833e-01
4.410703167613421738e-01
4.412163625871597938e-01
4.413624567712151614e-01
4.415085993295205236e-01
4.416547902780933454e-01
4.418010296329564213e-01
4.419473174101380408e-01
4.420936536256716565e-01
4.422400382955958831e-01
4.423864714359548866e-01
4.425329530627979957e-01
4.426794831921799234e-01
4.428260618401607118e-01
4.429726890228056213e-01
4.431193647561852966e-01
4.432660890563757672e-01
4.434128619394583359e-01
4.435596834215195239e-01
4.437065535186512366e-01
4.438534722469509308e-01
4.440004396225211147e-01
4.441474556614697367e-01
4.442945203799100184e-01
4.444416337939606221e-01
4.445887959197454276e-01
4.447360067733936995e-01
4.448832663710401425e-01
4.450305747288246239e-01
4.451779318628925064e-01
4.453253377893944265e-01
4.454727925244862941e-01
4.456202960843296257e-01
4.457678484850910450e-01
4.459154497429425601e-01
4.460630998740616748e-01
4.462107988946310555e-01
4.463585468208388640e-01
4.465063436688785359e-01
4.466541894549490022e-01
4.468020841952544675e-01
4.469500279060044101e-01
4.470980206034138593e-01
4.472460623037030625e-01
4.473941530230976515e-01
4.475422927778288096e-01
4.476904815841329932e-01
4.478387194582518771e-01
4.479870064164326871e-01
4.481353424749279779e-01
4.482837276499957446e-01
4.484321619578992557e-01
4.485806454149072198e-01
4.487291780372937300e-01
4.488777598413383196e-01
4.490263908433258511e-01
4.491750710595464602e-01
4.493238005062960561e-01
4.494725791998755993e-01
4.496214071565914905e-01
4.497702843927556260e-01
4.499192109246852866e-01
4.500681867687030269e-01
4.502172119411370632e-01
4.503662864583207193e-01
4.505154103365929807e-01
4.506645835922981069e-01
4.508138062417857972e-01
4.509630783014111355e-01
4.511123997875345348e-01
4.512617707165222924e-01
4.514111911047454795e-01
4.515606609685809958e-01
4.517101803244110703e-01
4.518597491886232609e-01
4.520093675776106767e-01
4.521590355077718115e-01
4.523087529955104880e-01
4.524585200572361909e-01
4.526083367093636789e-01
4.527582029683130949e-01
4.529081188505101885e-01
4.530580843723858164e-01
4.532080995503768861e-01
4.533581644009251344e-01
4.535082789404780712e-01
4.536584431854885358e-01
4.538086571524148627e-01
4.539589208577207713e-01
4.541092343178755319e-01
4.542595975493537441e-01
4.544100105686356139e-01
4.545604733922066765e-01
4.547109860365579626e-01
4.548615485181858875e-01
4.550121608535926399e-01
4.551628230592855706e-01
4.553135351517774709e-01
4.554642971475867941e-01
4.556151090632373224e-01
4.557659709152583893e-01
4.559168827201847130e-01
4.560678444945566179e-01
4.562188562549198134e-01
4.563699180178254489e-01
4.565210297998302802e-01
4.566721916174964480e-01
4.568234034873914218e-01
4.569746654260887220e-01
4.571259774501666984e-01
4.572773395762095849e-01
4.574287518208069447e-01
4.575802142005538364e-01
4.577317267320509253e-01
4.578832894319042612e-01
4.580349023167253897e-01
4.581865654031315183e-01
4.583382787077451281e-01
4.584900422471944181e-01
4.586418560381127496e-01
4.587937200971395346e-01
4.589456344409192923e-01
4.590975990861021483e-01
4.592496140493437240e-01
4.594016793473051363e-01
4.595537949966531643e-01
4.597059610140599162e-01
4.598581774162031621e-01
4.600104442197660570e-01
4.601627614414374734e-01
4.603151290979116128e-01
4.604675472058883390e-01
4.606200157820728447e-01
4.607725348431762624e-01
4.609251044059148317e-01
4.610777244870105651e-01
4.612303951031909155e-01
4.613831162711889422e-01
4.615358880077430892e-01
4.616887103295975736e-01
4.618415832535020527e-01
4.619945067962116236e-01
4.621474809744870460e-01
4.623005058050946858e-01
4.624535813048061828e-01
4.626067074903992271e-01
4.627598843786566718e-01
4.629131119863669208e-01
4.630663903303241513e-01
4.632197194273278695e-01
4.633730992941834104e-01
4.635265299477014378e-01
4.636800114046982779e-01
4.638335436819958080e-01
4.639871267964215673e-01
4.641407607648085354e-01
4.642944456039952983e-01
4.644481813308258822e-01
4.646019679621504195e-01
4.647558055148239831e-01
4.649096940057075855e-01
4.650636334516676795e-01
4.652176238695763244e-01
4.653716652763112971e-01
4.655257576887557591e-01
4.656799011237986452e-01
4.658340955983342746e-01
4.659883411292627953e-01
4.661426377334898508e-01
4.662969854279264692e-01
4.664513842294897294e-01
4.666058341551020394e-01
4.667603352216913026e-01
4.669148874461912513e-01
4.670694908455411132e-01
4.672241454366857782e-01
4.673788512365756320e-01
4.675336082621667777e-01
4.676884165304209806e-01
4.678432760583054462e-01
4.679981868627932085e-01
4.681531489608627417e-01
4.683081623694980711e-01
4.684632271056893282e-01
4.686183431864317517e-01
4.687735106287264086e-01
4.689287294495799729e-01
4.690839996660047806e-01
4.692393212950186632e-01
4.693946943536453364e-01
4.695501188589139008e-01
4.697055948278592852e-01
4.698611222775219698e-01
4.700167012249480414e-01
4.701723316871893044e-01
4.703280136813031143e-01
4.704837472243527108e-01
4.706395323334067182e-01
4.707953690255394785e-01
4.709512573178311068e-01
4.711071972273672692e-01
4.712631887712392387e-01
4.714192319665440056e-01
4.715753268303843337e-01
4.717314733798684823e-01
4.718876716321104281e-01
4.720439216042298658e-01
4.722002233133519855e-01
4.723565767766080281e-01
4.725129820111345080e-01
4.726694390340737684e-01
4.728259478625738699e-01
4.729825085137884799e-01
4.731391210048769835e-01
4.732957853530044279e-01
4.734525015753415778e-01
4.736092696890648601e-01
4.737660897113563085e-01
4.739229616594038408e-01
4.740798855504008702e-01
4.742368614015464723e-01
4.743938892300458288e-01
4.745509690531093394e-01
4.747081008879532882e-01
4.748652847517996767e-01
4.750225206618761686e-01
4.751798086354161454e-01
4.753371486896587617e-01
4.754945408418487229e-01
4.756519851092365636e-01
4.758094815090785357e-01
4.759670300586366087e-01
4.761246307751781925e-01
4.762822836759770251e-01
4.764399887783119514e-01
4.765977460994679227e-01
4.767555556567353303e-01
4.769134174674105608e-01
4.770713315487954964e-01
4.772292979181979033e-01
4.773873165929312101e-01
4.775453875903146184e-01
4.777035109276729918e-01
4.778616866223370785e-01
4.780199146916431219e-01
4.781781951529332497e-01
4.783365280235554740e-01
4.784949133208634131e-01
4.786533510622162924e-01
4.788118412649793321e-01
4.789703839465233037e-01
4.791289791242249185e-01
4.792876268154664388e-01
4.794463270376360109e-01
4.796050798081275546e-01
4.797638851443406516e-01
4.799227430636807679e-01
4.800816535835588650e-01
4.802406167213921218e-01
4.803996324946031571e-01
4.805587009206204185e-01
4.807178220168781269e-01
4.808769958008162759e-01
4.810362222898806883e-01
4.811955015015229042e-01
4.813548334532001816e-01
4.815142181623757733e-01
4.816736556465184838e-01
4.818331459231030012e-01
4.819926890096097871e-01
4.821522849235250763e-01
4.823119336823410430e-01
4.824716353035554128e-01
4.826313898046719064e-01
4.827911972031998511e-01
4.829510575166545139e-01
4.831109707625569349e-01
4.832709369584339276e-01
4.834309561218181339e-01
4.835910282702479690e-01
4.837511534212676767e-01
4.839113315924273295e-01
4.840715628012827731e-01
4.842318470653955709e-01
4.843921844023334478e-01
4.845525748296696245e-01
4.847130183649831503e-01
4.848735150258590698e-01
4.850340648298880897e-01
4.851946677946668007e-01
4.853553239377976225e-01
4.855160332768888587e-01
4.856767958295545862e-01
4.858376116134146550e-01
4.859984806460948548e-01
4.861594029452266374e-01
4.863203785284476721e-01
4.864814074134010680e-01
4.866424896177359849e-01
4.868036251591073560e-01
4.869648140551758875e-01
4.871260563236083363e-01
4.872873519820771770e-01
4.874487010482606575e-01
4.876101035398430761e-01
4.877715594745144490e-01
4.879330688699706764e-01
4.880946317439134874e-01
4.882562481140504951e-01
4.884179179980953633e-01
4.885796414137673072e-01
4.887414183787915922e-01
4.889032489108993129e-01
4.890651330278274478e-01
4.892270707473187485e-01
4.893890620871220731e-01
4.895511070649918861e-01
4.897132056986887028e-01
4.898753580059789225e-01
4.900375640046346626e-01
4.901998237124340352e-01
4.903621371471612034e-01
4.905245043266059923e-01
4.906869252685641114e-01
4.908493999908373762e-01
4.910119285112332088e-01
4.911745108475651378e-01
4.913371470176525202e-01
4.914998370393206528e-01
4.916625809304007166e-01
4.918253787087296658e-01
4.919882303921506161e-01
4.921511359985123457e-01
4.923140955456695722e-01
4.924771090514832861e-01
4.926401765338199179e-01
4.928032980105520600e-01
4.929664734995581887e-01
4.931297030187225539e-01
4.932929865859356222e-01
4.934563242190934673e-01
4.936197159360983244e-01
4.937831617548582575e-01
4.939466616932872145e-01
4.941102157693051944e-01
4.942738240008379136e-01
4.944374864058174168e-01
4.946012030021813555e-01
4.947649738078733761e-01
4.949287988408431205e-01
4.950926781190461701e-01
4.952566116604440460e-01
4.954205994830041537e-01
4.955846416046999492e-01
4.957487380435107172e-01
4.959128888174219041e-01
4.960770939444246741e-01
4.962413534425162420e-01
4.964056673296997624e-01
4.965700356239845514e-01
4.967344583433856431e-01
4.968989355059240665e-01
4.970634671296269014e-01
4.972280532325271118e-01
4.973926938326637126e-01
4.975573889480817136e-01
4.977221385968319534e-01
4.978869427969713213e-01
4.980518015665628129e-01
4.982167149236751968e-01
4.983816828863832926e-01
4.985467054727680813e-01
4.987117827009163173e-01
4.988769145889208056e-01
4.990421011548803465e-01
4.992073424168997353e-01
4.993726383930897073e-01
4.995379891015671592e-01
4.997033945604547611e-01
4.998688547878813448e-01
5.000343698019816818e-01
5.001999396208967053e-01
5.003655642627728994e-01
5.005312437457632990e-01
5.006969780880267118e-01
5.008627673077280518e-01
5.010286114230380061e-01
5.011945104521333683e-01
5.013604644131972599e-01
5.015264733244184647e-01
5.016925372039918729e-01
5.018586560701184807e-01
5.020248299410052795e-01
5.021910588348652560e-01
5.023573427699173921e-01
5.025236817643867759e-01
5.026900758365043798e-01
5.028565250045077262e-01
5.030230292866396669e-01
5.031895887011494928e-01
5.033562032662926011e-01
5.035228730003300512e-01
5.036895979215293417e-01
5.038563780481639665e-01
5.040232133985131924e-01
5.041901039908626148e-01
5.043570498435037130e-01
5.045240509747341839e-01
5.046911074028576083e-01
5.048582191461838953e-01
5.050253862230287272e-01
5.051926086517140035e-01
5.053598864505676191e-01
5.055272196379235750e-01
5.056946082321218672e-01
5.058620522515088203e-01
5.060295517144365318e-01
5.061971066392633167e-01
5.063647170443534851e-01
5.065323829480775641e-01
5.067001043688120765e-01
5.068678813249394288e-01
5.070357138348486892e-01
5.072036019169344767e-01
5.073715455895977389e-01
5.075395448712454183e-01
5.077075997802904528e-01
5.078757103351522195e-01
5.080438765542558688e-01
5.082120984560328791e-01
5.083803760589205023e-01
5.085487093813626513e-01
5.087170984418086794e-01
5.088855432587143790e-01
5.090540438505419818e-01
5.092226002357593817e-01
5.093912124328405788e-01
5.095598804602659015e-01
5.097286043365216734e-01
5.098973840801004354e-01
5.100662197095008343e-01
5.102351112432275126e-01
5.104040586997914408e-01
5.105730620977095846e-01
5.107421214555050160e-01
5.109112367917070241e-01
5.110804081248507824e-01
5.112496354734783477e-01
5.114189188561369948e-01
5.115882582913806598e-01
5.117576537977691631e-01
5.119271053938688754e-01
5.120966130982518294e-01
5.122661769294964973e-01
5.124357969061873463e-01
5.126054730469151721e-01
5.127752053702768764e-01
5.129449938948753562e-01
5.131148386393198368e-01
5.132847396222256497e-01
5.134546968622144547e-01
5.136247103779136847e-01
5.137947801879573229e-01
5.139649063109852367e-01
5.141350887656438440e-01
5.143053275705852245e-01
5.144756227444681196e-01
5.146459743059571545e-01
5.148163822737232831e-01
5.149868466664434541e-01
5.151573675028009447e-01
5.153279448014851383e-01
5.154985785811918575e-01
5.156692688606228092e-01
5.158400156584860285e-01
5.160108189934957679e-01
5.161816788843722748e-01
5.163525953498423471e-01
5.165235684086386669e-01
5.166945980795002447e-01
5.168656843811723078e-01
5.170368273324063013e-01
5.172080269519597762e-01
5.173792832585967227e-01
5.175505962710867935e-01
5.177219660082068575e-01
5.178933924887390017e-01
5.180648757314719743e-01
5.182364157552007411e-01
5.184080125787264848e-01
5.185796662208564944e-01
5.187513767004044984e-01
5.189231440361902203e-01
5.190949682470396009e-01
5.192668493517852424e-01
5.194387873692654090e-01
5.196107823183248042e-01
5.197828342178147931e-01
5.199549430865924027e-01
5.201271089435210992e-01
5.202993318074706774e-01
5.204716116973171491e-01
5.206439486319426324e-01
5.208163426302357957e-01
5.209887937110911915e-01
5.211613018934100339e-01
5.213338671960994208e-01
5.215064896380728898e-01
5.216791692382501955e-01
5.218519060155573097e-01
5.220246999889268658e-01
5.221975511772971590e-01
5.223704595996132571e-01
5.225434252748260011e-01
5.227164482218931152e-01
5.228895284597779858e-01
5.230626660074506606e-01
5.232358608838875158e-01
5.234091131080709225e-01
5.235824226989898023e-01
5.237557896756390718e-01
5.239292140570200873e-01
5.241026958621408660e-01
5.242762351100151985e-01
5.244498318196632036e-01
5.246234860101116615e-01
5.247971977003932365e-01
5.249709669095472542e-01
5.251447936566191466e-01
5.253186779606606738e-01
5.254926198407299243e-01
5.256666193158912037e-01
5.258406764052153681e-01
5.260147911277792687e-01
5.261889635026663070e-01
5.263631935489662128e-01
5.265374812857750442e-01
5.267118267321948544e-01
5.268862299073344690e-01
5.270606908303088201e-01
5.272352095202390565e-01
5.274097859962529888e-01
5.275844202774843117e-01
5.277591123830736031e-01
5.279338623321672141e-01
5.281086701439182685e-01
5.282835358374858847e-01
5.284584594320359541e-01
5.286334409467403628e-01
5.288084804007775475e-01
5.289835778133319399e-01
5.291587332035948554e-01
5.293339465907636043e-01
5.295092179940418253e-01
5.296845474326398184e-01
5.298599349257738789e-01
5.300353804926669632e-01
5.302108841525482452e-01
5.303864459246533380e-01
5.305620658282239610e-01
5.307377438825087168e-01
5.309134801067620923e-01
5.310892745202453469e-01
5.312651271422257349e-01
5.314410379919770611e-01
5.316170070887795696e-01
5.317930344519199437e-01
5.319691201006910841e-01
5.321452640543922197e-01
5.323214663323293516e-01
5.324977269538143654e-01
5.326740459381659187e-01
5.328504233047087757e-01
5.330268590727745837e-01
5.332033532617008742e-01
5.333799058908318402e-01
5.335565169795178919e-01
5.337331865471162118e-01
5.339099146129899776e-01
5.340867011965089173e-01
5.342635463170493093e-01
5.344404499939937603e-01
5.346174122467312051e-01
5.347944330946571290e-01
5.349715125571733454e-01
5.351486506536882182e-01
5.353258474036163284e-01
5.355031028263790294e-01
5.356804169414036698e-01
5.358577897681243707e-01
5.360352213259814702e-01
5.362127116344218569e-01
5.363902607128989697e-01
5.365678685808723536e-01
5.367455352578083261e-01
5.369232607631795329e-01
5.371010451164650590e-01
5.372788883371503177e-01
5.374567904447274946e-01
5.376347514586948817e-01
5.378127713985575431e-01
5.379908502838266493e-01
5.381689881340201431e-01
5.383471849686622956e-01
5.385254408072838173e-01
5.387037556694218576e-01
5.388821295746202278e-01
5.390605625424290670e-01
5.392390545924048428e-01
5.394176057441107952e-01
5.395962160171164923e-01
5.397748854309979416e-01
5.399536140053378119e-01
5.401324017597251004e-01
5.403112487137551323e-01
5.404901548870301164e-01
5.406691202991584788e-01
5.408481449697551957e-01
5.410272289184416827e-01
5.412063721648461279e-01
5.413855747286027142e-01
5.415648366293526195e-01
5.417441578867430163e-01
5.419235385204284050e-01
5.421029785500689480e-01
5.422824779953316909e-01
5.424620368758902300e-01
5.426416552114246006e-01
5.428213330216211663e-01
5.430010703261730631e-01
5.431808671447800885e-01
5.433607234971480349e-01
5.435406394029898003e-01
5.437206148820242779e-01
5.439006499539773554e-01
5.440807446385812485e-01
5.442608989555746124e-01
5.444411129247028747e-01
5.446213865657177911e-01
5.448017198983776677e-01
5.449821129424474719e-01
5.451625657176987216e-01
5.453430782439092628e-01
5.455236505408638248e-01
5.457042826283533543e-01
5.458849745261756814e-01
5.460657262541348533e-01
5.462465378320415788e-01
5.464274092797133386e-01
5.466083406169740533e-01
5.467893318636541933e-01
5.469703830395905575e-01
5.471514941646269392e-01
5.473326652586134600e-01
5.475138963414067916e-01
5.476951874328702674e-01
5.478765385528737708e-01
5.480579497212938467e-01
5.482394209580133682e-01
5.484209522829219807e-01
5.486025437159159912e-01
5.487841952768982567e-01
5.489659069857781848e-01
5.491476788624715111e-01
5.493295109269010768e-01
5.495114031989959402e-01
5.496933556986918212e-01
5.498753684459312119e-01
5.500574414606630436e-01
5.502395747628429090e-01
5.504217683724329513e-01
5.506040223094020858e-01
5.507863365937254452e-01
5.509687112453853786e-01
5.511511462843704523e-01
5.513336417306757831e-01
5.515161976043034819e-01
5.516988139252618772e-01
5.518814907135661807e-01
5.520642279892381543e-01
5.522470257723061104e-01
5.524298840828051338e-01
5.526128029407768594e-01
5.527957823662695835e-01
5.529788223793381530e-01
5.531619230000441867e-01
5.533450842484559651e-01
5.535283061446484298e-01
5.537115887087028510e-01
5.538949319607074928e-01
5.540783359207571701e-01
5.542618006089533589e-01
5.544453260454041965e-01
5.546289122502242597e-01
5.548125592435352305e-01
5.549962670454650082e-01
5.551800356761484867e-01
5.553638651557268879e-01
5.555477555043486504e-01
5.557317067421683188e-01
5.559157188893473212e-01
5.560997919660538580e-01
5.562839259924627910e-01
5.564681209887553104e-01
5.566523769751199335e-01
5.568366939717512842e-01
5.570210719988508696e-01
5.572055110766269692e-01
5.573900112252945238e-01
5.575745724650751356e-01
5.577591948161969571e-01
5.579438782988952461e-01
5.581286229334114779e-01
5.583134287399942330e-01
5.584982957388984204e-01
5.586832239503859432e-01
5.588682133947253661e-01
5.590532640921919150e-01
5.592383760630673661e-01
5.594235493276406013e-01
5.596087839062069413e-01
5.597940798190683687e-01
5.599794370865336379e-01
5.601648557289186092e-01
5.603503357665453599e-01
5.605358772197429618e-01
5.607214801088470368e-01
5.609071444542000906e-01
5.610928702761514009e-01
5.612786575950569068e-01
5.614645064312790979e-01
5.616504168051876800e-01
5.618363887371585763e-01
5.620224222475748155e-01
5.622085173568259764e-01
5.623946740853085213e-01
5.625808924534256850e-01
5.627671724815873633e-01
5.629535141902101136e-01
5.631399175997175988e-01
5.633263827305399207e-01
5.635129096031139539e-01
5.636994982378834562e-01
5.638861486552990687e-01
5.640728608758179830e-01
5.642596349199042738e-01
5.644464708080286774e-01
5.646333685606687025e-01
5.648203281983091850e-01
5.650073497414408452e-01
5.651944332105618418e-01
5.653815786261768839e-01
5.655687860087975638e-01
5.657560553789420243e-01
5.659433867571355137e-01
5.661307801639099413e-01
5.663182356198039891e-01
5.665057531453631112e-01
5.666933327611396454e-01
5.668809744876928125e-01
5.670686783455883839e-01
5.672564443553992364e-01
5.674442725377047969e-01
5.676321629130915980e-01
5.678201155021527224e-01
5.680081303254881364e-01
5.681962074037045785e-01
5.683843467574158925e-01
5.685725484072424729e-01
5.687608123738115973e-01
5.689491386777573156e-01
5.691375273397206724e-01
5.693259783803493734e-01
5.695144918202980078e-01
5.697030676802283811e-01
5.698917059808085162e-01
5.700804067427135413e-01
5.702691699866255792e-01
5.704579957332335249e-01
5.706468840032328238e-01
5.708358348173263597e-01
5.710248481962232336e-01
5.712139241606398743e-01
5.714030627312993715e-01
5.715922639289316987e-01
5.717815277742734903e-01
5.719708542880689306e-01
5.721602434910683099e-01
5.723496954040291351e-01
5.725392100477156854e-01
5.727287874428992343e-01
5.729184276103578277e-01
5.731081305708763951e-01
5.732978963452468602e-01
5.734877249542678079e-01
5.736776164187449289e-01
5.738675707594907971e-01
5.740575879973247586e-01
5.742476681530729321e-01
5.744378112475687637e-01
5.746280173016522497e-01
5.748182863361702699e-01
5.750086183719768096e-01
5.751990134299327373e-01
5.753894715309055830e-01
5.755799926957699819e-01
5.757705769454075639e-01
5.759612243007066201e-01
5.761519347825626580e-01
5.763427084118778465e-01
5.765335452095611268e-01
5.767244451965291008e-01
5.769154083937045874e-01
5.771064348220175111e-01
5.772975245024047908e-01
5.774886774558103397e-01
5.776798937031847325e-01
5.778711732654858713e-01
5.780625161636783194e-01
5.782539224187335236e-01
5.784453920516302583e-01
5.786369250833538480e-01
5.788285215348967228e-01
5.790201814272581959e-01
5.792119047814446864e-01
5.794036916184696073e-01
5.795955419593529223e-01
5.797874558251220334e-01
5.799794332368110039e-01
5.801714742154610027e-01
5.803635787821200820e-01
5.805557469578433993e-01
5.807479787636928847e-01
5.809402742207375736e-01
5.811326333500533847e-01
5.813250561727232313e-01
5.815175427098374650e-01
5.817100929824925437e-01
5.819027070117926970e-01
5.820953848188485935e-01
5.822881264247783406e-01
5.824809318507065958e-01
5.826738011177654553e-01
5.828667342470936763e-01
5.830597312598371218e-01
5.832527921771486490e-01
5.834459170201882205e-01
5.836391058101226825e-01
5.838323585681257644e-01
5.840256753153787450e-01
5.842190560730693427e-01
5.844125008623924922e-01
5.846060097045501225e-01
5.847995826207512682e-01
5.849932196322118472e-01
5.851869207601549938e-01
5.853806860258106148e-01
5.855745154504159444e-01
5.857684090552149891e-01
5.859623668614589720e-01
5.861563888904058883e-01
5.863504751633210610e-01
5.865446257014769182e-01
5.867388405261526607e-01
5.869331196586345945e-01
5.871274631202161309e-01
5.873218709321976760e-01
5.875163431158868521e-01
5.877108796925981649e-01
5.879054806836531144e-01
5.881001461103806394e-01
5.882948759941162287e-01
5.884896703562026987e-01
5.886845292179899714e-01
5.888794526008350738e-01
5.890744405261020278e-01
5.892694930151618493e-01
5.894646100893926599e-01
5.896597917701797975e-01
5.898550380789154834e-01
5.900503490369990445e-01
5.902457246658372458e-01
5.904411649868434031e-01
5.906366700214383814e-01
5.908322397910498180e-01
5.910278743171125670e-01
5.912235736210684767e-01
5.914193377243669447e-01
5.916151666484639193e-01
5.918110604148225651e-01
5.920070190449134850e-01
5.922030425602139436e-01
5.923991309822085327e-01
5.925952843323891717e-01
5.927915026322544412e-01
5.929877859033103604e-01
5.931841341670700540e-01
5.933805474450536410e-01
5.935770257587882348e-01
5.937735691298086094e-01
5.939701775796562000e-01
5.941668511298797695e-01
5.943635898020349639e-01
5.945603936176849791e-01
5.947572625983997829e-01
5.949541967657565600e-01
5.951511961413399332e-01
5.953482607467411869e-01
5.955453906035592659e-01
5.957425857333998875e-01
5.959398461578759854e-01
5.961371718986077095e-01
5.963345629772225376e-01
5.965320194153548305e-01
5.967295412346463879e-01
5.969271284567457814e-01
5.971247811033091324e-01
5.973224991959995567e-01
5.975202827564872754e-01
5.977181318064499482e-01
5.979160463675721182e-01
5.981140264615456559e-01
5.983120721100696482e-01
5.985101833348501765e-01
5.987083601576008718e-01
5.989066026000421372e-01
5.991049106839019256e-01
5.993032844309150731e-01
5.995017238628238543e-01
5.997002290013775383e-01
5.998987998683327216e-01
6.000974364854533283e-01
6.002961388745102767e-01
6.004949070572817016e-01
6.006937410555529544e-01
6.008926408911168249e-01
6.010916065857729862e-01
6.012906381613286610e-01
6.014897356395980665e-01
6.016888990424027472e-01
6.018881283915713531e-01
6.020874237089398617e-01
6.022867850163514669e-01
6.024862123356564680e-01
6.026857056887127140e-01
6.028852650973850480e-01
6.030848905835454188e-01
6.032845821690734356e-01
6.034843398758554800e-01
6.036841637257855941e-01
6.038840537407649256e-01
6.040840099427017273e-01
6.042840323535116909e-01
6.044841209951176131e-01
6.046842758894497294e-01
6.048844970584452696e-01
6.050847845240490130e-01
6.052851383082129555e-01
6.054855584328960871e-01
6.056860449200650587e-01
6.058865977916935153e-01
6.060872170697624295e-01
6.062879027762602124e-01
6.064886549331823806e-01
6.066894735625317781e-01
6.068903586863186872e-01
6.070913103265602739e-01
6.072923285052814757e-01
6.074934132445143353e-01
6.076945645662978901e-01
6.078957824926789488e-01
6.080970670457114258e-01
6.082984182474565626e-01
6.084998361199827066e-01
6.087013206853656433e-01
6.089028719656887079e-01
6.091044899830423409e-01
6.093061747595241995e-01
6.095079263172393791e-01
6.097097446783003027e-01
6.099116298648266099e-01
6.101135818989454895e-01
6.103156008027911250e-01
6.105176865985053603e-01
6.107198393082370336e-01
6.109220589541427548e-01
6.111243455583859063e-01
6.113266991431378639e-01
6.115291197305767756e-01
6.117316073428885614e-01
6.119341620022660244e-01
6.121367837309098503e-01
6.123394725510276082e-01
6.125422284848345278e-01
6.127450515545529441e-01
6.129479417824128529e-01
6.131508991906513550e-01
6.133539238015131012e-01
6.135570156372499584e-01
6.137601747201208990e-01
6.139634010723932223e-01
6.141666947163405554e-01
6.143700556742442975e-01
6.145734839683935080e-01
6.147769796210840187e-01
6.149805426546195442e-01
6.151841730913110151e-01
6.153878709534768010e-01
6.155916362634424877e-01
6.157954690435413214e-01
6.159993693161136541e-01
6.162033371035073870e-01
6.164073724280779709e-01
6.166114753121880732e-01
6.168156457782076885e-01
6.170198838485143611e-01
6.172241895454931848e-01
6.174285628915362478e-01
6.176330039090432988e-01
6.178375126204217471e-01
6.180420890480859963e-01
6.182467332144579997e-01
6.184514451419672598e-01
6.186562248530507180e-01
6.188610723701524208e-01
6.190659877157244084e-01
6.192709709122256045e-01
6.194760219821227043e-01
6.196811409478896193e-01
6.198863278320079218e-01
6.200915826569666223e-01
6.202969054452618369e-01
6.205022962193974534e-01
6.207077550018847978e-01
6.209132818152425237e-01
6.211188766819969453e-01
6.213245396246812602e-01
6.215302706658371035e-01
6.217360698280127718e-01
6.219419371337643332e-01
6.221478726056552944e-01
6.223538762662564894e-01
6.225599481381464129e-01
6.227660882439109979e-01
6.229722966061437273e-01
6.231785732474452999e-01
6.233849181904240755e-01
6.235913314576960742e-01
6.237978130718844216e-01
6.240043630556197929e-01
6.242109814315409677e-01
6.244176682222934982e-01
6.246244234505307080e-01
6.248312471389133593e-01
6.250381393101098748e-01
6.252450999867958936e-01
6.254521291916548265e-01
6.256592269473776335e-01
6.258663932766623805e-01
6.260736282022152377e-01
6.262809317467493697e-01
6.264883039329858239e-01
6.266957447836527528e-01
6.269032543214865250e-01
6.271108325692302810e-01
6.273184795496352661e-01
6.275261952854599423e-01
6.277339797994703208e-01
6.279418331144400733e-01
6.281497552531503104e-01
6.283577462383898027e-01
6.285658060929547597e-01
6.287739348396490513e-01
6.289821325012838749e-01
6.291903991006780883e-01
6.293987346606584321e-01
6.296071392040587522e-01
6.298156127537206661e-01
6.300241553324932298e-01
6.302327669632331597e-01
6.304414476688048330e-01
6.306501974720800652e-01
6.308590163959382213e-01
6.310679044632662160e-01
6.312768616969587354e-01
6.314858881199179041e-01
6.316949837550535074e-01
6.319041486252825468e-01
6.321133827535303507e-01
6.323226861627293527e-01
6.325320588758195361e-01
6.327415009157485448e-01
6.329510123054717941e-01
6.331605930679520267e-01
6.333702432261598680e-01
6.335799628030732711e-01
6.337897518216781823e-01
6.339996103049676535e-01
6.342095382759427302e-01
6.344195357576117855e-01
6.346296027729912970e-01
6.348397393451048476e-01
6.350499454969840141e-01
6.352602212516677005e-01
6.354705666322024715e-01
6.356809816616428854e-01
6.358914663630506059e-01
6.361020207594952902e-01
6.363126448740542562e-01
6.365233387298122603e-01
6.367341023498617192e-01
6.369449357573028214e-01
6.371558389752431939e-01
6.373668120267986792e-01
6.375778549350920033e-01
6.377889677232541077e-01
6.380001504144233726e-01
6.382114030317457276e-01
6.384227255983749849e-01
6.386341181374726172e-01
6.388455806722075359e-01
6.390571132257566456e-01
6.392687158213041787e-01
6.394803884820423612e-01
6.396921312311707464e-01
6.399039440918969923e-01
6.401158270874363065e-01
6.403277802410114461e-01
6.405398035758527175e-01
6.407518971151985321e-01
6.409640608822947394e-01
6.411762949003949608e-01
6.413885991927603669e-01
6.416009737826600112e-01
6.418134186933707186e-01
6.420259339481767524e-01
6.422385195703702587e-01
6.424511755832509330e-01
6.426639020101265753e-01
6.428766988743123134e-01
6.430895661991312684e-01
6.433025040079140000e-01
6.435155123239988395e-01
6.437285911707322228e-01
6.439417405714678022e-01
6.441549605495673347e-01
6.443682511284001269e-01
6.445816123313432566e-01
6.447950441817815737e-01
6.450085467031074771e-01
6.452221199187216927e-01
6.454357638520320517e-01
6.456494785264543790e-01
6.458632639654122709e-01
6.460771201923369844e-01
6.462910472306677701e-01
6.465050451038513168e-01
6.467191138353424185e-01
6.469332534486033071e-01
6.471474639671042084e-01
6.473617454143228978e-01
6.475760978137452550e-01
6.477905211888645987e-01
6.480050155631823516e-01
6.482195809602073755e-01
6.484342174034567474e-01
6.486489249164547610e-01
6.488637035227340366e-01
6.490785532458346330e-01
6.492934741093044915e-01
6.495084661366995471e-01
6.497235293515832844e-01
6.499386637775270703e-01
6.501538694381100436e-01
6.503691463569193365e-01
6.505844945575495197e-01
6.507999140636034907e-01
6.510154048986915853e-01
6.512309670864320221e-01
6.514466006504507911e-01
6.516623056143818760e-01
6.518780820018670319e-01
6.520939298365556747e-01
6.523098491421052136e-01
6.525258399421809408e-01
6.527419022604558085e-01
6.529580361206107630e-01
6.531742415463344109e-01
6.533905185613234634e-01
6.536068671892822923e-01
6.538232874539231521e-01
6.540397793789662906e-01
6.542563429881393944e-01
6.544729783051784766e-01
6.546896853538272110e-01
6.549064641578370427e-01
6.551233147409675217e-01
6.553402371269858584e-01
6.555572313396671458e-01
6.557742974027945815e-01
6.559914353401586906e-01
6.562086451755586580e-01
6.564259269328008850e-01
6.566432806357000995e-01
6.568607063080786901e-01
6.570782039737668168e-01
6.572957736566027442e-01
6.575134153804325088e-01
6.577311291691102513e-01
6.579489150464978842e-01
6.581667730364649804e-01
6.583847031628893287e-01
6.586027054496563782e-01
6.588207799206599047e-01
6.590389265998013446e-01
6.592571455109897949e-01
6.594754366781426791e-01
6.596938001251851924e-01
6.599122358760501905e-01
6.601307439546789668e-01
6.603493243850202532e-01
6.605679771910309972e-01
6.607867023966760289e-01
6.610055000259280611e-01
6.612243701027678000e-01
6.614433126511836125e-01
6.616623276951725252e-01
6.618814152587388921e-01
6.621005753658949500e-01
6.623198080406613730e-01
6.625391133070663852e-01
6.627584911891462038e-01
6.629779417109452622e-01
6.631974648965158758e-01
6.634170607699180211e-01
6.636367293552198898e-01
6.638564706764977785e-01
6.640762847578355332e-01
6.642961716233256597e-01
6.645161312970678802e-01
6.647361638031703546e-01
6.649562691657491253e-01
6.651764474089281176e-01
6.653966985568393611e-01
6.656170226336228790e-01
6.658374196634266884e-01
6.660578896704065777e-01
6.662784326787267730e-01
6.664990487125590501e-01
6.667197377960835114e-01
6.669404999534878087e-01
6.671613352089684756e-01
6.673822435867292624e-01
6.676032251109822457e-01
6.678242798059473850e-01
6.680454076958527443e-01
6.682666088049343811e-01
6.684878831574364577e-01
6.687092307776111300e-01
6.689306516897185473e-01
6.691521459180268527e-01
6.693737134868122940e-01
6.695953544203591123e-01
6.698170687429595427e-01
6.700388564789142576e-01
6.702607176525313681e-01
6.704826522881274231e-01
6.707046604100269649e-01
6.709267420425625295e-01
6.711488972100746464e-01
6.713711259369119499e-01
6.715934282474314010e-01
6.718158041659976210e-01
6.720382537169834469e-01
6.722607769247699316e-01
6.724833738137458994e-01
6.727060444083087232e-01
6.729287887328633255e-01
6.731516068118231777e-01
6.733744986696094115e-01
6.735974643306514853e-01
6.738205038193868512e-01
6.740436171602612880e-01
6.742668043777283460e-01
6.744900654962497910e-01
6.747134005402956047e-01
6.749368095343436513e-01
6.751602925028802327e-01
6.753838494703990891e-01
6.756074804614031759e-01
6.758311855004024427e-01
6.760549646119157208e-01
6.762788178204695022e-01
6.765027451505986056e-01
6.767267466268459541e-01
6.769508222737624648e-01
6.771749721159074920e-01
6.773991961778481619e-01
6.776234944841599273e-01
6.778478670594264566e-01
6.780723139282393008e-01
6.782968351151984487e-01
6.785214306449118826e-01
6.787461005419956894e-01
6.789708448310741717e-01
6.791956635367797368e-01
6.794205566837531185e-01
6.796455242966429333e-01
6.798705664001061244e-01
6.800956830188078506e-01
6.803208741774212642e-01
6.805461399006278445e-01
6.807714802131172860e-01
6.809968951395869441e-01
6.812223847047433889e-01
6.814479489333004070e-01
6.816735878499802226e-01
6.818993014795136087e-01
6.821250898466389989e-01
6.823509529761033754e-01
6.825768908926619360e-01
6.828029036210776503e-01
6.830289911861222585e-01
6.832551536125752722e-01
6.834813909252247521e-01
6.837077031488663081e-01
6.839340903083048762e-01
6.841605524283526085e-01
6.843870895338303173e-01
6.846137016495669192e-01
6.848403888003995466e-01
6.850671510111735474e-01
6.852939883067427074e-01
6.855209007119686948e-01
6.857478882517217267e-01
6.859749509508799026e-01
6.862020888343299818e-01
6.864293019269667173e-01
6.866565902536928556e-01
6.868839538394201361e-01
6.871113927090678475e-01
6.873389068875637165e-01
6.875664963998439072e-01
6.877941612708526886e-01
6.880219015255424342e-01
6.882497171888741772e-01
6.884776082858168333e-01
6.887055748413478673e-01
6.889336168804528482e-01
6.891617344281255608e-01
6.893899275093682277e-01
6.896181961491911760e-01
6.898465403726133927e-01
6.900749602046617470e-01
6.903034556703715463e-01
6.905320267947864243e-01
6.907606736029581196e-01
6.909893961199469192e-01
6.912181943708212151e-01
6.914470683806577256e-01
6.916760181745417180e-01
6.919050437775663420e-01
6.921341452148334072e-01
6.923633225114528278e-01
6.925925756925430665e-01
6.928219047832306909e-01
6.930513098086505952e-01
6.932807907939461112e-01
6.935103477642687864e-01
6.937399807447784950e-01
6.939696897606436599e-01
6.941994748370408086e-01
6.944293359991547954e-01
6.946592732721789121e-01
6.948892866813147773e-01
6.951193762517723362e-01
6.953495420087696388e-01
6.955797839775338387e-01
6.958101021832997501e-01
6.960404966513105141e-01
6.962709674068181531e-01
6.965015144750824616e-01
6.967321378813721156e-01
6.969628376509637846e-01
6.971936138091426871e-01
6.974244663812023681e-01
6.976553953924448104e-01
6.978864008681801012e-01
6.981174828337270988e-01
6.983486413144128768e-01
6.985798763355729468e-01
6.988111879225510359e-01
6.990425761006995309e-01
6.992740408953788123e-01
6.995055823319580313e-01
6.997372004358146658e-01
6.999688952323345204e-01
7.002006667469118373e-01
7.004325150049491855e-01
7.006644400318576826e-01
7.008964418530567730e-01
7.011285204939742277e-01
7.013606759800465884e-01
7.015929083367186125e-01
7.018252175894431621e-01
7.020576037636819811e-01
7.022900668849051398e-01
7.025226069785909244e-01
7.027552240702263919e-01
7.029879181853067038e-01
7.032206893493357924e-01
7.034535375878256946e-01
7.036864629262971071e-01
7.039194653902790533e-01
7.041525450053093271e-01
7.043857017969338274e-01
7.046189357907071127e-01
7.048522470121919570e-01
7.050856354869597942e-01
7.053191012405904958e-01
7.055526442986724822e-01
7.057862646868025003e-01
7.060199624305858457e-01
7.062537375556362518e-01
7.064875900875760006e-01
7.067215200520357010e-01
7.069555274746546214e-01
7.071896123810806900e-01
7.074237747969698287e-01
7.076580147479868410e-01
7.078923322598049683e-01
7.081267273581057786e-01
7.083612000685794996e-01
7.085957504169249077e-01
7.088303784288491061e-01
7.090650841300679685e-01
7.092998675463054736e-01
7.095347287032945927e-01
7.097696676267766236e-01
7.100046843425011911e-01
7.102397788762266906e-01
7.104749512537200662e-01
7.107102015007565887e-01
7.109455296431202997e-01
7.111809357066034565e-01
7.114164197170068649e-01
7.116519817001407677e-01
7.118876216818228464e-01
7.121233396878797750e-01
7.123591357441466654e-01
7.125950098764672891e-01
7.128309621106940774e-01
7.130669924726876774e-01
7.133031009883177287e-01
7.135392876834619758e-01
7.137755525840071558e-01
7.140118957158483326e-01
7.142483171048893409e-01
7.144848167770422309e-01
7.147213947582279348e-01
7.149580510743760442e-01
7.151947857514243667e-01
7.154315988153197026e-01
7.156684902920171787e-01
7.159054602074805818e-01
7.161425085876822472e-01
7.163796354586033921e-01
7.166168408462334494e-01
7.168541247765706226e-01
7.170914872756217751e-01
7.173289283694020968e-01
7.175664480839361037e-01
7.178040464452561942e-01
7.180417234794036485e-01
7.182794792124284067e-01
7.185173136703890684e-01
7.187552268793525601e-01
7.189932188653948009e-01
7.192312896546002587e-01
7.194694392730619503e-01
7.197076677468815520e-01
7.199459751021693998e-01
7.201843613650444897e-01
7.204228265616344773e-01
7.206613707180756778e-01
7.208999938605129554e-01
7.211386960150998338e-01
7.213774772079988296e-01
7.216163374653805640e-01
7.218552768134247621e-01
7.220942952783198088e-01
7.223333928862624154e-01
7.225725696634581752e-01
7.228118256361215632e-01
7.230511608304753812e-01
7.232905752727508686e-01
7.235300689891892567e-01
7.237696420060391045e-01
7.240092943495579636e-01
7.242490260460124896e-01
7.244888371216776646e-01
7.247287276028372416e-01
7.249686975157837443e-01
7.252087468868184672e-01
7.254488757422511425e-01
7.256890841084006061e-01
7.259293720115940207e-01
7.261697394781675419e-01
7.264101865344658737e-01
7.266507132068427133e-01
7.268913195216599732e-01
7.271320055052888920e-01
7.273727711841090349e-01
7.276136165845087378e-01
7.278545417328853295e-01
7.280955466556446876e-01
7.283366313792013491e-01
7.285777959299787332e-01
7.288190403344091406e-01
7.290603646189331988e-01
7.293017688100003060e-01
7.295432529340697414e-01
7.297848170176081117e-01
7.300264610870914606e-01
7.302681851690043802e-01
7.305099892898403446e-01
7.307518734761017098e-01
7.309938377542994914e-01
7.312358821509533646e-01
7.314780066925918867e-01
7.317202114057524964e-01
7.319624963169814036e-01
7.322048614528333665e-01
7.324473068398722475e-01
7.326898325046705684e-01
7.329324384738095111e-01
7.331751247738793609e-01
7.334178914314789521e-01
7.336607384732160009e-01
7.339036659257071049e-01
7.341466738155776328e-01
7.343897621694618350e-01
7.346329310140025104e-01
7.348761803758515621e-01
7.351195102816696636e-01
7.353629207581258154e-01
7.356064118318992318e-01
7.358499835296765657e-01
7.360936358781536848e-01
7.363373689040356718e-01
7.365811826340358248e-01
7.368250770948769901e-01
7.370690523132902294e-01
7.373131083160158195e-01
7.375572451298029186e-01
7.378014627814093451e-01
7.380457612976019099e-01
7.382901407051561948e-01
7.385346010308566633e-01
7.387791423014967718e-01
7.390237645438786362e-01
7.392684677848134767e-01
7.395132520511212837e-01
7.397581173696309298e-01
7.400030637671800582e-01
7.402480912706153049e-01
7.404931999067922987e-01
7.407383897025754393e-01
7.409836606848381191e-01
7.412290128804623901e-01
7.414744463163390753e-01
7.417199610193688786e-01
7.419655570164603864e-01
7.422112343345315111e-01
7.424569930005089358e-01
7.427028330413283363e-01
7.429487544839342705e-01
7.431947573552802888e-01
7.434408416823288235e-01
7.436870074920511886e-01
7.439332548114276911e-01
7.441795836674475195e-01
7.444259940871088554e-01
7.446724860974188731e-01
7.449190597253935175e-01
7.451657149980577266e-01
7.454124519424455420e-01
7.456592705855998870e-01
7.459061709545725671e-01
7.461531530764242692e-01
7.464002169782247842e-01
7.466473626870530067e-01
7.468945902299963802e-01
7.471418996341517849e-01
7.473892909266246498e-01
7.476367641345297299e-01
7.478843192849901067e-01
7.481319564051391868e-01
7.483796755221181485e-01
7.486274766630774957e-01
7.488753598551767254e-01
7.491233251255844383e-01
7.493713725014780058e-01
7.496195020100441253e-01
7.498677136784781538e-01
7.501160075339846633e-01
7.503643836037771075e-01
7.506128419150782660e-01
7.508613824951193561e-01
7.511100053711412539e-01
7.513587105703932734e-01
7.516074981201342764e-01
7.518563680476316735e-01
7.521053203801623122e-01
7.523543551450118105e-01
7.526034723694748907e-01
7.528526720808553785e-01
7.531019543064659816e-01
7.533513190736287335e-01
7.536007664096743275e-01
7.538502963419427827e-01
7.540999088977827780e-01
7.543496041045530953e-01
7.545993819896205101e-01
7.548492425803611239e-01
7.550991859041602527e-01
7.553492119884122058e-01
7.555993208605202849e-01
7.558495125478970067e-01
7.560997870779638808e-01
7.563501444781516314e-01
7.566005847758997538e-01
7.568511079986571799e-01
7.571017141738818346e-01
7.573524033290404134e-01
7.576031754916092709e-01
7.578540306890734213e-01
7.581049689489270937e-01
7.583559902986737322e-01
7.586070947658256625e-01
7.588582823779046471e-01
7.591095531624412196e-01
7.593609071469752392e-01
7.596123443590556690e-01
7.598638648262405759e-01
7.601154685760970198e-01
7.603671556362009420e-01
7.606189260341386094e-01
7.608707797975041709e-01
7.611227169539012127e-01
7.613747375309427579e-01
7.616268415562507110e-01
7.618790290574561919e-01
7.621313000621995348e-01
7.623836545981300672e-01
7.626360926929064421e-01
7.628886143741964165e-01
7.631412196696768513e-01
7.633939086070338220e-01
7.636466812139626192e-01
7.638995375181675263e-01
7.641524775473622633e-01
7.644055013292695433e-01
7.646586088916212942e-01
7.649118002621585477e-01
7.651650754686317724e-01
7.654184345388004296e-01
7.656718775004330846e-01
7.659254043813077395e-01
7.661790152092113892e-01
7.664327100119403546e-01
7.666864888172996162e-01
7.669403516531049236e-01
7.671942985471794652e-01
7.674483295273565320e-01
7.677024446214784081e-01
7.679566438573967035e-01
7.682109272629721319e-01
7.684652948660746219e-01
7.687197466945834279e-01
7.689742827763871302e-01
7.692289031393831911e-01
7.694836078114788425e-01
7.697383968205898652e-01
7.699932701946420321e-01
7.702482279615697758e-01
7.705032701493170766e-01
7.707583967858371299e-01
7.710136078990922348e-01
7.712689035170542384e-01
7.715242836677038696e-01
7.717797483790314050e-01
7.720352976790364474e-01
7.722909315957275922e-01
7.725466501571227607e-01
7.728024533912495331e-01
7.730583413261438164e-01
7.733143139898523977e-01
7.735703714104299467e-01
7.738265136159409030e-01
7.740827406344591433e-01
7.743390524940674258e-01
7.745954492228582788e-01
7.748519308489331126e-01
7.751084974004031070e-01
7.753651489053883239e-01
7.756218853920183731e-01
7.758787068884320792e-01
7.761356134227775927e-01
7.763926050232123899e-01
7.766496817179033840e-01
7.769068435350267032e-01
7.771640905027676904e-01
7.774214226493213475e-01
7.776788400028916692e-01
7.779363425916921981e-01
7.781939304439458027e-01
7.784516035878844553e-01
7.787093620517498982e-01
7.789672058637929775e-01
7.792251350522737541e-01
7.794831496454616149e-01
7.797412496716360497e-01
7.799994351590852082e-01
7.802577061361065658e-01
7.805160626310073679e-01
7.807745046721037419e-01
7.810330322877218068e-01
7.812916455061964527e-01
7.815503443558724506e-01
7.818091288651035642e-01
7.820679990622532163e-01
7.823269549756940444e-01
7.825859966338083451e-01
7.828451240649872966e-01
7.831043372976321804e-01
7.833636363601530483e-01
7.836230212809697226e-01
7.838824920885112402e-01
7.841420488112162968e-01
7.844016914775328031e-01
7.846614201159179958e-01
7.849212347548388813e-01
7.851811354227715700e-01
7.854411221482018313e-01
7.857011949596245381e-01
7.859613538855440007e-01
7.862215989544749650e-01
7.864819301949403929e-01
7.867423476354732381e-01
7.870028513046155583e-01
7.872634412309192919e-01
7.875241174429457036e-01
7.877848799692652726e-01
7.880457288384581371e-01
7.883066640791139834e-01
7.885676857198318235e-01
7.888287937892201063e-01
7.890899883158969397e-01
7.893512693284896464e-01
7.896126368556353192e-01
7.898740909259803766e-01
7.901356315681806741e-01
7.903972588109015041e-01
7.906589726828180398e-01
7.909207732126143364e-01
7.911826604289845521e-01
7.914446343606319489e-01
7.917066950362695588e-01
7.919688424846195174e-01
7.922310767344139526e-01
7.924933978143937630e-01
7.927558057533108382e-01
7.930183005799250617e-01
7.932808823230065309e-01
7.935435510113346691e-01
7.938063066736986695e-01
7.940691493388969402e-01
7.943320790357376593e-01
7.945950957930384417e-01
7.948581996396265614e-01
7.951213906043386181e-01
7.953846687160209816e-01
7.956480340035294585e-01
7.959114864957295143e-01
7.961750262214959406e-01
7.964386532097132987e-01
7.967023674892758089e-01
7.969661690890869066e-01
7.972300580380599078e-01
7.974940343651174546e-01
7.977580980991921811e-01
7.980222492692257141e-01
7.982864879041697836e-01
7.985508140329854454e-01
7.988152276846434141e-01
7.990797288881238414e-01
7.993443176724164267e-01
7.996089940665213058e-01
7.998737580994472740e-01
8.001386098002128966e-01
8.004035491978465089e-01
8.006685763213861051e-01
8.009336911998792274e-01
8.011988938623828549e-01
8.014641843379639585e-01
8.017295626556987242e-01
8.019950288446733300e-01
8.022605829339833905e-01
8.025262249527341796e-01
8.027919549300406299e-01
8.030577728950272220e-01
8.033236788768283176e-01
8.035896729045876041e-01
8.038557550074586500e-01
8.041219252146046825e-01
8.043881835551983661e-01
8.046545300584223570e-01
8.049209647534686374e-01
8.051874876695390704e-01
8.054540988358450671e-01
8.057207982816079195e-01
8.059875860360579125e-01
8.062544621284363222e-01
8.065214265879930844e-01
8.067884794439877938e-01
8.070556207256903702e-01
8.073228504623797264e-01
8.075901686833449888e-01
8.078575754178847212e-01
8.081250706953072571e-01
8.083926545449307000e-01
8.086603269960827012e-01
8.089280880781009042e-01
8.091959378203322784e-01
8.094638762521337849e-01
8.097319034028720441e-01
8.100000193019234462e-01
8.102682239786740404e-01
8.105365174625195346e-01
8.108048997828656290e-01
8.110733709691273496e-01
8.113419310507298254e-01
8.116105800571078444e-01
8.118793180177058533e-01
8.121481449619781801e-01
8.124170609193887005e-01
8.126860659194107273e-01
8.129551599915286753e-01
8.132243431652355081e-01
8.134936154700340705e-01
8.137629769354371989e-01
8.140324275909676111e-01
8.143019674661575724e-01
8.145715965905492295e-01
8.148413149936946098e-01
8.151111227051551777e-01
8.153810197545025007e-01
8.156510061713180271e-01
8.159210819851926422e-01
8.161912472257273343e-01
8.164615019225327508e-01
8.167318461052294198e-01
8.170022798034475286e-01
8.172728030468271454e-01
8.175434158650183303e-01
8.178141182876806914e-01
8.180849103444839399e-01
8.183557920651073347e-01
8.186267634792400161e-01
8.188978246165811159e-01
8.191689755068395362e-01
8.194402161797335049e-01
8.197115466649923521e-01
8.199829669923541786e-01
8.202544771915670774e-01
8.205260772923892443e-01
8.207977673245886452e-01
8.210695473179429049e-01
8.213414173022398623e-01
8.216133773072770152e-01
8.218854273628616314e-01
8.221575674988109705e-01
8.224297977449522845e-01
8.227021181311225950e-01
8.229745286871686938e-01
8.232470294429472535e-01
8.235196204283251609e-01
8.237923016731788506e-01
8.240650732073946383e-01
8.243379350608690537e-01
8.246108872635082854e-01
8.248839298452282920e-01
8.251570628359553572e-01
8.254302862656252016e-01
8.257036001641838707e-01
8.259770045615870693e-01
8.262504994878000497e-01
8.265240849727992778e-01
8.267977610465698790e-01
8.270715277391074149e-01
8.273453850804171061e-01
8.276193331005144982e-01
8.278933718294246846e-01
8.281675012971829730e-01
8.284417215338345519e-01
8.287160325694344909e-01
8.289904344340477405e-01
8.292649271577495762e-01
8.295395107706248217e-01
8.298141853027684034e-01
8.300889507842852399e-01
8.303638072452902419e-01
8.306387547159083118e-01
8.309137932262740112e-01
8.311889228065324486e-01
8.314641434868382808e-01
8.317394552973561561e-01
8.320148582682610483e-01
8.322903524297374789e-01
8.325659378119802945e-01
8.328416144451942227e-01
8.331173823595936501e-01
8.333932415854040654e-01
8.336691921528597282e-01
8.339452340922055562e-01
8.342213674336962370e-01
8.344975922075966723e-01
8.347739084441815338e-01
8.350503161737357072e-01
8.353268154265540701e-01
8.356034062329414924e-01
8.358800886232129468e-01
8.361568626276932870e-01
8.364337282767178028e-01
8.367106856006312210e-01
8.369877346297889265e-01
8.372648753945558520e-01
8.375421079253072554e-01
8.378194322524284976e-01
8.380968484063148205e-01
8.383743564173716800e-01
8.386519563160145241e-01
8.389296481326687926e-01
8.392074318977701397e-01
8.394853076417643223e-01
8.397632753951070894e-01
8.400413351882637381e-01
8.403194870517111115e-01
8.405977310159349347e-01
8.408760671114311469e-01
8.411544953687061232e-01
8.414330158182760089e-01
8.417116284906674961e-01
8.419903334164168252e-01
8.422691306260707833e-01
8.425480201501861499e-01
8.428270020193298073e-01
8.431060762640786299e-01
8.433852429150198171e-01
8.436645020027506714e-01
8.439438535578784872e-01
8.442232976110208842e-01
8.445028341928053628e-01
8.447824633338698597e-01
8.450621850648623035e-01
8.453419994164406148e-01
8.456219064192732615e-01
8.459019061040384813e-01
8.461819985014249479e-01
8.464621836421312162e-01
8.467424615568662771e-01
8.470228322763487805e-01
8.473032958313087004e-01
8.475838522524850038e-01
8.478645015706274268e-01
8.481452438164954755e-01
8.484260790208593139e-01
8.487070072144988764e-01
8.489880284282046441e-01
8.492691426927769793e-01
8.495503500390267915e-01
8.498316504977748709e-01
8.501130440998522220e-01
8.503945308761003963e-01
8.506761108573708263e-01
8.509577840745252697e-01
8.512395505584356981e-01
8.515214103399842971e-01
8.518033634500635776e-01
8.520854099195760423e-01
8.523675497794347411e-01
8.526497830605626049e-01
8.529321097938931118e-01
8.532145300103699537e-01
8.534970437409468147e-01
8.537796510165878150e-01
8.540623518682673998e-01
8.543451463269696733e-01
8.546280344236902859e-01
8.549110161894341031e-01
8.551940916552164262e-01
8.554772608520629928e-01
8.557605238110095325e-01
8.560438805631025438e-01
8.563273311393982956e-01
8.566108755709637146e-01
8.568945138888757196e-01
8.571782461242217765e-01
8.574620723080995655e-01
8.577459924716168693e-01
8.580300066458921293e-01
8.583141148620537786e-01
8.585983171512405754e-01
8.588826135446019361e-01
8.591670040732971581e-01
8.594514887684960858e-01
8.597360676613787778e-01
8.600207407831358397e-01
8.603055081649678693e-01
8.605903698380861222e-01
8.608753258337118464e-01
8.611603761830769477e-01
8.614455209174231021e-01
8.617307600680036428e-01
8.620160936660808959e-01
8.623015217429279566e-01
8.625870443298285783e-01
8.628726614580763954e-01
8.631583731589757003e-01
8.634441794638412215e-01
8.637300804039977908e-01
8.640160760107807869e-01
8.643021663155359136e-01
8.645883513496193107e-01
8.648746311443974433e-01
8.651610057312471014e-01
8.654474751415557332e-01
8.657340394067207789e-01
8.660206985581503369e-01
8.663074526272629416e-01
8.665943016454873415e-01
8.668812456442627212e-01
8.671682846550390344e-01
8.674554187092760049e-01
8.677426478384443476e-01
8.680299720740249914e-01
8.683173914475091903e-01
8.686049059903981906e-01
8.688925157342052286e-01
8.691802207104524225e-01
8.694680209506727708e-01
8.697559164864099301e-01
8.700439073492177711e-01
8.703319935706607113e-01
8.706201751823136048e-01
8.709084522157617414e-01
8.711968247026008472e-01
8.714852926744373063e-01
8.717738561628876059e-01
8.720625151995791136e-01
8.723512698161492995e-01
8.726401200442464035e-01
8.729290659155288790e-01
8.732181074616659489e-01
8.735072447143370500e-01
8.737964777052322773e-01
8.740858064660521620e-01
8.743752310285076712e-01
8.746647514243205412e-01
8.749543676852227225e-01
8.752440798429566016e-01
8.755338879292754450e-01
8.758237919759424006e-01
8.761137920147322733e-01
8.764038880774293050e-01
8.766940801958286178e-01
8.769843684017359919e-01
8.772747527269674217e-01
8.775652332033498926e-01
8.778558098627203821e-01
8.781464827369269699e-01
8.784372518578278388e-01
8.787281172572919408e-01
8.790190789671986638e-01
8.793101370194381650e-01
8.796012914459109266e-01
8.798925422785282002e-01
8.801838895492114512e-01
8.804753332898931362e-01
8.807668735325160370e-01
8.810585103090337045e-01
8.813502436514099037e-01
8.816420735916193907e-01
8.819340001616472469e-01
8.822260233934893225e-01
8.825181433191519043e-01
8.828103599706520477e-01
8.831026733800166895e-01
8.833950835792850897e-01
8.836875906005053904e-01
8.839801944757371688e-01
8.842728952370502160e-01
8.845656929165252036e-01
8.848585875462534611e-01
8.851515791583367543e-01
8.854446677848877290e-01
8.857378534580293561e-01
8.860311362098953758e-01
8.863245160726304084e-01
8.866179930783892882e-01
8.869115672593377298e-01
8.872052386476522168e-01
8.874990072755195580e-01
8.877928731751375535e-01
8.880868363787145503e-01
8.883808969184694426e-01
8.886750548266318939e-01
8.889693101354422256e-01
8.892636628771514173e-01
8.895581130840212181e-01
8.898526607883239237e-01
8.901473060223425993e-01
8.904420488183706350e-01
8.907368892087130785e-01
8.910318272256849692e-01
8.913268629016117828e-01
8.916219962688303191e-01
8.919172273596875922e-01
8.922125562065417181e-01
8.925079828417613603e-01
8.928035072977257292e-01
8.930991296068251373e-01
8.933948498014602224e-01
8.936906679140426135e-01
8.939865839769947087e-01
8.942825980227493421e-01
8.945787100837503392e-01
8.948749201924521834e-01
8.951712283813202387e-01
8.954676346828303046e-01
8.957641391294692834e-01
8.960607417537347352e-01
8.963574425881347674e-01
8.966542416651884784e-01
8.969511390174257359e-01
8.972481346773869548e-01
8.975452286776236521e-01
8.978424210506973369e-01
8.981397118291820636e-01
8.984371010456607687e-01
8.987345887327281568e-01
8.990321749229894799e-01
8.993298596490606478e-01
8.996276429435686728e-01
8.999255248391512252e-01
9.002235053684567445e-01
9.005215845641445505e-01
9.008197624588847319e-01
9.011180390853581468e-01
9.014164144762566444e-01
9.017148886642827321e-01
9.020134616821497975e-01
9.023121335625821082e-01
9.026109043383147013e-01
9.029097740420934937e-01
9.032087427066752827e-01
9.035078103648275238e-01
9.038069770493287747e-01
9.041062427929683620e-01
9.044056076285462709e-01
9.047050715888736994e-01
9.050046347067723929e-01
9.053042970150746438e-01
9.056040585466250681e-01
9.059039193342777185e-01
9.062038794108978612e-01
9.065039388093617534e-01
9.068040975625566436e-01
9.071043557033804383e-01
9.074047132647421465e-01
9.077051702795615462e-01
9.080057267807692956e-01
9.083063828013071550e-01
9.086071383741275431e-01
9.089079935321939807e-01
9.092089483084807577e-01
9.095100027359732664e-01
9.098111568476674460e-01
9.101124106765706712e-01
9.104137642557009746e-01
9.107152176180871583e-01
9.110167707967692374e-01
9.113184238247981073e-01
9.116201767352356544e-01
9.119220295611544236e-01
9.122239823356382837e-01
9.125260350917817620e-01
9.128281878626905987e-01
9.131304406814807484e-01
9.134327935812809329e-01
9.137352465952288672e-01
9.140377997564743673e-01
9.143404530981776857e-01
9.146432066535102878e-01
9.149460604556547416e-01
9.152490145378041619e-01
9.155520689331633211e-01
9.158552236749473163e-01
9.161584787963826804e-01
9.164618343307068260e-01
9.167652903111680462e-01
9.170688467710258474e-01
9.173725037435506158e-01
9.176762612620238402e-01
9.179801193597378894e-01
9.182840780699963457e-01
9.185881374261136711e-01
9.188922974614153194e-01
9.191965582092380682e-01
9.195009197029293535e-01
9.198053819758480465e-01
9.201099450613635655e-01
9.204146089928568752e-01
9.207193738037191544e-01
9.210242395273543492e-01
9.213292061971759539e-01
9.216342738466086759e-01
9.219394425090888801e-01
9.222447122180634782e-01
9.225500830069908176e-01
9.228555549093400145e-01
9.231611279585916208e-01
9.234668021882369571e-01
9.237725776317785575e-01
9.240784543227301695e-01
9.243844322946163095e-01
9.246905115809730402e-01
9.249966922153470827e-01
9.253029742312967043e-01
9.256093576623908303e-01
9.259158425422098215e-01
9.262224289043450298e-01
9.265291167823990204e-01
9.268359062099854606e-01
9.271427972207290091e-01
9.274497898482656488e-01
9.277568841262422428e-01
9.280640800883172004e-01
9.283713777681593671e-01
9.286787771994499119e-01
9.289862784158802178e-01
9.292938814511528811e-01
9.296015863389820444e-01
9.299093931130926194e-01
9.302173018072210642e-01
9.305253124551146060e-01
9.308334250905319074e-01
9.311416397472429551e-01
9.314499564590285052e-01
9.317583752596807489e-01
9.320668961830030907e-01
9.323755192628100374e-01
9.326842445329274200e-01
9.329930720271919498e-01
9.333020017794519951e-01
9.336110338235668049e-01
9.339201681934069521e-01
9.342294049228542230e-01
9.345387440458016171e-01
9.348481855961533471e-01
9.351577296078247281e-01
9.354673761147426214e-01
9.357771251508448795e-01
9.360869767500801242e-01
9.363969309464096336e-01
9.367069877738046779e-01
9.370171472662481849e-01
9.373274094577340732e-01
9.376377743822679189e-01
9.379482420738664006e-01
9.382588125665571877e-01
9.385694858943796071e-01
9.388802620913841990e-01
9.391911411916324948e-01
9.395021232291975721e-01
9.398132082381638330e-01
9.401243962526266706e-01
9.404356873066929134e-01
9.407470814344809362e-01
9.410585786701201050e-01
9.413701790477509990e-01
9.416818826015258548e-01
9.419936893656080112e-01
9.423055993741721315e-01
9.426176126614042028e-01
9.429297292615014259e-01
9.432419492086725477e-01
9.435542725371375283e-01
9.438666992811272083e-01
9.441792294748850844e-01
9.444918631526646458e-01
9.448046003487312605e-01
9.451174410973616213e-01
9.454303854328436341e-01
9.457434333894766398e-01
9.460565850015714151e-01
9.463698403034499496e-01
9.466831993294457792e-01
9.469966621139037644e-01
9.473102286911798675e-01
9.476238990956418196e-01
9.479376733616685646e-01
9.482515515236502601e-01
9.485655336159887208e-01
9.488796196730969745e-01
9.491938097293997068e-01
9.495081038193325940e-01
9.498225019773429700e-01
9.501370042378894931e-01
9.504516106354424787e-01
9.507663212044832335e-01
9.510811359795047215e-01
9.513960549950114531e-01
9.517110782855184858e-01
9.520262058855541998e-01
9.523414378296567451e-01
9.526567741523760402e-01
9.529722148882737720e-01
9.532877600719228406e-01
9.536034097379076924e-01
9.539191639208240980e-01
9.542350226552794856e-01
9.545509859758926074e-01
9.548670539172937621e-01
9.551832265141244616e-01
9.554995038010380970e-01
9.558158858126991619e-01
9.561323725837839183e-01
9.564489641489799521e-01
9.567656605429862848e-01
9.570824618005135953e-01
9.573993679562838865e-01
9.577163790450307079e-01
9.580334951014993772e-01
9.583507161604462032e-01
9.586680422566393744e-01
9.589854734248585144e-01
9.593030096998946821e-01
9.596206511165501496e-01
9.599383977096399567e-01
9.602562495139893572e-01
9.605742065644355954e-01
9.608922688958273506e-01
9.612104365430249597e-01
9.615287095409003060e-01
9.618470879243367078e-01
9.621655717282291409e-01
9.624841609874840165e-01
9.628028557370196250e-01
9.631216560117652481e-01
9.634405618466622689e-01
9.637595732766635059e-01
9.640786903367329908e-01
9.643979130618469675e-01
9.647172414869926715e-01
9.650366756471692176e-01
9.653562155773872666e-01
9.656758613126691371e-01
9.659956128880485826e-01
9.663154703385711253e-01
9.666354336992937224e-01
9.669555030052850997e-01
9.672756782916255291e-01
9.675959595934067181e-01
9.679163469457319202e-01
9.682368403837171567e-01
9.685574399424886627e-01
9.688781456571848860e-01
9.691989575629557097e-01
9.695198756949628960e-01
9.698409000883796427e-01
9.701620307783911379e-01
9.704832678001936719e-01
9.708046111889956364e-01
9.711260609800170807e-01
9.714476172084892669e-01
9.717692799096557810e-01
9.720910491187711999e-01
9.724129248711023132e-01
9.727349072019273457e-01
9.730569961465361795e-01
9.733791917402303540e-01
9.737014940183233991e-01
9.740239030161402800e-01
9.743464187690175082e-01
9.746690413123036967e-01
9.749917706813587825e-01
9.753146069115546934e-01
9.756375500382749033e-01
9.759606000969142103e-01
9.762837571228805134e-01
9.766070211515921473e-01
9.769303922184793265e-01
9.772538703589842557e-01
9.775774556085607969e-01
9.779011480026746916e-01
9.782249475768032276e-01
9.785488543664355721e-01
9.788728684070724384e-01
9.791969897342265305e-01
9.795212183834223207e-01
9.798455543901958276e-01
9.801699977900949490e-01
9.804945486186794623e-01
9.808192069115206912e-01
9.811439727042020609e-01
9.814688460323183206e-01
9.817938269314764321e-01
9.821189154372950147e-01
9.824441115854043449e-01
9.827694154114466896e-01
9.830948269510758619e-01
9.834203462399578877e-01
9.837459733137702278e-01
9.840717082082017786e-01
9.843975509589548700e-01
9.847235016017419351e-01
9.850495601722878414e-01
9.853757267063294467e-01
9.857020012396150443e-01
9.860283838079052510e-01
9.863548744469721186e-01
9.866814731925998005e-01
9.870081800805841077e-01
9.873349951467329522e-01
9.876619184268657925e-01
9.879889499568141886e-01
9.883160897724213578e-01
9.886433379095427298e-01
9.889706944040451697e-01
9.892981592918077549e-01
9.896257326087213313e-01
9.899534143906886241e-01
9.902812046736241269e-01
9.906091034934545458e-01
9.909371108861180222e-01
9.912652268875650208e-01
9.915934515337577748e-01
9.919217848606701748e-01
9.922502269042879908e-01
9.925787777006100931e-01
9.929074372856457886e-01
9.932362056954168184e-01
9.935650829659570249e-01
9.938940691333119082e-01
9.942231642335390696e-01
9.945523683027081008e-01
9.948816813769003620e-01
9.952111034922094257e-01
9.955406346847404109e-01
9.958702749906107599e-01
9.962000244459496834e-01
9.965298830868984936e-01
9.968598509496102711e-01
9.971899280702503088e-01
9.975201144849957791e-01
9.978504102300356227e-01
9.981808153415711038e-01
9.985113298558151440e-01
9.988419538089929883e-01
9.991726872373417612e-01
9.995035301771103553e-01
9.998344826645599870e-01
1.000165544735963641e+00
1.000496716427606403e+00
1.000827997775785683e+00
1.001159388816810214e+00
1.001490889587001165e+00
1.001822500122692139e+00
1.002154220460227840e+00
1.002486050635965853e+00
1.002817990686275307e+00
1.003150040647537544e+00
1.003482200556145898e+00
1.003814470448506135e+00
1.004146850361035126e+00
1.004479340330162840e+00
1.004811940392330794e+00
1.005144650583992716e+00
1.005477470941614104e+00
1.005810401501672890e+00
1.006143442300658997e+00
1.006476593375074335e+00
1.006809854761433254e+00
1.007143226496261423e+00
1.007476708616097172e+00
1.007810301157491262e+00
1.008144004157005780e+00
1.008477817651215247e+00
1.008811741676706397e+00
1.009145776270077954e+00
1.009479921467941077e+00
1.009814177306918470e+00
1.010148543823645273e+00
1.010483021054769059e+00
1.010817609036948950e+00
1.011152307806856721e+00
1.011487117401175695e+00
1.011822037856602075e+00
1.012157069209843607e+00
1.012492211497620476e+00
1.012827464756665075e+00
1.013162829023721789e+00
1.013498304335547440e+00
1.013833890728910392e+00
1.014169588240591890e+00
1.014505396907385171e+00
1.014841316766095458e+00
1.015177347853540413e+00
1.015513490206549463e+00
1.015849743861964694e+00
1.016186108856640180e+00
1.016522585227442210e+00
1.016859173011249284e+00
1.017195872244952115e+00
1.017532682965453850e+00
1.017869605209669404e+00
1.018206639014526349e+00
1.018543784416964026e+00
1.018881041453934655e+00
1.019218410162402000e+00
1.019555890579342483e+00
1.019893482741744517e+00
1.020231186686609393e+00
1.020569002450949503e+00
1.020906930071790786e+00
1.021244969586170281e+00
1.021583121031138131e+00
1.021921384443756464e+00
1.022259759861099626e+00
1.022598247320254172e+00
1.022936846858319093e+00
1.023275558512405592e+00
1.023614382319637306e+00
1.023953318317149641e+00
1.024292366542091326e+00
1.024631527031622191e+00
1.024970799822915168e+00
1.025310184953155179e+00
1.025649682459539802e+00
1.025989292379278162e+00
1.026329014749592927e+00
1.026668849607717648e+00
1.027008796990899420e+00
1.027348856936397103e+00
1.027689029481481997e+00
1.028029314663437610e+00
1.028369712519559886e+00
1.028710223087157205e+00
1.029050846403550157e+00
1.029391582506071989e+00
1.029732431432068163e+00
1.030073393218895905e+00
1.030414467903925768e+00
1.030755655524540293e+00
1.031096956118134012e+00
1.031438369722114556e+00
1.031779896373901328e+00
1.032121536110926607e+00
1.032463288970634441e+00
1.032805154990481977e+00
1.033147134207938356e+00
1.033489226660485150e+00
1.033831432385616589e+00
1.034173751420838894e+00
1.034516183803671163e+00
1.034858729571644709e+00
1.035201388762303054e+00
1.035544161413202380e+00
1.035887047561911523e+00
1.036230047246011310e+00
1.036573160503095448e+00
1.036916387370769632e+00
1.037259727886652216e+00
1.037603182088374432e+00
1.037946750013579056e+00
1.038290431699922189e+00
1.038634227185072145e+00
1.038978136506709227e+00
1.039322159702526838e+00
1.039666296810230817e+00
1.040010547867539215e+00
1.040354912912182517e+00
1.040699391981903865e+00
1.041043985114459058e+00
1.041388692347616107e+00
1.041733513719155679e+00
1.042078449266870876e+00
1.042423499028567457e+00
1.042768663042063393e+00
1.043113941345189755e+00
1.043459333975789383e+00
1.043804840971718217e+00
1.044150462370844634e+00
1.044496198211049220e+00
1.044842048530225442e+00
1.045188013366279423e+00
1.045534092757129274e+00
1.045880286740706433e+00
1.046226595354954103e+00
1.046573018637828589e+00
1.046919556627298631e+00
1.047266209361345624e+00
1.047612976877963176e+00
1.047959859215157774e+00
1.048306856410948784e+00
1.048653968503367562e+00
1.049001195530458119e+00
1.049348537530277792e+00
1.049695994540895461e+00
1.050043566600393330e+00
1.050391253746866260e+00
1.050739056018421325e+00
1.051086973453178253e+00
1.051435006089269653e+00
1.051783153964840567e+00
1.052131417118048695e+00
1.052479795587064615e+00
1.052828289410071116e+00
1.053176898625264091e+00
1.053525623270851641e+00
1.053874463385054527e+00
1.054223419006106832e+00
1.054572490172254629e+00
1.054921676921756646e+00
1.055270979292884714e+00
1.055620397323923099e+00
1.055969931053168498e+00
1.056319580518930934e+00
1.056669345759532419e+00
1.057019226813308066e+00
1.057369223718605644e+00
1.057719336513785358e+00
1.058069565237220289e+00
1.058419909927296620e+00
1.058770370622412305e+00
1.059120947360979059e+00
1.059471640181420593e+00
1.059822449122173715e+00
1.060173374221687448e+00
1.060524415518424357e+00
1.060875573050859222e+00
1.061226846857479478e+00
1.061578236976785439e+00
1.061929743447290519e+00
1.062281366307520125e+00
1.062633105596013205e+00
1.062984961351321145e+00
1.063336933612007762e+00
1.063689022416650198e+00
1.064041227803837808e+00
1.064393549812173489e+00
1.064745988480272354e+00
1.065098543846762169e+00
1.065451215950284025e+00
1.065804004829491225e+00
1.066156910523050616e+00
1.066509933069640814e+00
1.066863072507954424e+00
1.067216328876695819e+00
1.067569702214582916e+00
1.067923192560345846e+00
1.068276799952728284e+00
1.068630524430486117e+00
1.068984366032388333e+00
1.069338324797216799e+00
1.069692400763766038e+00
1.070046593970843452e+00
1.070400904457269542e+00
1.070755332261877468e+00
1.071109877423513046e+00
1.071464539981035191e+00
1.071819319973315920e+00
1.072174217439239685e+00
1.072529232417703815e+00
1.072884364947619185e+00
1.073239615067908659e+00
1.073594982817508425e+00
1.073950468235367772e+00
1.074306071360448422e+00
1.074661792231725421e+00
1.075017630888186249e+00
1.075373587368831707e+00
1.075729661712675478e+00
1.076085853958743899e+00
1.076442164146076408e+00
1.076798592313725544e+00
1.077155138500756282e+00
1.077511802746246916e+00
1.077868585089288844e+00
1.078225485568985675e+00
1.078582504224455008e+00
1.078939641094826429e+00
1.079296896219243074e+00
1.079654269636860731e+00
1.080011761386848512e+00
1.080369371508387966e+00
1.080727100040674182e+00
1.081084947022914688e+00
1.081442912494330333e+00
1.081800996494155065e+00
1.082159199061635491e+00
1.082517520236031316e+00
1.082875960056615572e+00
1.083234518562673498e+00
1.083593195793504327e+00
1.083951991788419722e+00
1.084310906586744450e+00
1.084669940227816154e+00
1.085029092750986024e+00
1.085388364195617461e+00
1.085747754601087856e+00
1.086107264006786810e+00
1.086466892452117472e+00
1.086826639976495867e+00
1.087186506619351123e+00
1.087546492420125022e+00
1.087906597418273336e+00
1.088266821653263827e+00
1.088627165164578026e+00
1.088987627991710339e+00
1.089348210174168274e+00
1.089708911751472442e+00
1.090069732763156329e+00
1.090430673248766746e+00
1.090791733247863604e+00
1.091152912800019692e+00
1.091514211944821122e+00
1.091875630721867108e+00
1.092237169170769739e+00
1.092598827331154432e+00
1.092960605242659922e+00
1.093322502944937602e+00
1.093684520477652189e+00
1.094046657880481499e+00
1.094408915193116894e+00
1.094771292455262168e+00
1.095133789706634886e+00
1.095496406986965265e+00
1.095859144335997071e+00
1.096222001793487166e+00
1.096584979399205295e+00
1.096948077192934523e+00
1.097311295214471460e+00
1.097674633503625374e+00
1.098038092100218632e+00
1.098401671044087591e+00
1.098765370375080819e+00
1.099129190133060652e+00
1.099493130357902748e+00
1.099857191089495201e+00
1.100221372367740313e+00
1.100585674232553046e+00
1.100950096723861238e+00
1.101314639881606938e+00
1.101679303745744409e+00
1.102044088356241680e+00
1.102408993753080102e+00
1.102774019976253905e+00
1.103139167065770643e+00
1.103504435061651412e+00
1.103869824003929967e+00
1.104235333932654273e+00
1.104600964887884507e+00
1.104966716909694835e+00
1.105332590038172524e+00
1.105698584313417721e+00
1.106064699775544335e+00
1.106430936464679382e+00
1.106797294420963196e+00
1.107163773684549435e+00
1.107530374295604858e+00
1.107897096294309769e+00
1.108263939720857572e+00
1.108630904615454993e+00
1.108997991018322304e+00
1.109365198969693100e+00
1.109732528509813854e+00
1.110099979678944804e+00
1.110467552517359291e+00
1.110835247065343978e+00
1.111203063363199073e+00
1.111571001451238327e+00
1.111939061369787929e+00
1.112307243159188275e+00
1.112675546859793085e+00
1.113043972511968960e+00
1.113412520156096264e+00
1.113781189832568241e+00
1.114149981581792348e+00
1.114518895444188695e+00
1.114887931460190940e+00
1.115257089670246504e+00
1.115626370114815469e+00
1.115995772834372124e+00
1.116365297869403639e+00
1.116734945260410505e+00
1.117104715047907426e+00
1.117474607272421316e+00
1.117844621974493524e+00
1.118214759194678276e+00
1.118585018973543344e+00
1.118955401351670043e+00
1.119325906369653234e+00
1.119696534068100879e+00
1.120067284487634485e+00
1.120438157668889101e+00
1.120809153652513546e+00
1.121180272479169071e+00
1.121551514189531806e+00
1.121922878824290093e+00
1.122294366424146483e+00
1.122665977029816853e+00
1.123037710682030177e+00
1.123409567421529642e+00
1.123781547289071536e+00
1.124153650325425247e+00
1.124525876571374372e+00
1.124898226067715612e+00
1.125270698855259210e+00
1.125643294974828956e+00
1.126016014467262405e+00
1.126388857373409991e+00
1.126761823734136136e+00
1.127134913590319032e+00
1.127508126982849967e+00
1.127881463952633778e+00
1.128254924540589066e+00
1.128628508787647977e+00
1.129002216734756203e+00
1.129376048422872536e+00
1.129750003892970200e+00
1.130124083186035078e+00
1.130498286343067260e+00
1.130872613405080163e+00
1.131247064413100745e+00
1.131621639408169955e+00
1.131996338431341398e+00
1.132371161523683334e+00
1.132746108726277123e+00
1.133121180080217449e+00
1.133496375626613428e+00
1.133871695406586833e+00
1.134247139461273646e+00
1.134622707831823174e+00
1.134998400559398934e+00
1.135374217685177323e+00
1.135750159250348501e+00
1.136126225296116843e+00
1.136502415863699822e+00
1.136878730994328457e+00
1.137255170729248199e+00
1.137631735109717157e+00
1.138008424177007871e+00
1.138385237972405983e+00
1.138762176537211568e+00
1.139139239912737134e+00
1.139516428140310289e+00
1.139893741261271298e+00
1.140271179316974637e+00
1.140648742348788103e+00
1.141026430398093705e+00
1.141404243506286553e+00
1.141782181714775968e+00
1.142160245064984592e+00
1.142538433598349057e+00
1.142916747356319540e+00
1.143295186380360207e+00
1.143673750711948545e+00
1.144052440392576031e+00
1.144431255463748132e+00
1.144810195966983413e+00
1.145189261943814651e+00
1.145568453435788392e+00
1.145947770484464723e+00
1.146327213131417500e+00
1.146706781418234788e+00
1.147086475386517535e+00
1.147466295077881338e+00
1.147846240533955342e+00
1.148226311796382015e+00
1.148606508906818258e+00
1.148986831906934070e+00
1.149367280838414107e+00
1.149747855742956348e+00
1.150128556662272317e+00
1.150509383638087746e+00
1.150890336712141915e+00
1.151271415926188535e+00
1.151652621321994197e+00
1.152033952941339923e+00
1.152415410826020725e+00
1.152796995017844939e+00
1.153178705558635109e+00
1.153560542490227547e+00
1.153942505854472111e+00
1.154324595693233091e+00
1.154706812048388098e+00
1.155089154961828957e+00
1.155471624475461256e+00
1.155854220631204576e+00
1.156236943470992040e+00
1.156619793036770982e+00
1.157002769370502504e+00
1.157385872514161695e+00
1.157769102509737191e+00
1.158152459399232059e+00
1.158535943224663134e+00
1.158919554028060572e+00
1.159303291851469409e+00
1.159687156736947777e+00
1.160071148726568468e+00
1.160455267862417150e+00
1.160839514186594812e+00
1.161223887741215322e+00
1.161608388568406536e+00
1.161993016710311188e+00
1.162377772209084670e+00
1.162762655106897469e+00
1.163147665445933621e+00
1.163532803268390481e+00
1.163918068616480506e+00
1.164303461532429473e+00
1.164688982058476929e+00
1.165074630236877296e+00
1.165460406109897873e+00
1.165846309719820839e+00
1.166232341108941917e+00
1.166618500319571039e+00
1.167004787394031906e+00
1.167391202374662429e+00
1.167777745303814729e+00
1.168164416223854474e+00
1.168551215177161762e+00
1.168938142206130237e+00
1.169325197353168422e+00
1.169712380660698159e+00
1.170099692171155281e+00
1.170487131926990276e+00
1.170874699970667177e+00
1.171262396344664447e+00
1.171650221091474320e+00
1.172038174253603016e+00
1.172426255873571188e+00
1.172814465993913480e+00
1.173202804657178300e+00
1.173591271905928712e+00
1.173979867782741326e+00
1.174368592330206962e+00
1.174757445590930649e+00
1.175146427607531852e+00
1.175535538422643578e+00
1.175924778078913047e+00
1.176314146619002132e+00
1.176703644085586031e+00
1.177093270521354595e+00
1.177483025969011887e+00
1.177872910471275736e+00
1.178262924070878404e+00
1.178653066810566141e+00
1.179043338733099633e+00
1.179433739881253107e+00
1.179824270297815447e+00
1.180214930025589748e+00
1.180605719107393092e+00
1.180996637586056774e+00
1.181387685504426299e+00
1.181778862905361160e+00
1.182170169831735507e+00
1.182561606326437254e+00
1.182953172432368527e+00
1.183344868192446109e+00
1.183736693649600324e+00
1.184128648846776377e+00
1.184520733826933236e+00
1.184912948633044083e+00
1.185305293308096752e+00
1.185697767895092847e+00
1.186090372437048623e+00
1.186483106976994106e+00
1.186875971557973974e+00
1.187268966223047117e+00
1.187662091015286192e+00
1.188055345977778954e+00
1.188448731153626703e+00
1.188842246585945173e+00
1.189235892317864751e+00
1.189629668392529815e+00
1.190023574853098731e+00
1.190417611742744963e+00
1.190811779104655299e+00
1.191206076982031625e+00
1.191600505418089595e+00
1.191995064456059739e+00
1.192389754139186131e+00
1.192784574510727724e+00
1.193179525613957903e+00
1.193574607492163819e+00
1.193969820188647502e+00
1.194365163746724967e+00
1.194760638209726666e+00
1.195156243620997483e+00
1.195551980023896510e+00
1.195947847461797497e+00
1.196343845978088183e+00
1.196739975616170959e+00
1.197136236419462207e+00
1.197532628431393187e+00
1.197929151695409367e+00
1.198325806254970205e+00
1.198722592153550037e+00
1.199119509434637632e+00
1.199516558141735523e+00
1.199913738318361567e+00
1.200311050008047165e+00
1.200708493254338594e+00
1.201106068100796564e+00
1.201503774590995999e+00
1.201901612768526473e+00
1.202299582676991996e+00
1.202697684360010566e+00
1.203095917861215280e+00
1.203494283224253003e+00
1.203892780492785697e+00
1.204291409710489535e+00
1.204690170921054904e+00
1.205089064168187063e+00
1.205488089495605486e+00
1.205887246947044078e+00
1.206286536566251621e+00
1.206685958396990666e+00
1.207085512483038858e+00
1.207485198868188503e+00
1.207885017596245447e+00
1.208284968711031082e+00
1.208685052256381010e+00
1.209085268276144820e+00
1.209485616814187203e+00
1.209886097914387282e+00
1.210286711620638389e+00
1.210687457976848957e+00
1.211088337026941408e+00
1.211489348814853040e+00
1.211890493384535361e+00
1.212291770779954980e+00
1.212693181045092494e+00
1.213094724223943377e+00
1.213496400360517535e+00
1.213898209498839753e+00
1.214300151682949025e+00
1.214702226956899000e+00
1.215104435364757984e+00
1.215506776950608714e+00
1.215909251758549026e+00
1.216311859832690745e+00
1.216714601217160574e+00
1.217117475956099870e+00
1.217520484093664646e+00
1.217923625674025123e+00
1.218326900741366847e+00
1.218730309339889573e+00
1.219133851513807265e+00
1.219537527307349434e+00
1.219941336764759798e+00
1.220345279930296511e+00
1.220749356848232603e+00
1.221153567562855979e+00
1.221557912118468758e+00
1.221962390559387934e+00
1.222367002929945379e+00
1.222771749274487396e+00
1.223176629637374946e+00
1.223581644062983642e+00
1.223986792595704420e+00
1.224392075279941761e+00
1.224797492160115908e+00
1.225203043280661319e+00
1.225608728686027105e+00
1.226014548420677475e+00
1.226420502529091072e+00
1.226826591055761195e+00
1.227232814045196019e+00
1.227639171541918373e+00
1.228045663590465963e+00
1.228452290235391375e+00
1.228859051521261403e+00
1.229265947492658162e+00
1.229672978194178423e+00
1.230080143670433168e+00
1.230487443966048700e+00
1.230894879125666419e+00
1.231302449193941495e+00
1.231710154215544861e+00
1.232117994235161884e+00
1.232525969297492141e+00
1.232934079447251197e+00
1.233342324729168382e+00
1.233750705187988572e+00
1.234159220868470630e+00
1.234567871815389184e+00
1.234976658073533073e+00
1.235385579687706015e+00
1.235794636702726823e+00
1.236203829163428747e+00
1.236613157114660577e+00
1.237022620601285317e+00
1.237432219668180844e+00
1.237841954360240360e+00
1.238251824722371497e+00
1.238661830799496766e+00
1.239071972636553998e+00
1.239482250278495234e+00
1.239892663770288062e+00
1.240303213156914719e+00
1.240713898483371880e+00
1.241124719794671982e+00
1.241535677135841453e+00
1.241946770551922485e+00
1.242358000087971703e+00
1.242769365789060387e+00
1.243180867700275360e+00
1.243592505866718101e+00
1.244004280333504964e+00
1.244416191145767181e+00
1.244828238348651306e+00
1.245240421987318324e+00
1.245652742106944544e+00
1.246065198752721148e+00
1.246477791969854199e+00
1.246890521803564633e+00
1.247303388299088933e+00
1.247716391501677569e+00
1.248129531456596997e+00
1.248542808209127886e+00
1.248956221804566447e+00
1.249369772288223768e+00
1.249783459705425592e+00
1.250197284101512984e+00
1.250611245521842108e+00
1.251025344011784002e+00
1.251439579616724584e+00
1.251853952382065094e+00
1.252268462353221423e+00
1.252683109575625009e+00
1.253097894094721942e+00
1.253512815955973414e+00
1.253927875204855713e+00
1.254343071886860228e+00
1.254758406047493446e+00
1.255173877732276955e+00
1.255589486986747216e+00
1.256005233856455794e+00
1.256421118386969349e+00
1.256837140623870086e+00
1.257253300612754643e+00
1.257669598399234756e+00
1.258086034028938149e+00
1.258502607547506535e+00
1.258919319000597392e+00
1.259336168433883518e+00
1.259753155893051924e+00
1.260170281423805605e+00
1.260587545071862214e+00
1.261004946882954947e+00
1.261422486902831874e+00
1.261840165177255946e+00
1.262257981752006097e+00
1.262675936672875476e+00
1.263094029985673217e+00
1.263512261736222664e+00
1.263930631970363372e+00
1.264349140733949550e+00
1.264767788072850285e+00
1.265186574032950650e+00
1.265605498660150152e+00
1.266024562000363840e+00
1.266443764099522085e+00
1.266863105003570134e+00
1.267282584758468778e+00
1.267702203410193906e+00
1.268121961004736287e+00
1.268541857588102673e+00
1.268961893206314473e+00
1.269382067905408196e+00
1.269802381731436114e+00
1.270222834730465600e+00
1.270643426948578902e+00
1.271064158431874036e+00
1.271485029226463892e+00
1.271906039378476905e+00
1.272327188934056608e+00
1.272748477939361855e+00
1.273169906440567045e+00
1.273591474483861230e+00
1.274013182115449450e+00
1.274435029381551621e+00
1.274857016328402981e+00
1.275279143002254534e+00
1.275701409449371937e+00
1.276123815716036392e+00
1.276546361848544864e+00
1.276969047893209197e+00
1.277391873896356334e+00
1.277814839904329425e+00
1.278237945963485833e+00
1.278661192120199575e+00
1.279084578420858653e+00
1.279508104911867283e+00
1.279931771639645222e+00
1.280355578650626658e+00
1.280779525991262213e+00
1.281203613708017164e+00
1.281627841847372329e+00
1.282052210455824293e+00
1.282476719579884517e+00
1.282901369266080227e+00
1.283326159560953750e+00
1.283751090511063175e+00
1.284176162162981472e+00
1.284601374563298037e+00
1.285026727758616483e+00
1.285452221795556405e+00
1.285877856720753165e+00
1.286303632580857226e+00
1.286729549422534147e+00
1.287155607292465698e+00
1.287581806237348525e+00
1.288008146303894819e+00
1.288434627538832533e+00
1.288861249988904945e+00
1.289288013700870650e+00
1.289714918721504011e+00
1.290141965097594268e+00
1.290569152875947090e+00
1.290996482103383025e+00
1.291423952826738164e+00
1.291851565092864140e+00
1.292279318948628353e+00
1.292707214440913299e+00
1.293135251616617243e+00
1.293563430522654212e+00
1.293991751205953333e+00
1.294420213713459278e+00
1.294848818092132703e+00
1.295277564388949587e+00
1.295706452650901230e+00
1.296135482924994697e+00
1.296564655258252596e+00
1.296993969697713300e+00
1.297423426290430504e+00
1.297853025083473222e+00
1.298282766123926901e+00
1.298712649458891644e+00
1.299142675135483760e+00
1.299572843200835104e+00
1.300003153702092629e+00
1.300433606686419497e+00
1.300864202200994191e+00
1.301294940293011182e+00
1.301725821009679596e+00
1.302156844398225655e+00
1.302588010505889793e+00
1.303019319379929097e+00
1.303450771067615532e+00
1.303882365616237715e+00
1.304314103073098696e+00
1.304745983485518179e+00
1.305178006900830967e+00
1.305610173366388072e+00
1.306042482929555382e+00
1.306474935637715218e+00
1.306907531538265221e+00
1.307340270678618577e+00
1.307773153106204900e+00
1.308206178868468683e+00
1.308639348012870629e+00
1.309072660586886760e+00
1.309506116638009088e+00
1.309939716213745386e+00
1.310373459361619197e+00
1.310807346129169382e+00
1.311241376563951233e+00
1.311675550713534921e+00
1.312109868625507270e+00
1.312544330347470201e+00
1.312978935927041624e+00
1.313413685411855436e+00
1.313848578849560633e+00
1.314283616287823087e+00
1.314718797774323100e+00
1.315154123356758076e+00
1.315589593082840514e+00
1.316025207000298458e+00
1.316460965156876384e+00
1.316896867600334087e+00
1.317332914378447795e+00
1.317769105539008834e+00
1.318205441129824518e+00
1.318641921198718592e+00
1.319078545793529900e+00
1.319515314962113495e+00
1.319952228752339973e+00
1.320389287212096363e+00
1.320826490389284791e+00
1.321263838331824036e+00
1.321701331087648201e+00
1.322138968704707374e+00
1.322576751230967407e+00
1.323014678714410364e+00
1.323452751203034072e+00
1.323890968744852126e+00
1.324329331387894104e+00
1.324767839180205353e+00
1.325206492169847206e+00
1.325645290404897203e+00
1.326084233933448431e+00
1.326523322803609961e+00
1.326962557063506853e+00
1.327401936761280377e+00
1.327841461945087120e+00
1.328281132663099884e+00
1.328720948963507897e+00
1.329160910894515712e+00
1.329601018504344090e+00
1.330041271841229777e+00
1.330481670953425510e+00
1.330922215889199789e+00
1.331362906696837545e+00
1.331803743424639030e+00
1.332244726120921374e+00
1.332685854834016581e+00
1.333127129612273754e+00
1.333568550504057537e+00
1.334010117557748343e+00
1.334451830821743012e+00
1.334893690344453931e+00
1.335335696174310360e+00
1.335777848359756659e+00
1.336220146949253618e+00
1.336662591991278459e+00
1.337105183534323727e+00
1.337547921626898617e+00
1.337990806317527870e+00
1.338433837654752878e+00
1.338877015687130800e+00
1.339320340463234560e+00
1.339763812031653734e+00
1.340207430440993663e+00
1.340651195739875901e+00
1.341095107976937983e+00
1.341539167200833660e+00
1.341983373460232665e+00
1.342427726803821164e+00
1.342872227280301090e+00
1.343316874938390360e+00
1.343761669826823768e+00
1.344206611994351430e+00
1.344651701489740114e+00
1.345096938361772354e+00
1.345542322659247336e+00
1.345987854430979791e+00
1.346433533725801324e+00
1.346879360592559083e+00
1.347325335080116426e+00
1.347771457237353365e+00
1.348217727113165898e+00
1.348664144756466010e+00
1.349110710216181896e+00
1.349557423541258183e+00
1.350004284780655706e+00
1.350451293983351064e+00
1.350898451198337735e+00
1.351345756474624960e+00
1.351793209861238187e+00
1.352240811407219523e+00
1.352688561161626835e+00
1.353136459173534423e+00
1.353584505492033019e+00
1.354032700166229342e+00
1.354481043245246541e+00
1.354929534778223754e+00
1.355378174814316772e+00
1.355826963402697372e+00
1.356275900592553985e+00
1.356724986433090585e+00
1.357174220973528467e+00
1.357623604263104244e+00
1.358073136351071408e+00
1.358522817286699880e+00
1.358972647119275123e+00
1.359422625898099923e+00
1.359872753672492607e+00
1.360323030491787932e+00
1.360773456405337756e+00
1.361224031462509476e+00
1.361674755712686702e+00
1.362125629205270139e+00
1.362576651989676257e+00
1.363027824115338404e+00
1.363479145631705691e+00
1.363930616588243883e+00
1.364382237034435397e+00
1.364834007019778417e+00
1.365285926593788446e+00
1.365737995805996086e+00
1.366190214705949701e+00
1.366642583343213202e+00
1.367095101767366927e+00
1.367547770028008314e+00
1.368000588174750343e+00
1.368453556257222870e+00
1.368906674325072403e+00
1.369359942427961441e+00
1.369813360615569131e+00
1.370266928937590833e+00
1.370720647443739004e+00
1.371174516183742087e+00
1.371628535207344735e+00
1.372082704564308697e+00
1.372537024304411712e+00
1.372991494477448171e+00
1.373446115133229117e+00
1.373900886321581805e+00
1.374355808092349918e+00
1.374810880495394239e+00
1.375266103580591537e+00
1.375721477397835013e+00
1.376177001997034743e+00
1.376632677428117013e+00
1.377088503741025205e+00
1.377544480985718467e+00
1.378000609212172822e+00
1.378456888470381170e+00
1.378913318810352395e+00
1.379369900282112482e+00
1.379826632935703623e+00
1.380283516821184664e+00
1.380740551988630882e+00
1.381197738488134430e+00
1.381655076369803892e+00
1.382112565683764505e+00
1.382570206480158159e+00
1.383027998809142733e+00
1.383485942720893869e+00
1.383944038265602972e+00
1.384402285493477880e+00
1.384860684454743973e+00
1.385319235199642618e+00
1.385777937778431612e+00
1.386236792241386073e+00
1.386695798638797328e+00
1.387154957020973356e+00
1.387614267438239013e+00
1.388073729940935586e+00
1.388533344579421236e+00
1.388993111404070335e+00
1.389453030465274797e+00
1.389913101813442520e+00
1.390373325498998058e+00
1.390833701572383063e+00
1.391294230084055839e+00
1.391754911084490898e+00
1.392215744624180518e+00
1.392676730753632297e+00
1.393137869523371819e+00
1.393599160983940433e+00
1.394060605185897028e+00
1.394522202179816484e+00
1.394983952016291218e+00
1.395445854745929637e+00
1.395907910419357245e+00
1.396370119087216644e+00
1.396832480800166421e+00
1.397294995608882706e+00
1.397757663564058284e+00
1.398220484716401923e+00
1.398683459116640382e+00
1.399146586815516180e+00
1.399609867863789381e+00
1.400073302312236478e+00
1.400536890211650620e+00
1.401000631612842495e+00
1.401464526566638780e+00
1.401928575123883247e+00
1.402392777335436991e+00
1.402857133252177313e+00
1.403321642924998391e+00
1.403786306404811945e+00
1.404251123742545460e+00
1.404716094989144404e+00
1.405181220195570457e+00
1.405646499412802175e+00
1.406111932691835209e+00
1.406577520083682087e+00
1.407043261639372211e+00
1.407509157409951417e+00
1.407975207446483523e+00
1.408441411800048115e+00
1.408907770521742320e+00
1.409374283662679916e+00
1.409840951273992005e+00
1.410307773406826115e+00
1.410774750112346654e+00
1.411241881441735790e+00
1.411709167446191904e+00
1.412176608176930470e+00
1.412644203685183841e+00
1.413111954022201688e+00
1.413579859239250336e+00
1.414047919387613206e+00
1.414516134518590595e+00
1.414984504683499900e+00
1.415453029933675388e+00
1.415921710320468652e+00
1.416390545895247710e+00
1.416859536709398348e+00
1.417328682814322560e+00
1.417797984261439881e+00
1.418267441102186943e+00
1.418737053388016811e+00
1.419206821170400090e+00
1.419676744500824483e+00
1.420146823430794569e+00
1.420617058011831801e+00
1.421087448295474953e+00
1.421557994333279673e+00
1.422028696176819151e+00
1.422499553877682787e+00
1.422970567487477966e+00
1.423441737057828727e+00
1.423913062640375982e+00
1.424384544286778187e+00
1.424856182048710895e+00
1.425327975977866313e+00
1.425799926125953965e+00
1.426272032544700918e+00
1.426744295285850894e+00
1.427216714401164710e+00
1.427689289942420725e+00
1.428162021961413952e+00
1.428634910509957168e+00
1.429107955639879579e+00
1.429581157403027936e+00
1.430054515851266528e+00
1.430528031036476300e+00
1.431001703010555293e+00
1.431475531825418868e+00
1.431949517533000149e+00
1.432423660185248471e+00
1.432897959834130930e+00
1.433372416531632165e+00
1.433847030329753247e+00
1.434321801280512787e+00
1.434796729435947160e+00
1.435271814848108951e+00
1.435747057569068508e+00
1.436222457650913942e+00
1.436698015145749796e+00
1.437173730105697933e+00
1.437649602582898201e+00
1.438125632629506878e+00
1.438601820297697786e+00
1.439078165639662288e+00
1.439554668707609064e+00
1.440031329553763229e+00
1.440508148230368324e+00
1.440985124789684546e+00
1.441462259283989411e+00
1.441939551765577976e+00
1.442417002286762395e+00
1.442894610899872365e+00
1.443372377657254679e+00
1.443850302611273673e+00
1.444328385814310778e+00
1.444806627318764969e+00
1.445285027177052761e+00
1.445763585441607546e+00
1.446242302164880256e+00
1.446721177399339364e+00
1.447200211197470665e+00
1.447679403611777049e+00
1.448158754694779171e+00
1.448638264499014783e+00
1.449117933077039400e+00
1.449597760481425412e+00
1.450077746764763198e+00
1.450557891979660230e+00
1.451038196178741080e+00
1.451518659414648527e+00
1.451999281740042003e+00
1.452480063207598926e+00
1.452961003870013812e+00
1.453442103779998940e+00
1.453923362990283907e+00
1.454404781553615411e+00
1.454886359522758132e+00
1.455368096950494072e+00
1.455849993889622773e+00
1.456332050392960875e+00
1.456814266513342782e+00
1.457296642303620438e+00
1.457779177816663552e+00
1.458261873105358708e+00
1.458744728222610254e+00
1.459227743221340523e+00
1.459710918154488501e+00
1.460194253075011384e+00
1.460677748035883683e+00
1.461161403090097455e+00
1.461645218290662518e+00
1.462129193690605788e+00
1.462613329342971946e+00
1.463097625300823212e+00
1.463582081617239794e+00
1.464066698345318773e+00
1.464551475538175218e+00
1.465036413248941960e+00
1.465521511530769150e+00
1.466006770436824036e+00
1.466492190020292741e+00
1.466977770334378040e+00
1.467463511432300027e+00
1.467949413367297895e+00
1.468435476192626599e+00
1.468921699961560190e+00
1.469408084727389818e+00
1.469894630543423952e+00
1.470381337462989269e+00
1.470868205539429763e+00
1.471355234826107194e+00
1.471842425376401087e+00
1.472329777243708504e+00
1.472817290481444275e+00
1.473304965143040768e+00
1.473792801281947895e+00
1.474280798951634219e+00
1.474768958205584735e+00
1.475257279097302865e+00
1.475745761680309798e+00
1.476234406008144040e+00
1.476723212134361862e+00
1.477212180112537743e+00
1.477701309996263701e+00
1.478190601839149076e+00
1.478680055694821416e+00
1.479169671616925807e+00
1.479659449659125103e+00
1.480149389875100363e+00
1.480639492318549966e+00
1.481129757043189832e+00
1.481620184102754312e+00
1.482110773550995075e+00
1.482601525441681778e+00
1.483092439828602060e+00
1.483583516765560883e+00
1.484074756306381415e+00
1.484566158504904587e+00
1.485057723414989095e+00
1.485549451090511619e+00
1.486041341585366160e+00
1.486533394953465370e+00
1.487025611248738999e+00
1.487517990525135003e+00
1.488010532836619548e+00
1.488503238237175896e+00
1.488996106780805739e+00
1.489489138521528755e+00
1.489982333513381940e+00
1.490475691810420278e+00
1.490969213466717402e+00
1.491462898536364046e+00
1.491956747073469147e+00
1.492450759132159632e+00
1.492944934766580189e+00
1.493439274030893271e+00
1.493933776979279981e+00
1.494428443665938522e+00
1.494923274145085745e+00
1.495418268470955381e+00
1.495913426697800697e+00
1.496408748879891615e+00
1.496904235071516487e+00
1.497399885326981872e+00
1.497895699700611649e+00
1.498391678246748571e+00
1.498887821019752709e+00
1.499384128074002565e+00
1.499880599463893960e+00
1.500377235243841589e+00
1.500874035468277690e+00
1.501371000191652705e+00
1.501868129468434843e+00
1.502365423353110518e+00
1.502862881900184133e+00
1.503360505164178518e+00
1.503858293199633822e+00
1.504356246061108848e+00
1.504854363803180162e+00
1.505352646480442758e+00
1.505851094147509395e+00
1.506349706859010595e+00
1.506848484669595978e+00
1.507347427633932035e+00
1.507846535806704358e+00
1.508345809242616076e+00
1.508845247996388750e+00
1.509344852122761704e+00
1.509844621676492915e+00
1.510344556712357900e+00
1.510844657285150383e+00
1.511344923449682964e+00
1.511845355260785562e+00
1.512345952773306523e+00
1.512846716042112627e+00
1.513347645122088414e+00
1.513848740068136633e+00
1.514350000935178464e+00
1.514851427778153070e+00
1.515353020652018046e+00
1.515854779611748970e+00
1.516356704712339631e+00
1.516858796008802246e+00
1.517361053556166572e+00
1.517863477409481687e+00
1.518366067623813764e+00
1.518868824254248295e+00
1.519371747355888091e+00
1.519874836983854616e+00
1.520378093193287539e+00
1.520881516039344961e+00
1.521385105577202967e+00
1.521888861862055853e+00
1.522392784949116784e+00
1.522896874893616470e+00
1.523401131750804272e+00
1.523905555575947757e+00
1.524410146424333146e+00
1.524914904351264200e+00
1.525419829412063777e+00
1.525924921662072498e+00
1.526430181156649635e+00
1.526935607951172669e+00
1.527441202101037510e+00
1.527946963661658275e+00
1.528452892688467513e+00
1.528958989236915977e+00
1.529465253362473076e+00
1.529971685120626423e+00
1.530478284566881841e+00
1.530985051756763804e+00
1.531491986745814993e+00
1.531999089589596741e+00
1.532506360343688367e+00
1.533013799063687843e+00
1.533521405805211568e+00
1.534029180623894373e+00
1.534537123575389073e+00
1.535045234715367801e+00
1.535553514099520456e+00
1.536061961783555141e+00
1.536570577823199280e+00
1.537079362274198058e+00
1.537588315192315092e+00
1.538097436633333093e+00
1.538606726653052759e+00
1.539116185307292994e+00
1.539625812651891801e+00
1.540135608742705609e+00
1.540645573635608612e+00
1.541155707386494544e+00
1.541666010051274682e+00
1.542176481685879841e+00
1.542687122346258155e+00
1.543197932088377300e+00
1.543708910968222936e+00
1.544220059041799598e+00
1.544731376365129805e+00
1.545242862994255617e+00
1.545754518985236414e+00
1.546266344394151115e+00
1.546778339277096848e+00
1.547290503690189167e+00
1.547802837689562505e+00
1.548315341331369721e+00
1.548828014671782105e+00
1.549340857766990043e+00
1.549853870673201905e+00
1.550367053446645160e+00
1.550880406143565704e+00
1.551393928820228085e+00
1.551907621532915504e+00
1.552421484337929591e+00
1.552935517291590850e+00
1.553449720450238436e+00
1.553964093870229934e+00
1.554478637607942026e+00
1.554993351719769601e+00
1.555508236262126198e+00
1.556023291291444677e+00
1.556538516864176103e+00
1.557053913036789750e+00
1.557569479865774653e+00
1.558085217407637835e+00
1.558601125718905189e+00
1.559117204856121486e+00
1.559633454875849923e+00
1.560149875834672573e+00
1.560666467789190603e+00
1.561183230796022947e+00
1.561700164911808297e+00
1.562217270193203777e+00
1.562734546696885163e+00
1.563251994479546880e+00
1.563769613597902453e+00
1.564287404108684054e+00
1.564805366068642289e+00
1.565323499534547080e+00
1.565841804563187223e+00
1.566360281211369720e+00
1.566878929535920673e+00
1.567397749593685052e+00
1.567916741441526707e+00
1.568435905136328135e+00
1.568955240734991152e+00
1.569474748294435340e+00
1.569994427871600262e+00
1.570514279523443912e+00
1.571034303306943158e+00
1.571554499279093298e+00
1.572074867496909167e+00
1.572595408017424257e+00
1.573116120897690928e+00
1.573637006194780197e+00
1.574158063965782395e+00
1.574679294267806506e+00
1.575200697157980168e+00
1.575722272693450776e+00
1.576244020931383716e+00
1.576765941928963688e+00
1.577288035743394268e+00
1.577810302431898570e+00
1.578332742051717252e+00
1.578855354660111621e+00
1.579378140314360746e+00
1.579901099071762793e+00
1.580424230989635692e+00
1.580947536125315356e+00
1.581471014536157016e+00
1.581994666279535666e+00
1.582518491412844064e+00
1.583042489993494506e+00
1.583566662078918608e+00
1.584091007726566858e+00
1.584615526993908174e+00
1.585140219938431239e+00
1.585665086617643604e+00
1.586190127089071478e+00
1.586715341410260605e+00
1.587240729638775383e+00
1.587766291832199750e+00
1.588292028048136295e+00
1.588817938344206704e+00
1.589344022778051979e+00
1.589870281407331776e+00
1.590396714289725733e+00
1.590923321482931474e+00
1.591450103044666387e+00
1.591977059032666952e+00
1.592504189504688750e+00
1.593031494518505786e+00
1.593558974131912498e+00
1.594086628402721528e+00
1.594614457388764617e+00
1.595142461147893487e+00
1.595670639737977847e+00
1.596198993216907391e+00
1.596727521642590908e+00
1.597256225072956282e+00
1.597785103565950271e+00
1.598314157179539174e+00
1.598843385971708386e+00
1.599372790000462397e+00
1.599902369323825013e+00
1.600432123999839362e+00
1.600962054086567665e+00
1.601492159642091240e+00
1.602022440724510943e+00
1.602552897391946507e+00
1.603083529702537202e+00
1.603614337714441396e+00
1.604145321485836773e+00
1.604676481074920114e+00
1.605207816539907961e+00
1.605739327939035510e+00
1.606271015330557717e+00
1.606802878772748411e+00
1.607334918323901185e+00
1.607867134042328505e+00
1.608399525986362377e+00
1.608932094214354125e+00
1.609464838784674390e+00
1.609997759755712909e+00
1.610530857185878961e+00
1.611064131133601363e+00
1.611597581657327805e+00
1.612131208815525740e+00
1.612665012666681941e+00
1.613198993269302051e+00
1.613733150681911699e+00
1.614267484963055610e+00
1.614801996171298049e+00
1.615336684365222375e+00
1.615871549603431712e+00
1.616406591944548277e+00
1.616941811447214050e+00
1.617477208170089886e+00
1.618012782171856401e+00
1.618548533511213972e+00
1.619084462246882072e+00
1.619620568437599051e+00
1.620156852142123904e+00
1.620693313419234061e+00
1.621229952327726931e+00
1.621766768926419244e+00
1.622303763274147270e+00
1.622840935429766596e+00
1.623378285452152348e+00
1.623915813400199637e+00
1.624453519332822227e+00
1.624991403308954085e+00
1.625529465387548278e+00
1.626067705627577409e+00
1.626606124088034067e+00
1.627144720827929714e+00
1.627683495906296018e+00
1.628222449382183523e+00
1.628761581314662754e+00
1.629300891762824000e+00
1.629840380785776199e+00
1.630380048442649166e+00
1.630919894792591140e+00
1.631459919894770572e+00
1.632000123808375447e+00
1.632540506592613072e+00
1.633081068306710515e+00
1.633621809009914605e+00
1.634162728761491490e+00
1.634703827620727523e+00
1.635245105646927488e+00
1.635786562899417484e+00
1.636328199437541819e+00
1.636870015320665006e+00
1.637412010608171542e+00
1.637954185359464798e+00
1.638496539633968574e+00
1.639039073491125986e+00
1.639581786990399914e+00
1.640124680191272555e+00
1.640667753153246533e+00
1.641211005935843792e+00
1.641754438598605592e+00
1.642298051201093623e+00
1.642841843802889112e+00
1.643385816463592386e+00
1.643929969242824196e+00
1.644474302200225058e+00
1.645018815395454803e+00
1.645563508888193027e+00
1.646108382738139753e+00
1.646653437005013876e+00
1.647198671748554499e+00
1.647744087028520932e+00
1.648289682904691356e+00
1.648835459436864381e+00
1.649381416684858381e+00
1.649927554708511268e+00
1.650473873567680716e+00
1.651020373322245050e+00
1.651567054032101023e+00
1.652113915757166485e+00
1.652660958557378601e+00
1.653208182492694300e+00
1.653755587623090273e+00
1.654303174008563637e+00
1.654850941709130829e+00
1.655398890784828270e+00
1.655947021295712585e+00
1.656495333301859718e+00
1.657043826863365821e+00
1.657592502040347249e+00
1.658141358892939676e+00
1.658690397481298984e+00
1.659239617865601035e+00
1.659789020106041679e+00
1.660338604262836304e+00
1.660888370396220282e+00
1.661438318566449857e+00
1.661988448833799925e+00
1.662538761258565811e+00
1.663089255901063490e+00
1.663639932821627809e+00
1.664190792080614267e+00
1.664741833738398347e+00
1.665293057855375070e+00
1.665844464491960109e+00
1.666396053708588454e+00
1.666947825565715746e+00
1.667499780123816944e+00
1.668051917443387877e+00
1.668604237584943695e+00
1.669156740609019751e+00
1.669709426576171829e+00
1.670262295546975473e+00
1.670815347582025767e+00
1.671368582741938891e+00
1.671922001087350340e+00
1.672475602678916040e+00
1.673029387577311677e+00
1.673583355843233589e+00
1.674137507537397651e+00
1.674691842720539947e+00
1.675246361453416766e+00
1.675801063796805046e+00
1.676355949811500601e+00
1.676911019558320559e+00
1.677466273098101590e+00
1.678021710491700347e+00
1.678577331799994576e+00
1.679133137083881122e+00
1.679689126404277477e+00
1.680245299822121341e+00
1.680801657398370397e+00
1.681358199194002312e+00
1.681914925270015626e+00
1.682471835687428641e+00
1.683028930507279863e+00
1.683586209790628008e+00
1.684143673598551993e+00
1.684701321992151168e+00
1.685259155032544642e+00
1.685817172780872619e+00
1.686375375298294621e+00
1.686933762645991042e+00
1.687492334885162037e+00
1.688051092077028414e+00
1.688610034282831185e+00
1.689169161563831567e+00
1.689728473981311208e+00
1.690287971596571515e+00
1.690847654470935213e+00
1.691407522665744123e+00
1.691967576242361160e+00
1.692527815262169666e+00
1.693088239786572746e+00
1.693648849876993934e+00
1.694209645594877633e+00
1.694770627001688013e+00
1.695331794158909888e+00
1.695893147128048284e+00
1.696454685970628651e+00
1.697016410748197091e+00
1.697578321522319467e+00
1.698140418354582515e+00
1.698702701306593177e+00
1.699265170439978823e+00
1.699827825816387694e+00
1.700390667497487351e+00
1.700953695544966671e+00
1.701516910020534734e+00
1.702080310985921052e+00
1.702643898502875563e+00
1.703207672633168634e+00
1.703771633438590838e+00
1.704335780980953841e+00
1.704900115322089293e+00
1.705464636523849276e+00
1.706029344648106516e+00
1.706594239756754394e+00
1.707159321911706273e+00
1.707724591174896833e+00
1.708290047608280293e+00
1.708855691273831967e+00
1.709421522233547819e+00
1.709987540549443796e+00
1.710553746283557164e+00
1.711120139497944725e+00
1.711686720254684602e+00
1.712253488615875119e+00
1.712820444643635476e+00
1.713387588400105077e+00
1.713954919947444200e+00
1.714522439347833549e+00
1.715090146663474258e+00
1.715658041956588331e+00
1.716226125289418425e+00
1.716794396724227401e+00
1.717362856323299214e+00
1.717931504148938249e+00
1.718500340263469317e+00
1.719069364729238325e+00
1.719638577608611385e+00
1.720207978963975259e+00
1.720777568857737583e+00
1.721347347352326862e+00
1.721917314510191810e+00
1.722487470393801789e+00
1.723057815065647702e+00
1.723628348588239989e+00
1.724199071024110630e+00
1.724769982435811810e+00
1.725341082885916588e+00
1.725912372437018893e+00
1.726483851151733084e+00
1.727055519092694835e+00
1.727627376322559583e+00
1.728199422904004523e+00
1.728771658899727059e+00
1.729344084372445245e+00
1.729916699384898449e+00
1.730489503999846246e+00
1.731062498280069084e+00
1.731635682288368727e+00
1.732209056087566923e+00
1.732782619740507180e+00
1.733356373310052545e+00
1.733930316859088272e+00
1.734504450450519597e+00
1.735078774147272407e+00
1.735653288012294349e+00
1.736227992108553053e+00
1.736802886499037024e+00
1.737377971246756525e+00
1.737953246414741360e+00
1.738528712066043314e+00
1.739104368263734823e+00
1.739680215070908531e+00
1.740256252550678395e+00
1.740832480766179913e+00
1.741408899780568564e+00
1.741985509657020925e+00
1.742562310458734887e+00
1.743139302248928990e+00
1.743716485090842649e+00
1.744293859047736595e+00
1.744871424182891761e+00
1.745449180559610847e+00
1.746027128241216975e+00
1.746605267291054586e+00
1.747183597772488772e+00
1.747762119748905940e+00
1.748340833283713147e+00
1.748919738440338545e+00
1.749498835282231601e+00
1.750078123872862434e+00
1.750657604275722257e+00
1.751237276554323152e+00
1.751817140772198966e+00
1.752397196992903528e+00
1.752977445280012203e+00
1.753557885697121677e+00
1.754138518307849504e+00
1.754719343175833890e+00
1.755300360364734802e+00
1.755881569938232634e+00
1.756462971960029318e+00
1.757044566493847659e+00
1.757626353603432001e+00
1.758208333352546893e+00
1.758790505804978865e+00
1.759372871024535101e+00
1.759955429075044320e+00
1.760538180020355448e+00
1.761121123924340059e+00
1.761704260850889492e+00
1.762287590863916842e+00
1.762871114027356301e+00
1.763454830405163598e+00
1.764038740061314670e+00
1.764622843059807433e+00
1.765207139464661124e+00
1.765791629339915625e+00
1.766376312749632138e+00
1.766961189757893402e+00
1.767546260428803029e+00
1.768131524826485945e+00
1.768716983015088617e+00
1.769302635058778161e+00
1.769888481021743454e+00
1.770474520968194243e+00
1.771060754962362260e+00
1.771647183068499221e+00
1.772233805350879488e+00
1.772820621873797853e+00
1.773407632701570424e+00
1.773994837898535293e+00
1.774582237529051199e+00
1.775169831657497976e+00
1.775757620348277666e+00
1.776345603665813178e+00
1.776933781674548296e+00
1.777522154438948787e+00
1.778110722023501511e+00
1.778699484492714644e+00
1.779288441911118124e+00
1.779877594343262537e+00
1.780466941853720453e+00
1.781056484507085536e+00
1.781646222367972321e+00
1.782236155501018438e+00
1.782826283970881054e+00
1.783416607842239543e+00
1.784007127179794816e+00
1.784597842048268879e+00
1.785188752512405275e+00
1.785779858636969308e+00
1.786371160486747156e+00
1.786962658126546977e+00
1.787554351621198023e+00
1.788146241035551087e+00
1.788738326434478276e+00
1.789330607882874125e+00
1.789923085445653372e+00
1.790515759187752742e+00
1.791108629174130717e+00
1.791701695469767097e+00
1.792294958139663219e+00
1.792888417248841515e+00
1.793482072862346843e+00
1.794075925045244935e+00
1.794669973862623280e+00
1.795264219379590909e+00
1.795858661661278166e+00
1.796453300772836936e+00
1.797048136779441752e+00
1.797643169746287128e+00
1.798238399738590454e+00
1.798833826821589765e+00
1.799429451060545304e+00
1.800025272520738406e+00
1.800621291267472834e+00
1.801217507366073445e+00
1.801813920881886633e+00
1.802410531880280553e+00
1.803007340426644900e+00
1.803604346586391349e+00
1.804201550424952893e+00
1.804798952007784507e+00
1.805396551400362481e+00
1.805994348668184868e+00
1.806592343876771922e+00
1.807190537091664773e+00
1.807788928378426530e+00
1.808387517802642730e+00
1.808986305429919561e+00
1.809585291325885636e+00
1.810184475556190886e+00
1.810783858186507000e+00
1.811383439282527874e+00
1.811983218909968718e+00
1.812583197134566948e+00
1.813183374022081074e+00
1.813783749638291587e+00
1.814384324049001407e+00
1.814985097320034324e+00
1.815586069517236556e+00
1.816187240706476080e+00
1.816788610953642191e+00
1.817390180324646387e+00
1.817991948885422149e+00
1.818593916701924496e+00
1.819196083840129763e+00
1.819798450366037823e+00
1.820401016345668532e+00
1.821003781845064617e+00
1.821606746930290566e+00
1.822209911667432181e+00
1.822813276122597914e+00
1.823416840361917757e+00
1.824020604451543681e+00
1.824624568457649421e+00
1.825228732446430691e+00
1.825833096484104967e+00
1.826437660636911930e+00
1.827042424971113244e+00
1.827647389552992108e+00
1.828252554448854150e+00
1.828857919725026537e+00
1.829463485447858639e+00
1.830069251683721365e+00
1.830675218499008716e+00
1.831281385960135344e+00
1.831887754133538548e+00
1.832494323085677834e+00
1.833101092883034022e+00
1.833708063592110804e+00
1.834315235279432743e+00
1.834922608011547940e+00
1.835530181855025367e+00
1.836137956876456423e+00
1.836745933142454490e+00
1.837354110719654932e+00
1.837962489674715094e+00
1.838571070074315195e+00
1.839179851985156766e+00
1.839788835473963102e+00
1.840398020607480589e+00
1.841007407452476929e+00
1.841616996075742252e+00
1.842226786544088668e+00
1.842836778924350716e+00
1.843446973283384693e+00
1.844057369688069326e+00
1.844667968205305097e+00
1.845278768902014921e+00
1.845889771845143690e+00
1.846500977101658947e+00
1.847112384738550217e+00
1.847723994822828564e+00
1.848335807421527921e+00
1.848947822601704427e+00
1.849560040430435759e+00
1.850172460974822908e+00
1.850785084301987959e+00
1.851397910479075870e+00
1.852010939573253800e+00
1.852624171651710672e+00
1.853237606781658275e+00
1.853851245030330386e+00
1.854465086464983203e+00
1.855079131152894689e+00
1.855693379161365453e+00
1.856307830557718530e+00
1.856922485409298940e+00
1.857537343783474348e+00
1.858152405747634406e+00
1.858767671369191188e+00
1.859383140715579197e+00
1.859998813854254918e+00
1.860614690852697706e+00
1.861230771778408455e+00
1.861847056698911596e+00
1.862463545681753097e+00
1.863080238794501131e+00
1.863697136104746743e+00
1.864314237680102959e+00
1.864931543588205676e+00
1.865549053896712772e+00
1.866166768673304999e+00
1.866784687985684643e+00
1.867402811901577531e+00
1.868021140488730802e+00
1.868639673814914692e+00
1.869258411947922083e+00
1.869877354955567617e+00
1.870496502905689029e+00
1.871115855866146038e+00
1.871735413904821010e+00
1.872355177089618961e+00
1.872975145488466886e+00
1.873595319169315099e+00
1.874215698200135671e+00
1.874836282648923547e+00
1.875457072583695872e+00
1.876078068072492666e+00
1.876699269183376151e+00
1.877320675984431864e+00
1.877942288543766658e+00
1.878564106929510924e+00
1.879186131209817034e+00
1.879808361452860233e+00
1.880430797726837966e+00
1.881053440099971219e+00
1.881676288640502737e+00
1.882299343416697468e+00
1.882922604496844121e+00
1.883546071949253164e+00
1.884169745842257715e+00
1.884793626244213982e+00
1.885417713223500824e+00
1.886042006848519081e+00
1.886666507187692909e+00
1.887291214309468668e+00
1.887916128282315587e+00
1.888541249174725323e+00
1.889166577055212848e+00
1.889792111992315338e+00
1.890417854054592839e+00
1.891043803310627602e+00
1.891669959829025194e+00
1.892296323678413383e+00
1.892922894927443478e+00
1.893549673644788767e+00
1.894176659899145632e+00
1.894803853759232881e+00
1.895431255293792416e+00
1.896058864571588343e+00
1.896686681661408524e+00
1.897314706632062808e+00
1.897942939552384134e+00
1.898571380491228089e+00
1.899200029517472910e+00
1.899828886700020147e+00
1.900457952107793336e+00
1.901087225809740211e+00
1.901716707874830048e+00
1.902346398372055214e+00
1.902976297370431391e+00
1.903606404938996910e+00
1.904236721146812306e+00
1.904867246062962094e+00
1.905497979756552995e+00
1.906128922296714823e+00
1.906760073752600038e+00
1.907391434193384194e+00
1.908023003688265717e+00
1.908654782306466124e+00
1.909286770117229359e+00
1.909918967189823125e+00
1.910551373593536884e+00
1.911183989397684302e+00
1.911816814671600584e+00
1.912449849484645803e+00
1.913083093906201126e+00
1.913716548005671703e+00
1.914350211852485328e+00
1.914984085516093115e+00
1.915618169065968823e+00
1.916252462571609083e+00
1.916886966102534284e+00
1.917521679728286799e+00
1.918156603518433201e+00
1.918791737542561826e+00
1.919427081870285212e+00
1.920062636571237880e+00
1.920698401715078552e+00
1.921334377371488156e+00
1.921970563610170935e+00
1.922606960500854223e+00
1.923243568113288449e+00
1.923880386517247132e+00
1.924517415782526886e+00
1.925154655978947638e+00
1.925792107176352186e+00
1.926429769444606421e+00
1.927067642853599549e+00
1.927705727473243646e+00
1.928344023373474103e+00
1.928982530624249847e+00
1.929621249295552232e+00
1.930260179457386593e+00
1.930899321179780692e+00
1.931538674532785826e+00
1.932178239586476165e+00
1.932818016410950079e+00
1.933458005076327924e+00
1.934098205652754254e+00
1.934738618210395833e+00
1.935379242819443624e+00
1.936020079550110795e+00
1.936661128472635385e+00
1.937302389657277191e+00
1.937943863174319770e+00
1.938585549094069771e+00
1.939227447486857825e+00
1.939869558423036544e+00
1.940511881972983632e+00
1.941154418207098331e+00
1.941797167195804308e+00
1.942440129009548322e+00
1.943083303718799781e+00
1.943726691394052519e+00
1.944370292105822795e+00
1.945014105924650849e+00
1.945658132921100014e+00
1.946302373165756938e+00
1.946946826729231805e+00
1.947591493682157893e+00
1.948236374095192014e+00
1.948881468039014520e+00
1.949526775584329297e+00
1.950172296801863103e+00
1.950818031762366456e+00
1.951463980536613185e+00
1.952110143195400660e+00
1.952756519809549784e+00
1.953403110449905000e+00
1.954049915187333619e+00
1.954696934092726934e+00
1.955344167236999553e+00
1.955991614691089620e+00
1.956639276525958371e+00
1.957287152812591469e+00
1.957935243621997223e+00
1.958583549025207926e+00
1.959232069093278961e+00
1.959880803897289692e+00
1.960529753508342576e+00
1.961178917997564053e+00
1.961828297436103874e+00
1.962477891895135329e+00
1.963127701445855466e+00
1.963777726159484649e+00
1.964427966107266776e+00
1.965078421360469951e+00
1.965729091990385147e+00
1.966379978068327095e+00
1.967031079665634730e+00
1.967682396853669635e+00
1.968333929703817597e+00
1.968985678287488605e+00
1.969637642676114853e+00
1.970289822941153624e+00
1.970942219154085073e+00
1.971594831386412894e+00
1.972247659709664980e+00
1.972900704195392541e+00
1.973553964915170766e+00
1.974207441940598606e+00
1.974861135343298324e+00
1.975515045194915942e+00
1.976169171567121463e+00
1.976823514531608206e+00
1.977478074160094135e+00
1.978132850524320085e+00
1.978787843696050874e+00
1.979443053747075076e+00
1.980098480749205248e+00
1.980754124774277036e+00
1.981409985894151182e+00
1.982066064180711074e+00
1.982722359705864301e+00
1.983378872541541993e+00
1.984035602759699701e+00
1.984692550432316072e+00
1.985349715631394396e+00
1.986007098428961060e+00
1.986664698897066650e+00
1.987322517107785513e+00
1.987980553133215977e+00
1.988638807045480128e+00
1.989297278916723588e+00
1.989955968819117071e+00
1.990614876824853718e+00
1.991274003006151538e+00
1.991933347435252077e+00
1.992592910184420862e+00
1.993252691325947179e+00
1.993912690932144738e+00
1.994572909075350564e+00
1.995233345827926330e+00
1.995894001262256801e+00
1.996554875450751609e+00
1.997215968465843705e+00
1.997877280379990461e+00
1.998538811265672788e+00
1.999200561195396242e+00
1.999862530241689695e+00
2.000524718477106223e+00
2.001187125974223324e+00
2.001849752805642257e+00
2.002512599043988040e+00
2.003175664761910557e+00
2.003838950032082344e+00
2.004502454927201693e+00
2.005166179519989988e+00
2.005830123883192151e+00
2.006494288089578415e+00
2.007158672211942552e+00
2.007823276323102313e+00
2.008488100495900319e+00
2.009153144803201840e+00
2.009818409317897014e+00
2.010483894112901293e+00
2.011149599261152332e+00
2.011815524835613100e+00
2.012481670909270104e+00
2.013148037555135161e+00
2.013814624846242296e+00
2.014481432855651732e+00
2.015148461656447232e+00
2.015815711321735648e+00
2.016483181924649593e+00
2.017150873538345213e+00
2.017818786236002637e+00
2.018486920090825976e+00
2.019155275176045539e+00
2.019823851564913397e+00
2.020492649330706936e+00
2.021161668546728407e+00
2.021830909286303157e+00
2.022500371622781401e+00
2.023170055629537778e+00
2.023839961379971353e+00
2.024510088947504727e+00
2.025180438405585370e+00
2.025851009827685179e+00
2.026521803287299583e+00
2.027192818857950218e+00
2.027864056613180477e+00
2.028535516626560398e+00
2.029207198971682669e+00
2.029879103722165290e+00
2.030551230951650687e+00
2.031223580733805267e+00
2.031896153142319861e+00
2.032568948250909724e+00
2.033241966133315426e+00
2.033915206863299741e+00
2.034588670514652531e+00
2.035262357161185864e+00
2.035936266876738010e+00
2.036610399735170773e+00
2.037284755810369941e+00
2.037959335176247055e+00
2.038634137906736754e+00
2.039309164075798986e+00
2.039984413757418569e+00
2.040659887025603858e+00
2.041335583954388078e+00
2.042011504617829321e+00
2.042687649090009661e+00
2.043364017445035596e+00
2.044040609757039384e+00
2.044717426100176372e+00
2.045394466548627666e+00
2.046071731176597464e+00
2.046749220058315721e+00
2.047426933268036819e+00
2.048104870880039119e+00
2.048783032968626294e+00
2.049461419608126445e+00
2.050140030872892538e+00
2.050818866837300636e+00
2.051497927575753888e+00
2.052177213162677205e+00
2.052856723672523476e+00
2.053536459179767348e+00
2.054216419758909673e+00
2.054896605484475280e+00
2.055577016431014314e+00
2.056257652673100900e+00
2.056938514285334030e+00
2.057619601342338456e+00
2.058300913918762021e+00
2.058982452089277881e+00
2.059664215928584508e+00
2.060346205511404349e+00
2.061028420912484727e+00
2.061710862206598716e+00
2.062393529468542486e+00
2.063076422773137963e+00
2.063759542195231944e+00
2.064442887809695204e+00
2.065126459691424277e+00
2.065810257915340564e+00
2.066494282556388562e+00
2.067178533689539854e+00
2.067863011389789563e+00
2.068547715732157677e+00
2.069232646791689056e+00
2.069917804643453874e+00
2.070603189362547170e+00
2.071288801024087967e+00
2.071974639703220600e+00
2.072660705475115162e+00
2.073346998414965281e+00
2.074033518597990788e+00
2.074720266099435051e+00
2.075407240994567193e+00
2.076094443358681207e+00
2.076781873267095957e+00
2.077469530795155173e+00
2.078157416018227011e+00
2.078845529011706272e+00
2.079533869851010852e+00
2.080222438611584401e+00
2.080911235368895440e+00
2.081600260198437802e+00
2.082289513175729301e+00
2.082978994376314397e+00
2.083668703875761530e+00
2.084358641749664454e+00
2.085048808073640902e+00
2.085739202923335700e+00
2.086429826374416319e+00
2.087120678502577764e+00
2.087811759383538135e+00
2.088503069093041731e+00
2.089194607706857720e+00
2.089886375300779253e+00
2.090578371950626124e+00
2.091270597732242553e+00
2.091963052721498073e+00
2.092655736994287086e+00
2.093348650626529306e+00
2.094041793694169762e+00
2.094735166273177462e+00
2.095428768439548506e+00
2.096122600269302527e+00
2.096816661838485363e+00
2.097510953223167274e+00
2.098205474499444279e+00
2.098900225743437264e+00
2.099595207031292432e+00
2.100290418439180851e+00
2.100985860043300235e+00
2.101681531919871393e+00
2.102377434145141333e+00
2.103073566795383265e+00
2.103769929946893935e+00
2.104466523675996736e+00
2.105163348059039929e+00
2.105860403172396644e+00
2.106557689092465324e+00
2.107255205895670169e+00
2.107952953658460693e+00
2.108650932457311278e+00
2.109349142368722063e+00
2.110047583469218058e+00
2.110746255835350027e+00
2.111445159543694050e+00
2.112144294670851075e+00
2.112843661293447806e+00
2.113543259488136705e+00
2.114243089331595105e+00
2.114943150900525648e+00
2.115643444271656737e+00
2.116343969521741641e+00
2.117044726727559389e+00
2.117745715965915210e+00
2.118446937313638312e+00
2.119148390847583663e+00
2.119850076644632875e+00
2.120551994781691985e+00
2.121254145335692343e+00
2.121956528383591056e+00
2.122659144002371434e+00
2.123361992269041210e+00
2.124065073260633874e+00
2.124768387054208674e+00
2.125471933726850615e+00
2.126175713355669128e+00
2.126879726017801175e+00
2.127583971790406814e+00
2.128288450750673189e+00
2.128993162975813203e+00
2.129698108543064183e+00
2.130403287529689216e+00
2.131108700012978918e+00
2.131814346070246557e+00
2.132520225778833378e+00
2.133226339216104606e+00
2.133932686459452110e+00
2.134639267586292188e+00
2.135346082674069113e+00
2.136053131800250249e+00
2.136760415042330052e+00
2.137467932477827848e+00
2.138175684184289604e+00
2.138883670239286161e+00
2.139591890720413669e+00
2.140300345705295371e+00
2.141009035271579375e+00
2.141717959496939105e+00
2.142427118459074631e+00
2.143136512235710445e+00
2.143846140904598130e+00
2.144556004543515026e+00
2.145266103230262900e+00
2.145976437042670160e+00
2.146687006058591418e+00
2.147397810355905712e+00
2.148108850012519166e+00
2.148820125106363221e+00
2.149531635715394629e+00
2.150243381917597230e+00
2.150955363790979735e+00
2.151667581413576169e+00
2.152380034863447644e+00
2.153092724218680587e+00
2.153805649557386737e+00
2.154518810957704922e+00
2.155232208497798840e+00
2.155945842255857947e+00
2.156659712310098787e+00
2.157373818738761884e+00
2.158088161620116185e+00
2.158802741032454175e+00
2.159517557054095427e+00
2.160232609763385714e+00
2.160947899238695680e+00
2.161663425558422613e+00
2.162379188800990004e+00
2.163095189044847544e+00
2.163811426368469348e+00
2.164527900850357067e+00
2.165244612569037663e+00
2.165961561603063856e+00
2.166678748031015456e+00
2.167396171931497140e+00
2.168113833383140676e+00
2.168831732464602258e+00
2.169549869254566055e+00
2.170268243831741106e+00
2.170986856274862209e+00
2.171705706662691249e+00
2.172424795074015869e+00
2.173144121587649913e+00
2.173863686282432095e+00
2.174583489237229106e+00
2.175303530530932505e+00
2.176023810242460499e+00
2.176744328450757049e+00
2.177465085234792319e+00
2.178186080673563563e+00
2.178907314846092458e+00
2.179628787831427772e+00
2.180350499708645362e+00
2.181072450556845510e+00
2.181794640455156031e+00
2.182517069482730054e+00
2.183239737718747797e+00
2.183962645242414791e+00
2.184685792132963211e+00
2.185409178469651881e+00
2.186132804331765378e+00
2.186856669798614039e+00
2.187580774949535733e+00
2.188305119863893644e+00
2.189029704621077155e+00
2.189754529300502739e+00
2.190479593981612627e+00
2.191204898743875251e+00
2.191930443666785688e+00
2.192656228829865217e+00
2.193382254312660873e+00
2.194108520194747225e+00
2.194835026555724600e+00
2.195561773475219081e+00
2.196288761032883841e+00
2.197015989308398254e+00
2.197743458381468340e+00
2.198471168331825876e+00
2.199199119239229283e+00
2.199927311183464074e+00
2.200655744244341516e+00
2.201384418501699081e+00
2.202113334035400882e+00
2.202842490925337238e+00
2.203571889251426441e+00
2.204301529093611656e+00
2.205031410531862690e+00
2.205761533646175998e+00
2.206491898516574679e+00
2.207222505223108033e+00
2.207953353845852451e+00
2.208684444464910523e+00
2.209415777160411487e+00
2.210147352012510336e+00
2.210879169101389596e+00
2.211611228507257110e+00
2.212343530310349582e+00
2.213076074590928144e+00
2.213808861429281016e+00
2.214541890905723509e+00
2.215275163100596689e+00
2.216008678094269158e+00
2.216742435967135272e+00
2.217476436799616923e+00
2.218210680672162205e+00
2.218945167665245410e+00
2.219679897859367923e+00
2.220414871335057327e+00
2.221150088172868742e+00
2.221885548453383930e+00
2.222621252257209967e+00
2.223357199664981909e+00
2.224093390757361455e+00
2.224829825615036061e+00
2.225566504318720717e+00
2.226303426949157505e+00
2.227040593587113815e+00
2.227778004313385463e+00
2.228515659208794020e+00
2.229253558354187259e+00
2.229991701830441375e+00
2.230730089718457876e+00
2.231468722099166246e+00
2.232207599053521729e+00
2.232946720662506657e+00
2.233686087007130450e+00
2.234425698168429175e+00
2.235165554227465545e+00
2.235905655265330250e+00
2.236646001363138847e+00
2.237386592602035318e+00
2.238127429063190288e+00
2.238868510827800140e+00
2.239609837977089679e+00
2.240351410592309467e+00
2.241093228754738043e+00
2.241835292545679703e+00
2.242577602046466279e+00
2.243320157338456688e+00
2.244062958503036054e+00
2.244806005621617473e+00
2.245549298775640246e+00
2.246292838046571205e+00
2.247036623515902942e+00
2.247780655265156913e+00
2.248524933375879442e+00
2.249269457929645721e+00
2.250014229008057587e+00
2.250759246692742632e+00
2.251504511065356873e+00
2.252250022207582969e+00
2.252995780201129783e+00
2.253741785127734154e+00
2.254488037069160455e+00
2.255234536107199261e+00
2.255981282323667791e+00
2.256728275800411687e+00
2.257475516619302791e+00
2.258223004862240035e+00
2.258970740611149886e+00
2.259718723947985897e+00
2.260466954954728269e+00
2.261215433713384737e+00
2.261964160305990568e+00
2.262713134814606786e+00
2.263462357321323726e+00
2.264211827908257479e+00
2.264961546657551228e+00
2.265711513651375686e+00
2.266461728971929102e+00
2.267212192701436813e+00
2.267962904922150358e+00
2.268713865716350142e+00
2.269465075166343215e+00
2.270216533354462829e+00
2.270968240363071100e+00
2.271720196274556791e+00
2.272472401171334866e+00
2.273224855135849598e+00
2.273977558250571018e+00
2.274730510597997135e+00
2.275483712260653046e+00
2.276237163321091383e+00
2.276990863861891423e+00
2.277744813965661308e+00
2.278499013715034494e+00
2.279253463192673301e+00
2.280008162481267586e+00
2.280763111663532960e+00
2.281518310822213458e+00
2.282273760040081090e+00
2.283029459399934957e+00
2.283785408984600362e+00
2.284541608876931473e+00
2.285298059159809547e+00
2.286054759916142487e+00
2.286811711228866617e+00
2.287568913180945795e+00
2.288326365855370526e+00
2.289084069335159288e+00
2.289842023703358098e+00
2.290600229043040059e+00
2.291358685437305809e+00
2.292117392969284406e+00
2.292876351722132000e+00
2.293635561779030940e+00
2.294395023223193331e+00
2.295154736137857476e+00
2.295914700606288772e+00
2.296674916711781478e+00
2.297435384537657388e+00
2.298196104167264497e+00
2.298957075683980111e+00
2.299718299171207292e+00
2.300479774712378411e+00
2.301241502390952487e+00
2.302003482290416514e+00
2.302765714494285465e+00
2.303528199086101402e+00
2.304290936149433922e+00
2.305053925767881040e+00
2.305817168025067421e+00
2.306580663004646592e+00
2.307344410790298728e+00
2.308108411465732868e+00
2.308872665114684697e+00
2.309637171820917434e+00
2.310401931668223607e+00
2.311166944740421947e+00
2.311932211121359604e+00
2.312697730894911707e+00
2.313463504144980032e+00
2.314229530955495662e+00
2.314995811410416326e+00
2.315762345593728178e+00
2.316529133589444900e+00
2.317296175481608156e+00
2.318063471354287142e+00
2.318831021291579475e+00
2.319598825377609863e+00
2.320366883696530991e+00
2.321135196332524409e+00
2.321903763369798313e+00
2.322672584892589320e+00
2.323441660985162027e+00
2.324210991731808562e+00
2.324980577216849031e+00
2.325750417524632407e+00
2.326520512739533864e+00
2.327290862945958327e+00
2.328061468228336928e+00
2.328832328671130103e+00
2.329603444358825826e+00
2.330374815375939601e+00
2.331146441807015801e+00
2.331918323736625887e+00
2.332690461249370184e+00
2.333462854429876110e+00
2.334235503362799502e+00
2.335008408132825064e+00
2.335781568824663701e+00
2.336554985523056516e+00
2.337328658312771257e+00
2.338102587278603650e+00
2.338876772505378288e+00
2.339651214077946850e+00
2.340425912081191218e+00
2.341200866600018582e+00
2.341976077719366334e+00
2.342751545524198509e+00
2.343527270099508897e+00
2.344303251530317489e+00
2.345079489901674030e+00
2.345855985298656243e+00
2.346632737806369384e+00
2.347409747509947131e+00
2.348187014494551139e+00
2.348964538845371486e+00
2.349742320647626670e+00
2.350520359986563612e+00
2.351298656947456323e+00
2.352077211615608121e+00
2.352856024076350305e+00
2.353635094415042150e+00
2.354414422717071353e+00
2.355194009067854477e+00
2.355973853552835173e+00
2.356753956257486404e+00
2.357534317267308666e+00
2.358314936667831763e+00
2.359095814544612146e+00
2.359876950983237354e+00
2.360658346069320235e+00
2.361439999888503394e+00
2.362221912526458745e+00
2.363004084068884403e+00
2.363786514601508237e+00
2.364569204210086539e+00
2.365352152980404021e+00
2.366135360998272930e+00
2.366918828349534820e+00
2.367702555120059671e+00
2.368486541395744549e+00
2.369270787262516720e+00
2.370055292806331426e+00
2.370840058113171889e+00
2.371625083269049750e+00
2.372410368360005517e+00
2.373195913472108121e+00
2.373981718691454468e+00
2.374767784104171664e+00
2.375554109796413460e+00
2.376340695854362473e+00
2.377127542364230628e+00
2.377914649412257830e+00
2.378702017084711962e+00
2.379489645467891545e+00
2.380277534648121307e+00
2.381065684711756170e+00
2.381854095745178590e+00
2.382642767834799891e+00
2.383431701067060704e+00
2.384220895528429640e+00
2.385010351305403731e+00
2.385800068484509318e+00
2.386590047152301164e+00
2.387380287395362011e+00
2.388170789300304353e+00
2.388961552953768663e+00
2.389752578442424280e+00
2.390543865852969407e+00
2.391335415272130671e+00
2.392127226786664007e+00
2.392919300483352885e+00
2.393711636449010083e+00
2.394504234770478135e+00
2.395297095534627108e+00
2.396090218828356377e+00
2.396883604738593743e+00
2.397677253352295867e+00
2.398471164756447838e+00
2.399265339038065381e+00
2.400059776284190427e+00
2.400854476581895547e+00
2.401649440018281290e+00
2.402444666680477070e+00
2.403240156655642057e+00
2.404035910030963397e+00
2.404831926893657101e+00
2.405628207330968493e+00
2.406424751430171316e+00
2.407221559278568623e+00
2.408018630963492779e+00
2.408815966572303235e+00
2.409613566192390532e+00
2.410411429911173631e+00
2.411209557816099025e+00
2.412007949994644296e+00
2.412806606534314113e+00
2.413605527522642458e+00
2.414404713047193951e+00
2.415204163195560749e+00
2.416003878055363874e+00
2.416803857714253656e+00
2.417604102259909737e+00
2.418404611780040625e+00
2.419205386362383692e+00
2.420006426094706065e+00
2.420807731064802404e+00
2.421609301360498456e+00
2.422411137069647058e+00
2.423213238280132131e+00
2.424015605079864244e+00
2.424818237556785938e+00
2.425621135798866401e+00
2.426424299894105463e+00
2.427227729930531375e+00
2.428031425996202142e+00
2.428835388179203303e+00
2.429639616567652816e+00
2.430444111249693950e+00
2.431248872313502396e+00
2.432053899847280487e+00
2.432859193939261644e+00
2.433664754677707265e+00
2.434470582150909390e+00
2.435276676447187594e+00
2.436083037654891648e+00
2.436889665862400634e+00
2.437696561158122499e+00
2.438503723630494502e+00
2.439311153367984097e+00
2.440118850459086719e+00
2.440926814992327554e+00
2.441735047056261099e+00
2.442543546739472049e+00
2.443352314130572633e+00
2.444161349318205723e+00
2.444970652391044386e+00
2.445780223437788337e+00
2.446590062547169264e+00
2.447400169807947279e+00
2.448210545308911357e+00
2.449021189138879784e+00
2.449832101386702377e+00
2.450643282141255597e+00
2.451454731491446992e+00
2.452266449526213421e+00
2.453078436334520163e+00
2.453890692005362695e+00
2.454703216627766693e+00
2.455516010290786255e+00
2.456329073083504788e+00
2.457142405095036342e+00
2.457956006414523387e+00
2.458769877131138593e+00
2.459584017334083494e+00
2.460398427112589825e+00
2.461213106555918628e+00
2.462028055753360700e+00
2.462843274794235704e+00
2.463658763767893944e+00
2.464474522763713704e+00
2.465290551871104796e+00
2.466106851179505899e+00
2.466923420778384113e+00
2.467740260757238069e+00
2.468557371205594819e+00
2.469374752213011170e+00
2.470192403869074127e+00
2.471010326263400003e+00
2.471828519485634423e+00
2.472646983625453654e+00
2.473465718772562827e+00
2.474284725016696829e+00
2.475104002447620299e+00
2.475923551155128521e+00
2.476743371229045199e+00
2.477563462759224677e+00
2.478383825835550169e+00
2.479204460547935973e+00
2.480025366986323920e+00
2.480846545240688705e+00
2.481667995401032556e+00
2.482489717557387898e+00
2.483311711799817800e+00
2.484133978218413752e+00
2.484956516903297885e+00
2.485779327944623418e+00
2.486602411432570658e+00
2.487425767457352332e+00
2.488249396109209588e+00
2.489073297478413771e+00
2.489897471655265981e+00
2.490721918730097961e+00
2.491546638793270763e+00
2.492371631935175191e+00
2.493196898246232251e+00
2.494022437816892701e+00
2.494848250737637940e+00
2.495674337098977791e+00
2.496500696991454493e+00
2.497327330505637821e+00
2.498154237732128635e+00
2.498981418761558437e+00
2.499808873684586707e+00
2.500636602591904900e+00
2.501464605574234223e+00
2.502292882722325196e+00
2.503121434126958977e+00
2.503950259878945594e+00
2.504779360069127492e+00
2.505608734788374203e+00
2.506438384127588570e+00
2.507268308177700966e+00
2.508098507029672852e+00
2.508928980774495887e+00
2.509759729503191927e+00
2.510590753306812140e+00
2.511422052276439221e+00
2.512253626503184734e+00
2.513085476078191771e+00
2.513917601092631848e+00
2.514750001637708010e+00
2.515582677804653056e+00
2.516415629684729538e+00
2.517248857369231541e+00
2.518082360949482457e+00
2.518916140516835878e+00
2.519750196162675593e+00
2.520584527978416034e+00
2.521419136055501387e+00
2.522254020485406922e+00
2.523089181359637667e+00
2.523924618769728845e+00
2.524760332807246321e+00
2.525596323563785717e+00
2.526432591130973293e+00
2.527269135600466399e+00
2.528105957063952136e+00
2.528943055613146917e+00
2.529780431339799129e+00
2.530618084335686913e+00
2.531456014692618606e+00
2.532294222502433190e+00
2.533132707856999843e+00
2.533971470848218832e+00
2.534810511568019731e+00
2.535649830108363645e+00
2.536489426561241434e+00
2.537329301018674599e+00
2.538169453572715284e+00
2.539009884315445387e+00
2.539850593338978779e+00
2.540691580735458643e+00
2.541532846597058359e+00
2.542374391015982837e+00
2.543216214084467630e+00
2.544058315894777600e+00
2.544900696539209140e+00
2.545743356110088840e+00
2.546586294699774378e+00
2.547429512400652740e+00
2.548273009305142889e+00
2.549116785505693983e+00
2.549960841094785380e+00
2.550805176164927524e+00
2.551649790808661056e+00
2.552494685118558149e+00
2.553339859187219840e+00
2.554185313107280031e+00
2.555031046971401931e+00
2.555877060872279394e+00
2.556723354902637801e+00
2.557569929155232735e+00
2.558416783722849530e+00
2.559263918698306828e+00
2.560111334174451247e+00
2.560959030244161827e+00
2.561807007000347802e+00
2.562655264535949051e+00
2.563503802943935650e+00
2.564352622317310537e+00
2.565201722749105073e+00
2.566051104332383037e+00
2.566900767160238406e+00
2.567750711325795798e+00
2.568600936922210476e+00
2.569451444042669674e+00
2.570302232780390828e+00
2.571153303228621123e+00
2.572004655480640611e+00
2.572856289629759097e+00
2.573708205769317470e+00
2.574560403992686819e+00
2.575412884393271096e+00
2.576265647064503117e+00
2.577118692099847674e+00
2.577972019592800201e+00
2.578825629636887662e+00
2.579679522325666330e+00
2.580533697752725786e+00
2.581388156011684920e+00
2.582242897196194598e+00
2.583097921399935881e+00
2.583953228716620920e+00
2.584808819239993394e+00
2.585664693063828068e+00
2.586520850281930795e+00
2.587377290988137624e+00
2.588234015276316136e+00
2.589091023240365885e+00
2.589948314974215737e+00
2.590805890571827419e+00
2.591663750127192856e+00
2.592521893734335059e+00
2.593380321487308127e+00
2.594239033480198575e+00
2.595098029807121787e+00
2.595957310562226006e+00
2.596816875839690564e+00
2.597676725733725434e+00
2.598536860338572119e+00
2.599397279748502321e+00
2.600257984057821048e+00
2.601118973360862174e+00
2.601980247751992881e+00
2.602841807325609658e+00
2.603703652176142302e+00
2.604565782398050366e+00
2.605428198085824931e+00
2.606290899333988165e+00
2.607153886237095097e+00
2.608017158889730069e+00
2.608880717386509840e+00
2.609744561822082254e+00
2.610608692291126243e+00
2.611473108888352268e+00
2.612337811708502322e+00
2.613202800846349927e+00
2.614068076396699691e+00
2.614933638454387310e+00
2.615799487114280009e+00
2.616665622471277430e+00
2.617532044620308529e+00
2.618398753656336453e+00
2.619265749674353216e+00
2.620133032769384140e+00
2.621000603036484744e+00
2.621868460570742965e+00
2.622736605467277382e+00
2.623605037821238550e+00
2.624473757727808998e+00
2.625342765282201896e+00
2.626212060579662388e+00
2.627081643715466708e+00
2.627951514784923503e+00
2.628821673883371624e+00
2.629692121106183222e+00
2.630562856548761097e+00
2.631433880306539130e+00
2.632305192474983624e+00
2.633176793149592410e+00
2.634048682425893961e+00
2.634920860399450060e+00
2.635793327165853128e+00
2.636666082820727119e+00
2.637539127459727961e+00
2.638412461178543111e+00
2.639286084072891558e+00
2.640159996238524709e+00
2.641034197771225056e+00
2.641908688766806623e+00
2.642783469321115408e+00
2.643658539530029383e+00
2.644533899489458051e+00
2.645409549295342888e+00
2.646285489043656902e+00
2.647161718830404631e+00
2.648038238751623030e+00
2.648915048903380143e+00
2.649792149381776873e+00
2.650669540282943881e+00
2.651547221703046908e+00
2.652425193738280118e+00
2.653303456484872314e+00
2.654182010039082051e+00
2.655060854497200751e+00
2.655939989955551805e+00
2.656819416510490584e+00
2.657699134258403539e+00
2.658579143295709990e+00
2.659459443718860339e+00
2.660340035624337851e+00
2.661220919108656435e+00
2.662102094268363750e+00
2.662983561200038096e+00
2.663865320000290193e+00
2.664747370765762291e+00
2.665629713593129502e+00
2.666512348579097580e+00
2.667395275820406031e+00
2.668278495413825002e+00
2.669162007456157504e+00
2.670045812044238520e+00
2.670929909274934566e+00
2.671814299245144575e+00
2.672698982051799010e+00
2.673583957791862087e+00
2.674469226562328217e+00
2.675354788460225119e+00
2.676240643582612044e+00
2.677126792026580659e+00
2.678013233889253719e+00
2.678899969267788617e+00
2.679786998259372943e+00
2.680674320961226709e+00
2.681561937470602341e+00
2.682449847884784244e+00
2.683338052301089682e+00
2.684226550816867451e+00
2.685115343529499210e+00
2.686004430536398147e+00
2.686893811935010312e+00
2.687783487822813733e+00
2.688673458297318408e+00
2.689563723456067201e+00
2.690454283396634949e+00
2.691345138216629351e+00
2.692236288013689638e+00
2.693127732885487458e+00
2.694019472929726877e+00
2.694911508244145271e+00
2.695803838926510654e+00
2.696696465074625237e+00
2.697589386786322319e+00
2.698482604159468057e+00
2.699376117291961030e+00
2.700269926281731347e+00
2.701164031226743312e+00
2.702058432224992313e+00
2.702953129374506602e+00
2.703848122773346851e+00
2.704743412519606593e+00
2.705638998711410892e+00
2.706534881446917673e+00
2.707431060824318614e+00
2.708327536941836033e+00
2.709224309897725558e+00
2.710121379790276119e+00
2.711018746717807293e+00
2.711916410778673292e+00
2.712814372071259861e+00
2.713712630693985162e+00
2.714611186745300220e+00
2.715510040323688923e+00
2.716409191527667577e+00
2.717308640455784019e+00
2.718208387206621612e+00
2.719108431878792587e+00
2.720008774570945143e+00
2.720909415381758123e+00
2.721810354409943233e+00
2.722711591754245930e+00
2.723613127513443644e+00
2.724514961786346223e+00
2.725417094671796825e+00
2.726319526268671467e+00
2.727222256675877698e+00
2.728125285992357263e+00
2.729028614317083878e+00
2.729932241749064126e+00
2.730836168387337892e+00
2.731740394330977040e+00
2.732644919679086737e+00
2.733549744530805015e+00
2.734454868985301879e+00
2.735360293141781973e+00
2.736266017099481029e+00
2.737172040957668528e+00
2.738078364815645926e+00
2.738984988772749318e+00
2.739891912928344997e+00
2.740799137381835671e+00
2.741706662232653802e+00
2.742614487580266491e+00
2.743522613524172815e+00
2.744431040163906044e+00
2.745339767599030978e+00
2.746248795929145725e+00
2.747158125253882588e+00
2.748067755672905843e+00
2.748977687285912630e+00
2.749887920192633395e+00
2.750798454492831446e+00
2.751709290286303400e+00
2.752620427672878733e+00
2.753531866752419788e+00
2.754443607624822654e+00
2.755355650390015843e+00
2.756267995147961170e+00
2.757180641998653314e+00
2.758093591042120263e+00
2.759006842378423752e+00
2.759920396107657492e+00
2.760834252329949390e+00
2.761748411145458881e+00
2.762662872654380486e+00
2.763577636956941586e+00
2.764492704153401537e+00
2.765408074344053890e+00
2.766323747629225061e+00
2.767239724109274324e+00
2.768156003884595595e+00
2.769072587055613877e+00
2.769989473722789697e+00
2.770906663986615559e+00
2.771824157947616829e+00
2.772741955706353068e+00
2.773660057363417142e+00
2.774578463019434338e+00
2.775497172775064136e+00
2.776416186730999325e+00
2.777335504987965553e+00
2.778255127646722222e+00
2.779175054808061152e+00
2.780095286572808799e+00
2.781015823041824486e+00
2.781936664316001284e+00
2.782857810496265127e+00
2.783779261683574813e+00
2.784701017978924664e+00
2.785623079483339648e+00
2.786545446297880702e+00
2.787468118523640737e+00
2.788391096261746860e+00
2.789314379613359041e+00
2.790237968679670999e+00
2.791161863561910650e+00
2.792086064361337883e+00
2.793010571179247670e+00
2.793935384116967846e+00
2.794860503275859998e+00
2.795785928757318572e+00
2.796711660662772214e+00
2.797637699093683317e+00
2.798564044151548025e+00
2.799490695937895346e+00
2.800417654554288038e+00
2.801344920102323055e+00
2.802272492683630212e+00
2.803200372399873519e+00
2.804128559352751182e+00
2.805057053643993825e+00
2.805985855375366267e+00
2.806914964648667521e+00
2.807844381565729908e+00
2.808774106228419054e+00
2.809704138738634782e+00
2.810634479198310665e+00
2.811565127709414469e+00
2.812496084373946825e+00
2.813427349293942559e+00
2.814358922571470245e+00
2.815290804308632211e+00
2.816222994607564534e+00
2.817155493570437486e+00
2.818088301299455090e+00
2.819021417896854675e+00
2.819954843464907768e+00
2.820888578105919642e+00
2.821822621922229768e+00
2.822756975016211811e+00
2.823691637490271855e+00
2.824626609446851955e+00
2.825561890988425695e+00
2.826497482217502633e+00
2.827433383236626074e+00
2.828369594148371746e+00
2.829306115055350457e+00
2.830242946060207654e+00
2.831180087265621204e+00
2.832117538774304055e+00
2.833055300689002465e+00
2.833993373112497771e+00
2.834931756147604176e+00
2.835870449897170520e+00
2.836809454464079838e+00
2.837748769951248917e+00
2.838688396461628294e+00
2.839628334098203588e+00
2.840568582963993727e+00
2.841509143162051831e+00
2.842450014795465218e+00
2.843391197967355399e+00
2.844332692780878080e+00
2.845274499339223162e+00
2.846216617745614741e+00
2.847159048103311108e+00
2.848101790515603859e+00
2.849044845085820121e+00
2.849988211917320768e+00
2.850931891113499539e+00
2.851875882777787474e+00
2.852820187013647146e+00
2.853764803924576210e+00
2.854709733614106515e+00
2.855654976185804994e+00
2.856600531743271443e+00
2.857546400390141184e+00
2.858492582230083290e+00
2.859439077366801474e+00
2.860385885904033643e+00
2.861333007945551454e+00
2.862280443595161650e+00
2.863228192956705165e+00
2.864176256134058018e+00
2.865124633231129092e+00
2.866073324351862794e+00
2.867022329600237285e+00
2.867971649080265806e+00
2.868921282895996239e+00
2.869871231151510216e+00
2.870821493950923564e+00
2.871772071398387194e+00
2.872722963598086654e+00
2.873674170654241689e+00
2.874625692671106236e+00
2.875577529752969763e+00
2.876529682004155486e+00
2.877482149529020816e+00
2.878434932431958249e+00
2.879388030817394917e+00
2.880341444789792149e+00
2.881295174453646801e+00
2.882249219913489480e+00
2.883203581273884986e+00
2.884158258639433647e+00
2.885113252114770432e+00
2.886068561804563615e+00
2.887024187813518328e+00
2.887980130246373012e+00
2.888936389207900302e+00
2.889892964802908359e+00
2.890849857136240431e+00
2.891807066312773067e+00
2.892764592437418791e+00
2.893722435615125210e+00
2.894680595950872792e+00
2.895639073549678422e+00
2.896597868516593621e+00
2.897556980956703665e+00
2.898516410975128910e+00
2.899476158677026127e+00
2.900436224167585397e+00
2.901396607552031437e+00
2.902357308935624491e+00
2.903318328423659000e+00
2.904279666121464931e+00
2.905241322134407778e+00
2.906203296567886341e+00
2.907165589527334504e+00
2.908128201118222567e+00
2.909091131446054579e+00
2.910054380616368785e+00
2.911017948734740290e+00
2.911981835906777949e+00
2.912946042238126143e+00
2.913910567834463450e+00
2.914875412801503529e+00
2.915840577244996457e+00
2.916806061270724726e+00
2.917771864984509467e+00
2.918737988492203339e+00
2.919704431899695418e+00
2.920671195312911195e+00
2.921638278837808578e+00
2.922605682580382336e+00
2.923573406646662320e+00
2.924541451142713022e+00
2.925509816174634015e+00
2.926478501848560398e+00
2.927447508270661469e+00
2.928416835547142938e+00
2.929386483784245154e+00
2.930356453088243107e+00
2.931326743565448201e+00
2.932297355322205590e+00
2.933268288464896845e+00
2.934239543099938174e+00
2.935211119333780427e+00
2.936183017272911311e+00
2.937155237023852727e+00
2.938127778693161662e+00
2.939100642387430629e+00
2.940073828213288110e+00
2.941047336277396784e+00
2.942021166686455302e+00
2.942995319547197841e+00
2.943969794966393216e+00
2.944944593050846215e+00
2.945919713907396709e+00
2.946895157642919649e+00
2.947870924364325962e+00
2.948847014178562098e+00
2.949823427192608705e+00
2.950800163513483287e+00
2.951777223248238435e+00
2.952754606503960932e+00
2.953732313387775310e+00
2.954710344006839406e+00
2.955688698468347919e+00
2.956667376879530185e+00
2.957646379347651511e+00
2.958625705980012288e+00
2.959605356883949323e+00
2.960585332166834505e+00
2.961565631936074805e+00
2.962546256299112724e+00
2.963527205363428063e+00
2.964508479236533489e+00
2.965490078025978971e+00
2.966472001839350447e+00
2.967454250784268499e+00
2.968436824968389676e+00
2.969419724499406055e+00
2.970402949485045685e+00
2.971386500033071254e+00
2.972370376251283197e+00
2.973354578247515700e+00
2.974339106129639809e+00
2.975323960005561208e+00
2.976309139983222440e+00
2.977294646170601133e+00
2.978280478675710885e+00
2.979266637606600820e+00
2.980253123071356480e+00
2.981239935178098044e+00
2.982227074034982994e+00
2.983214539750203009e+00
2.984202332431986626e+00
2.985190452188598353e+00
2.986178899128338227e+00
2.987167673359541364e+00
2.988156774990580633e+00
2.989146204129862650e+00
2.990135960885830890e+00
2.991126045366965691e+00
2.992116457681781583e+00
2.993107197938830399e+00
2.994098266246698614e+00
2.995089662714010004e+00
2.996081387449423428e+00
2.997073440561634161e+00
2.998065822159373006e+00
2.999058532351407624e+00
3.000051571246540760e+00
3.001044938953611130e+00
3.002038635581494752e+00
3.003032661239102286e+00
3.004027016035381248e+00
3.005021700079315128e+00
3.006016713479923386e+00
3.007012056346261009e+00
3.008007728787420287e+00
3.009003730912528596e+00
3.010000062830750167e+00
3.010996724651284762e+00
3.011993716483368999e+00
3.012991038436275026e+00
3.013988690619311406e+00
3.014986673141822671e+00
3.015984986113190658e+00
3.016983629642831843e+00
3.017982603840199562e+00
3.018981908814784010e+00
3.019981544676110463e+00
3.020981511533741504e+00
3.021981809497275240e+00
3.022982438676347527e+00
3.023983399180627973e+00
3.024984691119824820e+00
3.025986314603681393e+00
3.026988269741978321e+00
3.027990556644530873e+00
3.028993175421192507e+00
3.029996126181852656e+00
3.030999409036436276e+00
3.032003024094905630e+00
3.033006971467258506e+00
3.034011251263529996e+00
3.035015863593791163e+00
3.036020808568149931e+00
3.037026086296750194e+00
3.038031696889772704e+00
3.039037640457433742e+00
3.040043917109987337e+00
3.041050526957723932e+00
3.042057470110969053e+00
3.043064746680086863e+00
3.044072356775476607e+00
3.045080300507573945e+00
3.046088577986852286e+00
3.047097189323820565e+00
3.048106134629025021e+00
3.049115414013047864e+00
3.050125027586508164e+00
3.051134975460062293e+00
3.052145257744402151e+00
3.053155874550256499e+00
3.054166825988391398e+00
3.055178112169609772e+00
3.056189733204750070e+00
3.057201689204688044e+00
3.058213980280336752e+00
3.059226606542644333e+00
3.060239568102597563e+00
3.061252865071219631e+00
3.062266497559569256e+00
3.063280465678742459e+00
3.064294769539873009e+00
3.065309409254129758e+00
3.066324384932720637e+00
3.067339696686888217e+00
3.068355344627912817e+00
3.069371328867112059e+00
3.070387649515839534e+00
3.071404306685486585e+00
3.072421300487480078e+00
3.073438631033285073e+00
3.074456298434403934e+00
3.075474302802374105e+00
3.076492644248771224e+00
3.077511322885208234e+00
3.078530338823333157e+00
3.079549692174833542e+00
3.080569383051432464e+00
3.081589411564889858e+00
3.082609777827002961e+00
3.083630481949606317e+00
3.084651524044570881e+00
3.085672904223805357e+00
3.086694622599254867e+00
3.087716679282901833e+00
3.088739074386766426e+00
3.089761808022904788e+00
3.090784880303410809e+00
3.091808291340414350e+00
3.092832041246085240e+00
3.093856130132627502e+00
3.094880558112283797e+00
3.095905325297333643e+00
3.096930431800092975e+00
3.097955877732915919e+00
3.098981663208193904e+00
3.100007788338354775e+00
3.101034253235864568e+00
3.102061058013225292e+00
3.103088202782977145e+00
3.104115687657697187e+00
3.105143512750000223e+00
3.106171678172538364e+00
3.107200184037999691e+00
3.108229030459111364e+00
3.109258217548636960e+00
3.110287745419377359e+00
3.111317614184171187e+00
3.112347823955893933e+00
3.113378374847459273e+00
3.114409266971816859e+00
3.115440500441955862e+00
3.116472075370900541e+00
3.117503991871713787e+00
3.118536250057496240e+00
3.119568850041385843e+00
3.120601791936556957e+00
3.121635075856222574e+00
3.122668701913632994e+00
3.123702670222074929e+00
3.124736980894874616e+00
3.125771634045393821e+00
3.126806629787032943e+00
3.127841968233230130e+00
3.128877649497459945e+00
3.129913673693235143e+00
3.130950040934106671e+00
3.131986751333662777e+00
3.133023805005528573e+00
3.134061202063367801e+00
3.135098942620880624e+00
3.136137026791806282e+00
3.137175454689919984e+00
3.138214226429036913e+00
3.139253342123007773e+00
3.140292801885722351e+00
3.141332605831106850e+00
3.142372754073126995e+00
3.143413246725783594e+00
3.144454083903118757e+00
3.145495265719209232e+00
3.146536792288171291e+00
3.147578663724158066e+00
3.148620880141360878e+00
3.149663441654008800e+00
3.150706348376368648e+00
3.151749600422745878e+00
3.152793197907482803e+00
3.153837140944959039e+00
3.154881429649594171e+00
3.155926064135843312e+00
3.156971044518201097e+00
3.158016370911200354e+00
3.159062043429409883e+00
3.160108062187438005e+00
3.161154427299930347e+00
3.162201138881571172e+00
3.163248197047081600e+00
3.164295601911222278e+00
3.165343353588790265e+00
3.166391452194621703e+00
3.167439897843590479e+00
3.168488690650608230e+00
3.169537830730624339e+00
3.170587318198627713e+00
3.171637153169644119e+00
3.172687335758736182e+00
3.173737866081008274e+00
3.174788744251600292e+00
3.175839970385689881e+00
3.176891544598494210e+00
3.177943467005267753e+00
3.178995737721303172e+00
3.180048356861932213e+00
3.181101324542523479e+00
3.182154640878484653e+00
3.183208305985261610e+00
3.184262319978338418e+00
3.185316682973236446e+00
3.186371395085516145e+00
3.187426456430777044e+00
3.188481867124655533e+00
3.189537627282827525e+00
3.190593737021005349e+00
3.191650196454941746e+00
3.192707005700426315e+00
3.193764164873288181e+00
3.194821674089393326e+00
3.195879533464647704e+00
3.196937743114995012e+00
3.197996303156416698e+00
3.199055213704932399e+00
3.200114474876603055e+00
3.201174086787524686e+00
3.202234049553833284e+00
3.203294363291702584e+00
3.204355028117345405e+00
3.205416044147012755e+00
3.206477411496994279e+00
3.207539130283618256e+00
3.208601200623250715e+00
3.209663622632297653e+00
3.210726396427201923e+00
3.211789522124446350e+00
3.212852999840550616e+00
3.213916829692075705e+00
3.214981011795619015e+00
3.216045546267816579e+00
3.217110433225344401e+00
3.218175672784915786e+00
3.219241265063283564e+00
3.220307210177238755e+00
3.221373508243611017e+00
3.222440159379268643e+00
3.223507163701119449e+00
3.224574521326109000e+00
3.225642232371221052e+00
3.226710296953481105e+00
3.227778715189949743e+00
3.228847487197727961e+00
3.229916613093955835e+00
3.230986092995811632e+00
3.232055927020512254e+00
3.233126115285314128e+00
3.234196657907512318e+00
3.235267555004440077e+00
3.236338806693470183e+00
3.237410413092013606e+00
3.238482374317521728e+00
3.239554690487481903e+00
3.240627361719424115e+00
3.241700388130915211e+00
3.242773769839560227e+00
3.243847506963004168e+00
3.244921599618931563e+00
3.245996047925064687e+00
3.247070851999165342e+00
3.248146011959034407e+00
3.249221527922511843e+00
3.250297400007475801e+00
3.251373628331844845e+00
3.252450213013575731e+00
3.253527154170662961e+00
3.254604451921144115e+00
3.255682106383091856e+00
3.256760117674619703e+00
3.257838485913879367e+00
3.258917211219062970e+00
3.259996293708400383e+00
3.261075733500161888e+00
3.262155530712656404e+00
3.263235685464231040e+00
3.264316197873274206e+00
3.265397068058211616e+00
3.266478296137508508e+00
3.267559882229670976e+00
3.268641826453242416e+00
3.269724128926806195e+00
3.270806789768985201e+00
3.271889809098440960e+00
3.272973187033874964e+00
3.274056923694027343e+00
3.275141019197678194e+00
3.276225473663646248e+00
3.277310287210790651e+00
3.278395459958009184e+00
3.279480992024238262e+00
3.280566883528454269e+00
3.281653134589674892e+00
3.282739745326954228e+00
3.283826715859387679e+00
3.284914046306109281e+00
3.286001736786292149e+00
3.287089787419150699e+00
3.288178198323936208e+00
3.289266969619941694e+00
3.290356101426498370e+00
3.291445593862977415e+00
3.292535447048789532e+00
3.293625661103384061e+00
3.294716236146252086e+00
3.295807172296922882e+00
3.296898469674964804e+00
3.297990128399986620e+00
3.299082148591635733e+00
3.300174530369600845e+00
3.301267273853608408e+00
3.302360379163425730e+00
3.303453846418859641e+00
3.304547675739756052e+00
3.305641867246001286e+00
3.306736421057520747e+00
3.307831337294279361e+00
3.308926616076283356e+00
3.310022257523577149e+00
3.311118261756245573e+00
3.312214628894412538e+00
3.313311359058242367e+00
3.314408452367938906e+00
3.315505908943745972e+00
3.316603728905946902e+00
3.317701912374865003e+00
3.318800459470863995e+00
3.319899370314346676e+00
3.320998645025754925e+00
3.322098283725573697e+00
3.323198286534324364e+00
3.324298653572569595e+00
3.325399384960912474e+00
3.326500480819994721e+00
3.327601941270498909e+00
3.328703766433148026e+00
3.329805956428703695e+00
3.330908511377968839e+00
3.332011431401785462e+00
3.333114716621035534e+00
3.334218367156642326e+00
3.335322383129566415e+00
3.336426764660812783e+00
3.337531511871422829e+00
3.338636624882478809e+00
3.339742103815103835e+00
3.340847948790460986e+00
3.341954159929752421e+00
3.343060737354221601e+00
3.344167681185151952e+00
3.345274991543866427e+00
3.346382668551728390e+00
3.347490712330142504e+00
3.348599123000550737e+00
3.349707900684439910e+00
3.350817045503332814e+00
3.351926557578793986e+00
3.353036437032428818e+00
3.354146683985882227e+00
3.355257298560839541e+00
3.356368280879026500e+00
3.357479631062209258e+00
3.358591349232193490e+00
3.359703435510826175e+00
3.360815890019994701e+00
3.361928712881625980e+00
3.363041904217686895e+00
3.364155464150187846e+00
3.365269392801175208e+00
3.366383690292739317e+00
3.367498356747008703e+00
3.368613392286153196e+00
3.369728797032383039e+00
3.370844571107948884e+00
3.371960714635142686e+00
3.373077227736295036e+00
3.374194110533778712e+00
3.375311363150006017e+00
3.376428985707430552e+00
3.377546978328545002e+00
3.378665341135885569e+00
3.379784074252026649e+00
3.380903177799582604e+00
3.382022651901210875e+00
3.383142496679607092e+00
3.384262712257509076e+00
3.385383298757695059e+00
3.386504256302983240e+00
3.387625585016233121e+00
3.388747285020344613e+00
3.389869356438258041e+00
3.390991799392954587e+00
3.392114614007457618e+00
3.393237800404829585e+00
3.394361358708173348e+00
3.395485289040633958e+00
3.396609591525395988e+00
3.397734266285685312e+00
3.398859313444769104e+00
3.399984733125954950e+00
3.401110525452590405e+00
3.402236690548065656e+00
3.403363228535809970e+00
3.404490139539294802e+00
3.405617423682030687e+00
3.406745081087572569e+00
3.407873111879512695e+00
3.409001516181485503e+00
3.410130294117167171e+00
3.411259445810273405e+00
3.412388971384562097e+00
3.413518870963831553e+00
3.414649144671920933e+00
3.415779792632710699e+00
3.416910814970122168e+00
3.418042211808117514e+00
3.419173983270699768e+00
3.420306129481915480e+00
3.421438650565848505e+00
3.422571546646625773e+00
3.423704817848415960e+00
3.424838464295426821e+00
3.425972486111908744e+00
3.427106883422152972e+00
3.428241656350492050e+00
3.429376805021298935e+00
3.430512329558988771e+00
3.431648230088017559e+00
3.432784506732881713e+00
3.433921159618119390e+00
3.435058188868311380e+00
3.436195594608077553e+00
3.437333376962079967e+00
3.438471536055022426e+00
3.439610072011649589e+00
3.440748984956746526e+00
3.441888275015140941e+00
3.443027942311701839e+00
3.444167986971338635e+00
3.445308409119002935e+00
3.446449208879686754e+00
3.447590386378424299e+00
3.448731941740291962e+00
3.449873875090405662e+00
3.451016186553924392e+00
3.452158876256047115e+00
3.453301944322015427e+00
3.454445390877112221e+00
3.455589216046661249e+00
3.456733419956028008e+00
3.457878002730620182e+00
3.459022964495885866e+00
3.460168305377315789e+00
3.461314025500441094e+00
3.462460124990834665e+00
3.463606603974113352e+00
3.464753462575932197e+00
3.465900700921990207e+00
3.467048319138025914e+00
3.468196317349821367e+00
3.469344695683199920e+00
3.470493454264025335e+00
3.471642593218204897e+00
3.472792112671685860e+00
3.473942012750458108e+00
3.475092293580553715e+00
3.476242955288045167e+00
3.477393997999047137e+00
3.478545421839717378e+00
3.479697226936254051e+00
3.480849413414897064e+00
3.482001981401928514e+00
3.483154931023672241e+00
3.484308262406494272e+00
3.485461975676801938e+00
3.486616070961044755e+00
3.487770548385713543e+00
3.488925408077341750e+00
3.490080650162504572e+00
3.491236274767817616e+00
3.492392282019942229e+00
3.493548672045577508e+00
3.494705444971466957e+00
3.495862600924394936e+00
3.497020140031188440e+00
3.498178062418715761e+00
3.499336368213887827e+00
3.500495057543657307e+00
3.501654130535019060e+00
3.502813587315010135e+00
3.503973428010708879e+00
3.505133652749237161e+00
3.506294261657755928e+00
3.507455254863473204e+00
3.508616632493634757e+00
3.509778394675530322e+00
3.510940541536491377e+00
3.512103073203891590e+00
3.513265989805146816e+00
3.514429291467715100e+00
3.515592978319097117e+00
3.516757050486835290e+00
3.517921508098513783e+00
3.519086351281760283e+00
3.520251580164243332e+00
3.521417194873675438e+00
3.522583195537809519e+00
3.523749582284442461e+00
3.524916355241412447e+00
3.526083514536599850e+00
3.527251060297928120e+00
3.528418992653362896e+00
3.529587311730911114e+00
3.530756017658624124e+00
3.531925110564594128e+00
3.533094590576955518e+00
3.534264457823886652e+00
3.535434712433606297e+00
3.536605354534378076e+00
3.537776384254506468e+00
3.538947801722339026e+00
3.540119607066264606e+00
3.541291800414716473e+00
3.542464381896169190e+00
3.543637351639139954e+00
3.544810709772188595e+00
3.545984456423918019e+00
3.547158591722973320e+00
3.548333115798041781e+00
3.549508028777852875e+00
3.550683330791181813e+00
3.551859021966842445e+00
3.553035102433693915e+00
3.554211572320636670e+00
3.555388431756613787e+00
3.556565680870612312e+00
3.557743319791661030e+00
3.558921348648831362e+00
3.560099767571237805e+00
3.561278576688037933e+00
3.562457776128431064e+00
3.563637366021660036e+00
3.564817346497010320e+00
3.565997717683810908e+00
3.567178479711432537e+00
3.568359632709289464e+00
3.569541176806838134e+00
3.570723112133578514e+00
3.571905438819053202e+00
3.573088156992847431e+00
3.574271266784589507e+00
3.575454768323951260e+00
3.576638661740646707e+00
3.577822947164432499e+00
3.579007624725108805e+00
3.580192694552519761e+00
3.581378156776551247e+00
3.582564011527132219e+00
3.583750258934234711e+00
3.584936899127873833e+00
3.586123932238108214e+00
3.587311358395038674e+00
3.588499177728809997e+00
3.589687390369609599e+00
3.590875996447667973e+00
3.592064996093258689e+00
3.593254389436699281e+00
3.594444176608347696e+00
3.595634357738610287e+00
3.596824932957931154e+00
3.598015902396800580e+00
3.599207266185751486e+00
3.600399024455359420e+00
3.601591177336243899e+00
3.602783724959066625e+00
3.603976667454534155e+00
3.605170004953395679e+00
3.606363737586442575e+00
3.607557865484510629e+00
3.608752388778479592e+00
3.609947307599269628e+00
3.611142622077849307e+00
3.612338332345225833e+00
3.613534438532452153e+00
3.614730940770623402e+00
3.615927839190879123e+00
3.617125133924401936e+00
3.618322825102417539e+00
3.619520912856196038e+00
3.620719397317049726e+00
3.621918278616334863e+00
3.623117556885452117e+00
3.624317232255843457e+00
3.625517304858997925e+00
3.626717774826444529e+00
3.627918642289758022e+00
3.629119907380555343e+00
3.630321570230498285e+00
3.631523630971290828e+00
3.632726089734682251e+00
3.633928946652464020e+00
3.635132201856471568e+00
3.636335855478584733e+00
3.637539907650726434e+00
3.638744358504862664e+00
3.639949208173003381e+00
3.641154456787204730e+00
3.642360104479562821e+00
3.643566151382219509e+00
3.644772597627360611e+00
3.645979443347214133e+00
3.647186688674053823e+00
3.648394333740195616e+00
3.649602378678000303e+00
3.650810823619871748e+00
3.652019668698258670e+00
3.653228914045652864e+00
3.654438559794588759e+00
3.655648606077648299e+00
3.656859053027454287e+00
3.658069900776673933e+00
3.659281149458018856e+00
3.660492799204244196e+00
3.661704850148149948e+00
3.662917302422578736e+00
3.664130156160418039e+00
3.665343411494599302e+00
3.666557068558097487e+00
3.667771127483932858e+00
3.668985588405167864e+00
3.670200451454909363e+00
3.671415716766311288e+00
3.672631384472567539e+00
3.673847454706917759e+00
3.675063927602646441e+00
3.676280803293081600e+00
3.677498081911594774e+00
3.678715763591602350e+00
3.679933848466565571e+00
3.681152336669987868e+00
3.682371228335418856e+00
3.683590523596451671e+00
3.684810222586722528e+00
3.686030325439914712e+00
3.687250832289753255e+00
3.688471743270008485e+00
3.689693058514494250e+00
3.690914778157069698e+00
3.692136902331637938e+00
3.693359431172146046e+00
3.694582364812585507e+00
3.695805703386993102e+00
3.697029447029449134e+00
3.698253595874077870e+00
3.699478150055049319e+00
3.700703109706575678e+00
3.701928474962917548e+00
3.703154245958375945e+00
3.704380422827298514e+00
3.705607005704076418e+00
3.706833994723145675e+00
3.708061390018987158e+00
3.709289191726125701e+00
3.710517399979131437e+00
3.711746014912618019e+00
3.712975036661244399e+00
3.714204465359713936e+00
3.715434301142774398e+00
3.716664544145217963e+00
3.717895194501882994e+00
3.719126252347650929e+00
3.720357717817448062e+00
3.721589591046245982e+00
3.722821872169060242e+00
3.724054561320951251e+00
3.725287658637024268e+00
3.726521164252430296e+00
3.727755078302362968e+00
3.728989400922062547e+00
3.730224132246812818e+00
3.731459272411942418e+00
3.732694821552827058e+00
3.733930779804885081e+00
3.735167147303579238e+00
3.736403924184418024e+00
3.737641110582955672e+00
3.738878706634789495e+00
3.740116712475563432e+00
3.741355128240964500e+00
3.742593954066726791e+00
3.743833190088627028e+00
3.745072836442489006e+00
3.746312893264180488e+00
3.747553360689612756e+00
3.748794238854745942e+00
3.750035527895581922e+00
3.751277227948168758e+00
3.752519339148598920e+00
3.753761861633010621e+00
3.755004795537586926e+00
3.756248140998556195e+00
3.757491898152191201e+00
3.758736067134810899e+00
3.759980648082778654e+00
3.761225641132502684e+00
3.762471046420436505e+00
3.763716864083080704e+00
3.764963094256978948e+00
3.766209737078720199e+00
3.767456792684939160e+00
3.768704261212315831e+00
3.769952142797575512e+00
3.771200437577488795e+00
3.772449145688871130e+00
3.773698267268583262e+00
3.774947802453532120e+00
3.776197751380669043e+00
3.777448114186991113e+00
3.778698891009539818e+00
3.779950081985404609e+00
3.781201687251717569e+00
3.782453706945657856e+00
3.783706141204449480e+00
3.784958990165360859e+00
3.786212253965707930e+00
3.787465932742850594e+00
3.788720026634194493e+00
3.789974535777191456e+00
3.791229460309337718e+00
3.792484800368175701e+00
3.793740556091293126e+00
3.794996727616324339e+00
3.796253315080948099e+00
3.797510318622888903e+00
3.798767738379916548e+00
3.800025574489847457e+00
3.801283827090542911e+00
3.802542496319909926e+00
3.803801582315901264e+00
3.805061085216515426e+00
3.806321005159796655e+00
3.807581342283834491e+00
3.808842096726765103e+00
3.810103268626768624e+00
3.811364858122073596e+00
3.812626865350952521e+00
3.813889290451723646e+00
3.815152133562751846e+00
3.816415394822446849e+00
3.817679074369265457e+00
3.818943172341708436e+00
3.820207688878324515e+00
3.821472624117707273e+00
3.822737978198496034e+00
3.824003751259376305e+00
3.825269943439079334e+00
3.826536554876381668e+00
3.827803585710108703e+00
3.829071036079128021e+00
3.830338906122355613e+00
3.831607195978751879e+00
3.832875905787324733e+00
3.834145035687127390e+00
3.835414585817258804e+00
3.836684556316864558e+00
3.837954947325135979e+00
3.839225758981310577e+00
3.840496991424672046e+00
3.841768644794549381e+00
3.843040719230319535e+00
3.844313214871404760e+00
3.845586131857272161e+00
3.846859470327436803e+00
3.848133230421459050e+00
3.849407412278945895e+00
3.850682016039549627e+00
3.851957041842970053e+00
3.853232489828952723e+00
3.854508360137289369e+00
3.855784652907817911e+00
3.857061368280422453e+00
3.858338506395033285e+00
3.859616067391629102e+00
3.860894051410232120e+00
3.862172458590912516e+00
3.863451289073785766e+00
3.864730542999014862e+00
3.866010220506808537e+00
3.867290321737421710e+00
3.868570846831157262e+00
3.869851795928362481e+00
3.871133169169432175e+00
3.872414966694807781e+00
3.873697188644976031e+00
3.874979835160472952e+00
3.876262906381878537e+00
3.877546402449819851e+00
3.878830323504970590e+00
3.880114669688051521e+00
3.881399441139829598e+00
3.882684638001118405e+00
3.883970260412778597e+00
3.885256308515716128e+00
3.886542782450885358e+00
3.887829682359286387e+00
3.889117008381966389e+00
3.890404760660017391e+00
3.891692939334581602e+00
3.892981544546846084e+00
3.894270576438044085e+00
3.895560035149455924e+00
3.896849920822409885e+00
3.898140233598279103e+00
3.899430973618485119e+00
3.900722141024495215e+00
3.902013735957825080e+00
3.903305758560035255e+00
3.904598208972734685e+00
3.905891087337577172e+00
3.907184393796267141e+00
3.908478128490552983e+00
3.909772291562230162e+00
3.911066883153142104e+00
3.912361903405178420e+00
3.913657352460276684e+00
3.914953230460419764e+00
3.916249537547639825e+00
3.917546273864013884e+00
3.918843439551667363e+00
3.920141034752771869e+00
3.921439059609547417e+00
3.922737514264258873e+00
3.924036398859221286e+00
3.925335713536794113e+00
3.926635458439385662e+00
3.927935633709449981e+00
3.929236239489489524e+00
3.930537275922052931e+00
3.931838743149736359e+00
3.933140641315184372e+00
3.934442970561086828e+00
3.935745731030181993e+00
3.937048922865255207e+00
3.938352546209137550e+00
3.939656601204711617e+00
3.940961087994903522e+00
3.942266006722687344e+00
3.943571357531084676e+00
3.944877140563165074e+00
3.946183355962045614e+00
3.947490003870889108e+00
3.948797084432907667e+00
3.950104597791360028e+00
3.951412544089552448e+00
3.952720923470838255e+00
3.954029736078618296e+00
3.955338982056340935e+00
3.956648661547503831e+00
3.957958774695649939e+00
3.959269321644369732e+00
3.960580302537302533e+00
3.961891717518134737e+00
3.963203566730599370e+00
3.964515850318478307e+00
3.965828568425600942e+00
3.967141721195843296e+00
3.968455308773130241e+00
3.969769331301432835e+00
3.971083788924771873e+00
3.972398681787212560e+00
3.973714010032872945e+00
3.975029773805914157e+00
3.976345973250546617e+00
3.977662608511028708e+00
3.978979679731666330e+00
3.980297187056813346e+00
3.981615130630871136e+00
3.982933510598289484e+00
3.984252327103564806e+00
3.985571580291243254e+00
3.986891270305916724e+00
3.988211397292225957e+00
3.989531961394860549e+00
3.990852962758557165e+00
3.992174401528099548e+00
3.993496277848320286e+00
3.994818591864100377e+00
3.996141343720367445e+00
3.997464533562098410e+00
3.998788161534317265e+00
4.000112227782096852e+00
4.001436732450557088e+00
4.002761675684866738e+00
4.004087057630242086e+00
4.005412878431946488e+00
4.006739138235296593e+00
4.008065837185649904e+00
4.009392975428416328e+00
4.010720553109053732e+00
4.012048570373066170e+00
4.013377027366007432e+00
4.014705924233480161e+00
4.016035261121133182e+00
4.017365038174664171e+00
4.018695255539821432e+00
4.020025913362397674e+00
4.021357011788235347e+00
4.022688550963227527e+00
4.024020531033313475e+00
4.025352952144480412e+00
4.026685814442764411e+00
4.028019118074250393e+00
4.029352863185070355e+00
4.030687049921406029e+00
4.032021678429487999e+00
4.033356748855593032e+00
4.034692261346047637e+00
4.036028216047228057e+00
4.037364613105555833e+00
4.038701452667504022e+00
4.040038734879593640e+00
4.041376459888392780e+00
4.042714627840519270e+00
4.044053238882638901e+00
4.045392293161467201e+00
4.046731790823764996e+00
4.048071732016346402e+00
4.049412116886069946e+00
4.050752945579846553e+00
4.052094218244632451e+00
4.053435935027433601e+00
4.054778096075305704e+00
4.056120701535353312e+00
4.057463751554727160e+00
4.058807246280629499e+00
4.060151185860309653e+00
4.061495570441065794e+00
4.062840400170246724e+00
4.064185675195247427e+00
4.065531395663512626e+00
4.066877561722536782e+00
4.068224173519862319e+00
4.069571231203080508e+00
4.070918734919832360e+00
4.072266684817805071e+00
4.073615081044740016e+00
4.074963923748422090e+00
4.076313213076687703e+00
4.077662949177422114e+00
4.079013132198558544e+00
4.080363762288080842e+00
4.081714839594019928e+00
4.083066364264457349e+00
4.084418336447522613e+00
4.085770756291394967e+00
4.087123623944302508e+00
4.088476939554522183e+00
4.089830703270379786e+00
4.091184915240251740e+00
4.092539575612561542e+00
4.093894684535784201e+00
4.095250242158440912e+00
4.096606248629103497e+00
4.097962704096394404e+00
4.099319608708984042e+00
4.100676962615590782e+00
4.102034765964983620e+00
4.103393018905982181e+00
4.104751721587451385e+00
4.106110874158309443e+00
4.107470476767522527e+00
4.108830529564105660e+00
4.110191032697122715e+00
4.111551986315689078e+00
4.112913390568967209e+00
4.114275245606170195e+00
4.115637551576559083e+00
4.117000308629447325e+00
4.118363516914194555e+00
4.119727176580211925e+00
4.121091287776959433e+00
4.122455850653945930e+00
4.123820865360730004e+00
4.125186332046920867e+00
4.126552250862177473e+00
4.127918621956205847e+00
4.129285445478764416e+00
4.130652721579658682e+00
4.132020450408745660e+00
4.133388632115930328e+00
4.134757266851170066e+00
4.136126354764468438e+00
4.137495896005881413e+00
4.138865890725512919e+00
4.140236339073515737e+00
4.141607241200097711e+00
4.142978597255510209e+00
4.144350407390057001e+00
4.145722671754091593e+00
4.147095390498016343e+00
4.148468563772284234e+00
4.149842191727398877e+00
4.151216274513911841e+00
4.152590812282426214e+00
4.153965805183593929e+00
4.155341253368116661e+00
4.156717156986746708e+00
4.158093516190284333e+00
4.159470331129584864e+00
4.160847601955548036e+00
4.162225328819125991e+00
4.163603511871319718e+00
4.164982151263182608e+00
4.166361247145815128e+00
4.167740799670369256e+00
4.169120808988046711e+00
4.170501275250099837e+00
4.171882198607830716e+00
4.173263579212590280e+00
4.174645417215780974e+00
4.176027712768857647e+00
4.177410466023320446e+00
4.178793677130721917e+00
4.180177346242666125e+00
4.181561473510805094e+00
4.182946059086842361e+00
4.184331103122532092e+00
4.185716605769677301e+00
4.187102567180131629e+00
4.188488987505800232e+00
4.189875866898637113e+00
4.191263205510646905e+00
4.192651003493884865e+00
4.194039261000457763e+00
4.195427978182520334e+00
4.196817155192279714e+00
4.198206792181991887e+00
4.199596889303964353e+00
4.200987446710554352e+00
4.202378464554169746e+00
4.203769942987269914e+00
4.205161882162363085e+00
4.206554282232009001e+00
4.207947143348818031e+00
4.209340465665449393e+00
4.210734249334613821e+00
4.212128494509075338e+00
4.213523201341644153e+00
4.214918369985184654e+00
4.216314000592608302e+00
4.217710093316880737e+00
4.219106648311015562e+00
4.220503665728079667e+00
4.221901145721187021e+00
4.223299088443504878e+00
4.224697494048252011e+00
4.226096362688696040e+00
4.227495694518153435e+00
4.228895489689998399e+00
4.230295748357647767e+00
4.231696470674575217e+00
4.233097656794301500e+00
4.234499306870399771e+00
4.235901421056493810e+00
4.237303999506258023e+00
4.238707042373418332e+00
4.240110549811751284e+00
4.241514521975084051e+00
4.242918959017295322e+00
4.244323861092313521e+00
4.245729228354117701e+00
4.247135060956742869e+00
4.248541359054268440e+00
4.249948122800828010e+00
4.251355352350605799e+00
4.252763047857837542e+00
4.254171209476809601e+00
4.255579837361858964e+00
4.256988931667374132e+00
4.258398492547796010e+00
4.259808520157613465e+00
4.261219014651370429e+00
4.262629976183657909e+00
4.264041404909122868e+00
4.265453300982458451e+00
4.266865664558413762e+00
4.268278495791784977e+00
4.269691794837421561e+00
4.271105561850224497e+00
4.272519796985145391e+00
4.273934500397188252e+00
4.275349672241405941e+00
4.276765312672905495e+00
4.278181421846843691e+00
4.279597999918428819e+00
4.281015047042919797e+00
4.282432563375630608e+00
4.283850549071922309e+00
4.285269004287209249e+00
4.286687929176957290e+00
4.288107323896683809e+00
4.289527188601957697e+00
4.290947523448397583e+00
4.292368328591676274e+00
4.293789604187517206e+00
4.295211350391694438e+00
4.296633567360034434e+00
4.298056255248414281e+00
4.299479414212766137e+00
4.300903044409070120e+00
4.302327145993357860e+00
4.303751719121715169e+00
4.305176763950277596e+00
4.306602280635233093e+00
4.308028269332822013e+00
4.309454730199334449e+00
4.310881663391114671e+00
4.312309069064556688e+00
4.313736947376107800e+00
4.315165298482265932e+00
4.316594122539579637e+00
4.318023419704655197e+00
4.319453190134144194e+00
4.320883433984752386e+00
4.322314151413237937e+00
4.323745342576409634e+00
4.325177007631130444e+00
4.326609146734312183e+00
4.328041760042921737e+00
4.329474847713975727e+00
4.330908409904544065e+00
4.332342446771748179e+00
4.333776958472760121e+00
4.335211945164807013e+00
4.336647407005166599e+00
4.338083344151167253e+00
4.339519756760191527e+00
4.340956644989672597e+00
4.342394008997096932e+00
4.343831848940002516e+00
4.345270164975979732e+00
4.346708957262670481e+00
4.348148225957770840e+00
4.349587971219025739e+00
4.351028193204235173e+00
4.352468892071249762e+00
4.353910067977975196e+00
4.355351721082366012e+00
4.356793851542430041e+00
4.358236459516228400e+00
4.359679545161873726e+00
4.361123108637531054e+00
4.362567150101418711e+00
4.364011669711805652e+00
4.365456667627015008e+00
4.366902144005421427e+00
4.368348099005451068e+00
4.369794532785586050e+00
4.371241445504354672e+00
4.372688837320345634e+00
4.374136708392194706e+00
4.375585058878590949e+00
4.377033888938277606e+00
4.378483198730048542e+00
4.379932988412751804e+00
4.381383258145286064e+00
4.382834008086605948e+00
4.384285238395715822e+00
4.385736949231673343e+00
4.387189140753588568e+00
4.388641813120623958e+00
4.390094966491998818e+00
4.391548601026979526e+00
4.393002716884887526e+00
4.394457314225097555e+00
4.395912393207035862e+00
4.397367953990182876e+00
4.398823996734069652e+00
4.400280521598283201e+00
4.401737528742461159e+00
4.403195018326294452e+00
4.404652990509526411e+00
4.406111445451955433e+00
4.407570383313427875e+00
4.409029804253850493e+00
4.410489708433177114e+00
4.411950096011416633e+00
4.413410967148629460e+00
4.414872322004931959e+00
4.416334160740489345e+00
4.417796483515524564e+00
4.419259290490310299e+00
4.420722581825172526e+00
4.422186357680491398e+00
4.423650618216700359e+00
4.425115363594284368e+00
4.426580593973784339e+00
4.428046309515791812e+00
4.429512510380951618e+00
4.430979196729963654e+00
4.432446368723578445e+00
4.433914026522602470e+00
4.435382170287892833e+00
4.436850800180361709e+00
4.438319916360974560e+00
4.439789518990748363e+00
4.441259608230755163e+00
4.442730184242121183e+00
4.444201247186021497e+00
4.445672797223690687e+00
4.447144834516413070e+00
4.448617359225526258e+00
4.450090371512422927e+00
4.451563871538547268e+00
4.453037859465398540e+00
4.454512335454529293e+00
4.455987299667544477e+00
4.457462752266103223e+00
4.458938693411918841e+00
4.460415123266757931e+00
4.461892041992437719e+00
4.463369449750834939e+00
4.464847346703875175e+00
4.466325733013539079e+00
4.467804608841860592e+00
4.469283974350927835e+00
4.470763829702882219e+00
4.472244175059919336e+00
4.473725010584288064e+00
4.475206336438290577e+00
4.476688152784284114e+00
4.478170459784678314e+00
4.479653257601937000e+00
4.481136546398577281e+00
4.482620326337172223e+00
4.484104597580346407e+00
4.485589360290780370e+00
4.487074614631205272e+00
4.488560360764409118e+00
4.490046598853232318e+00
4.491533329060570345e+00
4.493020551549371078e+00
4.494508266482638348e+00
4.495996474023427503e+00
4.497485174334849845e+00
4.498974367580070854e+00
4.500464053922306640e+00
4.501954233524832816e+00
4.503444906550975624e+00
4.504936073164115484e+00
4.506427733527686996e+00
4.507919887805179826e+00
4.509412536160136931e+00
4.510905678756155446e+00
4.512399315756887574e+00
4.513893447326038810e+00
4.515388073627368826e+00
4.516883194824692360e+00
4.518378811081875668e+00
4.519874922562845398e+00
4.521371529431575276e+00
4.522868631852098531e+00
4.524366229988499022e+00
4.525864324004917449e+00
4.527362914065548694e+00
4.528862000334640037e+00
4.530361582976495605e+00
4.531861662155471926e+00
4.533362238035981484e+00
4.534863310782490053e+00
4.536364880559518475e+00
4.537866947531641770e+00
4.539369511863490025e+00
4.540872573719747507e+00
4.542376133265153548e+00
4.543880190664499885e+00
4.545384746082635097e+00
4.546889799684461941e+00
4.548395351634936468e+00
4.549901402099071568e+00
4.551407951241932537e+00
4.552914999228641513e+00
4.554422546224373036e+00
4.555930592394355827e+00
4.557439137903878112e+00
4.558948182918278746e+00
4.560457727602951650e+00
4.561967772123346698e+00
4.563478316644967059e+00
4.564989361333371853e+00
4.566500906354174383e+00
4.568012951873043903e+00
4.569525498055703849e+00
4.571038545067931835e+00
4.572552093075561430e+00
4.574066142244480382e+00
4.575580692740630617e+00
4.577095744730012683e+00
4.578611298378677752e+00
4.580127353852733840e+00
4.581643911318343143e+00
4.583160970941725587e+00
4.584678532889151725e+00
4.586196597326950730e+00
4.587715164421505065e+00
4.589234234339254037e+00
4.590753807246689355e+00
4.592273883310360461e+00
4.593794462696870085e+00
4.595315545572877802e+00
4.596837132105096480e+00
4.598359222460296714e+00
4.599881816805301504e+00
4.601404915306990695e+00
4.602928518132299196e+00
4.604452625448216985e+00
4.605977237421789994e+00
4.607502354220117446e+00
4.609027976010356298e+00
4.610554102959717682e+00
4.612080735235469575e+00
4.613607873004930582e+00
4.615135516435482366e+00
4.616663665694555441e+00
4.618192320949638940e+00
4.619721482368276178e+00
4.621251150118067308e+00
4.622781324366666666e+00
4.624312005281783655e+00
4.625843193031186296e+00
4.627374887782693236e+00
4.628907089704183520e+00
4.630439798963588593e+00
4.631973015728895859e+00
4.633506740168152227e+00
4.635040972449454344e+00
4.636575712740957478e+00
4.638110961210873739e+00
4.639646718027468530e+00
4.641182983359064096e+00
4.642719757374038636e+00
4.644257040240825418e+00
4.645794832127914553e+00
4.647333133203850331e+00
4.648871943637234772e+00
4.650411263596723188e+00
4.651951093251028624e+00
4.653491432768921854e+00
4.655032282319225168e+00
4.656573642070820362e+00
4.658115512192642527e+00
4.659657892853683592e+00
4.661200784222992333e+00
4.662744186469673480e+00
4.664288099762885942e+00
4.665832524271846360e+00
4.667377460165827330e+00
4.668922907614155626e+00
4.670468866786217532e+00
4.672015337851450845e+00
4.673562320979355533e+00
4.675109816339481306e+00
4.676657824101438266e+00
4.678206344434891584e+00
4.679755377509560610e+00
4.681304923495224202e+00
4.682854982561715396e+00
4.684405554878923184e+00
4.685956640616795177e+00
4.687508239945332278e+00
4.689060353034593120e+00
4.690612980054691405e+00
4.692166121175801230e+00
4.693719776568149094e+00
4.695273946402017451e+00
4.696828630847748265e+00
4.698383830075736789e+00
4.699939544256436896e+00
4.701495773560358415e+00
4.703052518158067130e+00
4.704609778220184779e+00
4.706167553917390833e+00
4.707725845420420718e+00
4.709284652900066703e+00
4.710843976527176125e+00
4.712403816472655826e+00
4.713964172907467720e+00
4.715525046002628784e+00
4.717086435929214616e+00
4.718648342858356770e+00
4.720210766961243642e+00
4.721773708409119585e+00
4.723337167373286682e+00
4.724901144025102973e+00
4.726465638535984226e+00
4.728030651077402169e+00
4.729596181820884482e+00
4.731162230938017466e+00
4.732728798600444264e+00
4.734295884979862201e+00
4.735863490248028995e+00
4.737431614576755656e+00
4.739000258137913590e+00
4.740569421103428382e+00
4.742139103645283349e+00
4.743709305935519538e+00
4.745280028146234841e+00
4.746851270449583104e+00
4.748423033017775019e+00
4.749995316023079006e+00
4.751568119637822996e+00
4.753141444034388208e+00
4.754715289385213595e+00
4.756289655862796728e+00
4.757864543639691135e+00
4.759439952888507186e+00
4.761015883781914759e+00
4.762592336492637024e+00
4.764169311193458434e+00
4.765746808057217621e+00
4.767324827256811837e+00
4.768903368965193401e+00
4.770482433355377694e+00
4.772062020600430721e+00
4.773642130873479772e+00
4.775222764347708093e+00
4.776803921196354885e+00
4.778385601592720633e+00
4.779967805710159112e+00
4.781550533722083607e+00
4.783133785801964244e+00
4.784717562123329770e+00
4.786301862859764000e+00
4.787886688184910255e+00
4.789472038272467813e+00
4.791057913296197235e+00
4.792644313429910596e+00
4.794231238847483034e+00
4.795818689722842976e+00
4.797406666229979244e+00
4.798995168542937506e+00
4.800584196835820272e+00
4.802173751282788672e+00
4.803763832058062455e+00
4.805354439335915551e+00
4.806945573290684059e+00
4.808537234096757373e+00
4.810129421928585280e+00
4.811722136960677076e+00
4.813315379367596236e+00
4.814909149323965742e+00
4.816503447004465421e+00
4.818098272583833719e+00
4.819693626236867701e+00
4.821289508138420388e+00
4.822885918463405197e+00
4.824482857386790613e+00
4.826080325083605516e+00
4.827678321728934741e+00
4.829276847497921743e+00
4.830875902565770375e+00
4.832475487107738665e+00
4.834075601299145930e+00
4.835676245315366550e+00
4.837277419331834416e+00
4.838879123524042924e+00
4.840481358067541429e+00
4.842084123137937901e+00
4.843687418910898934e+00
4.845291245562149740e+00
4.846895603267471486e+00
4.848500492202707512e+00
4.850105912543753561e+00
4.851711864466570212e+00
4.853318348147173111e+00
4.854925363761634749e+00
4.856532911486088011e+00
4.858140991496722627e+00
4.859749603969789611e+00
4.861358749081594155e+00
4.862968427008502736e+00
4.864578637926939564e+00
4.866189382013386577e+00
4.867800659444386113e+00
4.869412470396534687e+00
4.871024815046492762e+00
4.872637693570976758e+00
4.874251106146760826e+00
4.875865052950677736e+00
4.877479534159620655e+00
4.879094549950538706e+00
4.880710100500442294e+00
4.882326185986397782e+00
4.883942806585532814e+00
4.885559962475031881e+00
4.887177653832138979e+00
4.888795880834155838e+00
4.890414643658442806e+00
4.892033942482421516e+00
4.893653777483570444e+00
4.895274148839425798e+00
4.896895056727584183e+00
4.898516501325699934e+00
4.900138482811487783e+00
4.901761001362719306e+00
4.903384057157227360e+00
4.905007650372899874e+00
4.906631781187688723e+00
4.908256449779599961e+00
4.909881656326700039e+00
4.911507401007118467e+00
4.913133683999038048e+00
4.914760505480702868e+00
4.916387865630415632e+00
4.918015764626539443e+00
4.919644202647495135e+00
4.921273179871762160e+00
4.922902696477880369e+00
4.924532752644448230e+00
4.926163348550123722e+00
4.927794484373622552e+00
4.929426160293721715e+00
4.931058376489254158e+00
4.932691133139117667e+00
4.934324430422263319e+00
4.935958268517705250e+00
4.937592647604513552e+00
4.939227567861822266e+00
4.940863029468819612e+00
4.942499032604757758e+00
4.944135577448944829e+00
4.945772664180749345e+00
4.947410292979599333e+00
4.949048464024984106e+00
4.950687177496448044e+00
4.952326433573598585e+00
4.953966232436103567e+00
4.955606574263685893e+00
4.957247459236131526e+00
4.958888887533285050e+00
4.960530859335049669e+00
4.962173374821389871e+00
4.963816434172328762e+00
4.965460037567948071e+00
4.967104185188389920e+00
4.968748877213858606e+00
4.970394113824613491e+00
4.972039895200976112e+00
4.973686221523328399e+00
4.975333092972112681e+00
4.976980509727826352e+00
4.978628471971032532e+00
4.980276979882349409e+00
4.981926033642457341e+00
4.983575633432097085e+00
4.985225779432067128e+00
4.986876471823227241e+00
4.988527710786496705e+00
4.990179496502854306e+00
4.991831829153340117e+00
4.993484708919051940e+00
4.995138135981150640e+00
4.996792110520854813e+00
4.998446632719443450e+00
5.000101702758255051e+00
5.001757320818689401e+00
5.003413487082204902e+00
5.005070201730321244e+00
5.006727464944618511e+00
5.008385276906735406e+00
5.010043637798371918e+00
5.011702547801287544e+00
5.013362007097301287e+00
5.015022015868296101e+00
5.016682574296210895e+00
5.018343682563046748e+00
5.020005340850863362e+00
5.021667549341783499e+00
5.023330308217987650e+00
5.024993617661718481e+00
5.026657477855278167e+00
5.028321888981027499e+00
5.029986851221392108e+00
5.031652364758853579e+00
5.033318429775956560e+00
5.034985046455302538e+00
5.036652214979560505e+00
5.038319935531453631e+00
5.039988208293767258e+00
5.041657033449348901e+00
5.043326411181102920e+00
5.044996341671998508e+00
5.046666825105063481e+00
5.048337861663386050e+00
5.050009451530113935e+00
5.051681594888458804e+00
5.053354291921690944e+00
5.055027542813138375e+00
5.056701347746197506e+00
5.058375706904318925e+00
5.060050620471015392e+00
5.061726088629860953e+00
5.063402111564490937e+00
5.065078689458601069e+00
5.066755822495947470e+00
5.068433510860347546e+00
5.070111754735679099e+00
5.071790554305881216e+00
5.073469909754955154e+00
5.075149821266959904e+00
5.076830289026016629e+00
5.078511313216311329e+00
5.080192894022085959e+00
5.081875031627645534e+00
5.083557726217356354e+00
5.085240977975643339e+00
5.086924787086996247e+00
5.088609153735964341e+00
5.090294078107155507e+00
5.091979560385243353e+00
5.093665600754959222e+00
5.095352199401096627e+00
5.097039356508509478e+00
5.098727072262115634e+00
5.100415346846891573e+00
5.102104180447875059e+00
5.103793573250166915e+00
5.105483525438927472e+00
5.107174037199378347e+00
5.108865108716804215e+00
5.110556740176550150e+00
5.112248931764021620e+00
5.113941683664686266e+00
5.115634996064074791e+00
5.117328869147776516e+00
5.119023303101442046e+00
5.120718298110787714e+00
5.122413854361587582e+00
5.124109972039678773e+00
5.125806651330957919e+00
5.127503892421384712e+00
5.129201695496981017e+00
5.130900060743829982e+00
5.132598988348075153e+00
5.134298478495923135e+00
5.135998531373640930e+00
5.137699147167558600e+00
5.139400326064067492e+00
5.141102068249617574e+00
5.142804373910727200e+00
5.144507243233970684e+00
5.146210676405987172e+00
5.147914673613475323e+00
5.149619235043196852e+00
5.151324360881975650e+00
5.153030051316697779e+00
5.154736306534308810e+00
5.156443126721819148e+00
5.158150512066300486e+00
5.159858462754884023e+00
5.161566978974764019e+00
5.163276060913200460e+00
5.164985708757511951e+00
5.166695922695077492e+00
5.168406702913340922e+00
5.170118049599807364e+00
5.171829962942044112e+00
5.173542443127680635e+00
5.175255490344408571e+00
5.176969104779980846e+00
5.178683286622212556e+00
5.180398036058983635e+00
5.182113353278231749e+00
5.183829238467960288e+00
5.185545691816234815e+00
5.187262713511182177e+00
5.188980303740990507e+00
5.190698462693910997e+00
5.192417190558258788e+00
5.194136487522409418e+00
5.195856353774801484e+00
5.197576789503935757e+00
5.199297794898376068e+00
5.201019370146747534e+00
5.202741515437739217e+00
5.204464230960099691e+00
5.206187516902645029e+00
5.207911373454249926e+00
5.209635800803852135e+00
5.211360799140453359e+00
5.213086368653116587e+00
5.214812509530967866e+00
5.216539221963196304e+00
5.218266506139052296e+00
5.219994362247850184e+00
5.221722790478966481e+00
5.223451791021840762e+00
5.225181364065975664e+00
5.226911509800934219e+00
5.228642228416346072e+00
5.230373520101901264e+00
5.232105385047352009e+00
5.233837823442515358e+00
5.235570835477268758e+00
5.237304421341556271e+00
5.239038581225379687e+00
5.240773315318809189e+00
5.242508623811973578e+00
5.244244506895067381e+00
5.245980964758345522e+00
5.247717997592127759e+00
5.249455605586798690e+00
5.251193788932801532e+00
5.252932547820646114e+00
5.254671882440902664e+00
5.256411792984207132e+00
5.258152279641257643e+00
5.259893342602813604e+00
5.261634982059700150e+00
5.263377198202804585e+00
5.265119991223078166e+00
5.266863361311532543e+00
5.268607308659246868e+00
5.270351833457358914e+00
5.272096935897075731e+00
5.273842616169662101e+00
5.275588874466447642e+00
5.277335710978827699e+00
5.279083125898258899e+00
5.280831119416260044e+00
5.282579691724416548e+00
5.284328843014374222e+00
5.286078573477845488e+00
5.287828883306602279e+00
5.289579772692484028e+00
5.291331241827390564e+00
5.293083290903286553e+00
5.294835920112201499e+00
5.296589129646227079e+00
5.298342919697518028e+00
5.300097290458293919e+00
5.301852242120837388e+00
5.303607774877494130e+00
5.305363888920674675e+00
5.307120584442853506e+00
5.308877861636566386e+00
5.310635720694416584e+00
5.312394161809067761e+00
5.314153185173248417e+00
5.315912790979752778e+00
5.317672979421436352e+00
5.319433750691219487e+00
5.321195104982087365e+00
5.322957042487086454e+00
5.324719563399330724e+00
5.326482667911994540e+00
5.328246356218317992e+00
5.330010628511606008e+00
5.331775484985225688e+00
5.333540925832608970e+00
5.335306951247252627e+00
5.337073561422713830e+00
5.338840756552621691e+00
5.340608536830661279e+00
5.342376902450586940e+00
5.344145853606212526e+00
5.345915390491421171e+00
5.347685513300156401e+00
5.349456222226428359e+00
5.351227517464310246e+00
5.352999399207939213e+00
5.354771867651518136e+00
5.356544922989312063e+00
5.358318565415650880e+00
5.360092795124931975e+00
5.361867612311613129e+00
5.363643017170218741e+00
5.365419009895337155e+00
5.367195590681619777e+00
5.368972759723783739e+00
5.370750517216611009e+00
5.372528863354947504e+00
5.374307798333703090e+00
5.376087322347854247e+00
5.377867435592438738e+00
5.379648138262560941e+00
5.381429430553389182e+00
5.383211312660159287e+00
5.384993784778168369e+00
5.386776847102777488e+00
5.388560499829415207e+00
5.390344743153574036e+00
5.392129577270809548e+00
5.393915002376743928e+00
5.395701018667063309e+00
5.397487626337519551e+00
5.399274825583927573e+00
5.401062616602168909e+00
5.402850999588187264e+00
5.404639974737996511e+00
5.406429542247670028e+00
5.408219702313348698e+00
5.410010455131238238e+00
5.411801800897607428e+00
5.413593739808792549e+00
5.415386272061193829e+00
5.417179397851276335e+00
5.418973117375569970e+00
5.420767430830671252e+00
5.422562338413240646e+00
5.424357840320002566e+00
5.426153936747747153e+00
5.427950627893332936e+00
5.429747913953679728e+00
5.431545795125773957e+00
5.433344271606667775e+00
5.435143343593476395e+00
5.436943011283383420e+00
5.438743274873634626e+00
5.440544134561544176e+00
5.442345590544490186e+00
5.444147643019913829e+00
5.445950292185326447e+00
5.447753538238298887e+00
5.449557381376474829e+00
5.451361821797557461e+00
5.453166859699315694e+00
5.454972495279587719e+00
5.456778728736274786e+00
5.458585560267342096e+00
5.460392990070823238e+00
5.462201018344816639e+00
5.464009645287485561e+00
5.465818871097058995e+00
5.467628695971832542e+00
5.469439120110166641e+00
5.471250143710486569e+00
5.473061766971285991e+00
5.474873990091121634e+00
5.476686813268616838e+00
5.478500236702461557e+00
5.480314260591410580e+00
5.482128885134284424e+00
5.483944110529969329e+00
5.485759936977419038e+00
5.487576364675650353e+00
5.489393393823748468e+00
5.491211024620864301e+00
5.493029257266212717e+00
5.494848091959074310e+00
5.496667528898801613e+00
5.498487568284805782e+00
5.500308210316567248e+00
5.502129455193632168e+00
5.503951303115613314e+00
5.505773754282189181e+00
5.507596808893103102e+00
5.509420467148166800e+00
5.511244729247256835e+00
5.513069595390315492e+00
5.514895065777352556e+00
5.516721140608441765e+00
5.518547820083727018e+00
5.520375104403416167e+00
5.522202993767781898e+00
5.524031488377166177e+00
5.525860588431974918e+00
5.527690294132681537e+00
5.529520605679825174e+00
5.531351523274012472e+00
5.533183047115915798e+00
5.535015177406273246e+00
5.536847914345891297e+00
5.538681258135640384e+00
5.540515208976458439e+00
5.542349767069353561e+00
5.544184932615394246e+00
5.546020705815720042e+00
5.547857086871533561e+00
5.549694075984108466e+00
5.551531673354780594e+00
5.553369879184955948e+00
5.555208693676104481e+00
5.557048117029764533e+00
5.558888149447541061e+00
5.560728791131105631e+00
5.562570042282194649e+00
5.564411903102616463e+00
5.566254373794239818e+00
5.568097454559005399e+00
5.569941145598917842e+00
5.571785447116049284e+00
5.573630359312538474e+00
5.575475882390593441e+00
5.577322016552486161e+00
5.579168762000557891e+00
5.581016118937213832e+00
5.582864087564929356e+00
5.584712668086246445e+00
5.586561860703771032e+00
5.588411665620180990e+00
5.590262083038218144e+00
5.592113113160691817e+00
5.593964756190478838e+00
5.595817012330523532e+00
5.597669881783836843e+00
5.599523364753496324e+00
5.601377461442648809e+00
5.603232172054505966e+00
5.605087496792348745e+00
5.606943435859525593e+00
5.608799989459448021e+00
5.610657157795601258e+00
5.612514941071534480e+00
5.614373339490864367e+00
5.616232353257275101e+00
5.618091982574518362e+00
5.619952227646413334e+00
5.621813088676847592e+00
5.623674565869773545e+00
5.625536659429215547e+00
5.627399369559261011e+00
5.629262696464066629e+00
5.631126640347859258e+00
5.632991201414927041e+00
5.634856379869634502e+00
5.636722175916405675e+00
5.638588589759738312e+00
5.640455621604193226e+00
5.642323271654402284e+00
5.644191540115062189e+00
5.646060427190941589e+00
5.647929933086872190e+00
5.649800058007755865e+00
5.651670802158563767e+00
5.653542165744332770e+00
5.655414148970167254e+00
5.657286752041240874e+00
5.659159975162795675e+00
5.661033818540140317e+00
5.662908282378652736e+00
5.664783366883777482e+00
5.666659072261026608e+00
5.668535398715983220e+00
5.670412346454296149e+00
5.672289915681681727e+00
5.674168106603926454e+00
5.676046919426883441e+00
5.677926354356475080e+00
5.679806411598689486e+00
5.681687091359588493e+00
5.683568393845296107e+00
5.685450319262007390e+00
5.687332867815984905e+00
5.689216039713561379e+00
5.691099835161135267e+00
5.692984254365174301e+00
5.694869297532214603e+00
5.696754964868862459e+00
5.698641256581788994e+00
5.700528172877737276e+00
5.702415713963516097e+00
5.704303880046002639e+00
5.706192671332147803e+00
5.708082088028964662e+00
5.709972130343537344e+00
5.711862798483019255e+00
5.713754092654630412e+00
5.715646013065661002e+00
5.717538559923469599e+00
5.719431733435484055e+00
5.721325533809198838e+00
5.723219961252178578e+00
5.725115015972058075e+00
5.727010698176535186e+00
5.728907008073385931e+00
5.730803945870447613e+00
5.732701511775628589e+00
5.734599705996905605e+00
5.736498528742324687e+00
5.738397980220002026e+00
5.740298060638120425e+00
5.742198770204932856e+00
5.744100109128760678e+00
5.746002077617995418e+00
5.747904675881096104e+00
5.749807904126591929e+00
5.751711762563079589e+00
5.753616251399228609e+00
5.755521370843772466e+00
5.757427121105517465e+00
5.759333502393337412e+00
5.761240514916176281e+00
5.763148158883045546e+00
5.765056434503027738e+00
5.766965341985272886e+00
5.768874881539002963e+00
5.770785053373505669e+00
5.772695857698141531e+00
5.774607294722335915e+00
5.776519364655590572e+00
5.778432067707469422e+00
5.780345404087609218e+00
5.782259374005715991e+00
5.784173977671565048e+00
5.786089215295000976e+00
5.788005087085936751e+00
5.789921593254356402e+00
5.791838734010314127e+00
5.793756509563930734e+00
5.795674920125399865e+00
5.797593965904983548e+00
5.799513647113010428e+00
5.801433963959884643e+00
5.803354916656076945e+00
5.805276505412126475e+00
5.807198730438644318e+00
5.809121591946309060e+00
5.811045090145871228e+00
5.812969225248150629e+00
5.814893997464035458e+00
5.816819407004484965e+00
5.818745454080529456e+00
5.820672138903265846e+00
5.822599461683863886e+00
5.824527422633560825e+00
5.826456021963667631e+00
5.828385259885561887e+00
5.830315136610691340e+00
5.832245652350574794e+00
5.834176807316802105e+00
5.836108601721029743e+00
5.838041035774987897e+00
5.839974109690475146e+00
5.841907823679360234e+00
5.843842177953582073e+00
5.845777172725149740e+00
5.847712808206142476e+00
5.849649084608711469e+00
5.851586002145076293e+00
5.853523561027526689e+00
5.855461761468423454e+00
5.857400603680196660e+00
5.859340087875348324e+00
5.861280214266449740e+00
5.863220983066143255e+00
5.865162394487139608e+00
5.867104448742223255e+00
5.869047146044246155e+00
5.870990486606133096e+00
5.872934470640876370e+00
5.874879098361543761e+00
5.876824369981268781e+00
5.878770285713256882e+00
5.880716845770785461e+00
5.882664050367201192e+00
5.884611899715921801e+00
5.886560394030436072e+00
5.888509533524302064e+00
5.890459318411149781e+00
5.892409748904680278e+00
5.894360825218664779e+00
5.896312547566943785e+00
5.898264916163432403e+00
5.900217931222114132e+00
5.902171592957041746e+00
5.904125901582342628e+00
5.906080857312211663e+00
5.908036460360916564e+00
5.909992710942796101e+00
5.911949609272259210e+00
5.913907155563784990e+00
5.915865350031925374e+00
5.917824192891303348e+00
5.919783684356610287e+00
5.921743824642611287e+00
5.923704613964143384e+00
5.925666052536112005e+00
5.927628140573494520e+00
5.929590878291341127e+00
5.931554265904770418e+00
5.933518303628974699e+00
5.935482991679217335e+00
5.937448330270830965e+00
5.939414319619221061e+00
5.941380959939864148e+00
5.943348251448308694e+00
5.945316194360172446e+00
5.947284788891148644e+00
5.949254035256998030e+00
5.951223933673553290e+00
5.953194484356720828e+00
5.955165687522476325e+00
5.957137543386868295e+00
5.959110052166016303e+00
5.961083214076110082e+00
5.963057029333413972e+00
5.965031498154261591e+00
5.967006620755058499e+00
5.968982397352283087e+00
5.970958828162483023e+00
5.972935913402281471e+00
5.974913653288369986e+00
5.976892048037512950e+00
5.978871097866546691e+00
5.980850802992379478e+00
5.982831163631990634e+00
5.984812180002432314e+00
5.986793852320827725e+00
5.988776180804372018e+00
5.990759165670334063e+00
5.992742807136051120e+00
5.994727105418934165e+00
5.996712060736468786e+00
5.998697673306208955e+00
6.000683943345783256e+00
6.002670871072888659e+00
6.004658456705298519e+00
6.006646700460855470e+00
6.008635602557475863e+00
6.010625163213147104e+00
6.012615382645928541e+00
6.014606261073953242e+00
6.016597798715426215e+00
6.018589995788622637e+00
6.020582852511891403e+00
6.022576369103656013e+00
6.024570545782408360e+00
6.026565382766714940e+00
6.028560880275214195e+00
6.030557038526615621e+00
6.032553857739704206e+00
6.034551338133334220e+00
6.036549479926433648e+00
6.038548283338003309e+00
6.040547748587116850e+00
6.042547875892918974e+00
6.044548665474628990e+00
6.046550117551534598e+00
6.048552232343002544e+00
6.050555010068467965e+00
6.052558450947438828e+00
6.054562555199497709e+00
6.056567323044296458e+00
6.058572754701564200e+00
6.060578850391098449e+00
6.062585610332773101e+00
6.064593034746531330e+00
6.066601123852393584e+00
6.068609877870448699e+00
6.070619297020859229e+00
6.072629381523865000e+00
6.074640131599774229e+00
6.076651547468967962e+00
6.078663629351903630e+00
6.080676377469108829e+00
6.082689792041183985e+00
6.084703873288804132e+00
6.086718621432718024e+00
6.088734036693744578e+00
6.090750119292778209e+00
6.092766869450786160e+00
6.094784287388807620e+00
6.096802373327954605e+00
6.098821127489417293e+00
6.100840550094453363e+00
6.102860641364395100e+00
6.104881401520650286e+00
6.106902830784696867e+00
6.108924929378088287e+00
6.110947697522451705e+00
6.112971135439485337e+00
6.114995243350962895e+00
6.117020021478730918e+00
6.119045470044709667e+00
6.121071589270889568e+00
6.123098379379341871e+00
6.125125840592205329e+00
6.127153973131694187e+00
6.129182777220095524e+00
6.131212253079770136e+00
6.133242400933153426e+00
6.135273221002753630e+00
6.137304713511153587e+00
6.139336878681008081e+00
6.141369716735047390e+00
6.143403227896074625e+00
6.145437412386966614e+00
6.147472270430673014e+00
6.149507802250221644e+00
6.151544008068708713e+00
6.153580888109307701e+00
6.155618442595264916e+00
6.157656671749899502e+00
6.159695575796606981e+00
6.161735154958854821e+00
6.163775409460185095e+00
6.165816339524213596e+00
6.167857945374631612e+00
6.169900227235203261e+00
6.171943185329763715e+00
6.173986819882230748e+00
6.176031131116588746e+00
6.178076119256897591e+00
6.180121784527292661e+00
6.182168127151983938e+00
6.184215147355254238e+00
6.186262845361461871e+00
6.188311221395037975e+00
6.190360275680489188e+00
6.192410008442395863e+00
6.194460419905413850e+00
6.196511510294271829e+00
6.198563279833772199e+00
6.200615728748796407e+00
6.202668857264295177e+00
6.204722665605296505e+00
6.206777153996901220e+00
6.208832322664285641e+00
6.210888171832701588e+00
6.212944701727473706e+00
6.215001912574002141e+00
6.217059804597760753e+00
6.219118378024299787e+00
6.221177633079243208e+00
6.223237569988288698e+00
6.225298188977209435e+00
6.227359490271854980e+00
6.229421474098148614e+00
6.231484140682087336e+00
6.233547490249742751e+00
6.235611523027263736e+00
6.237676239240872000e+00
6.239741639116864746e+00
6.241807722881613785e+00
6.243874490761567309e+00
6.245941942983246342e+00
6.248010079773248293e+00
6.250078901358243399e+00
6.252148407964982724e+00
6.254218599820286606e+00
6.256289477151052658e+00
6.258361040184253099e+00
6.260433289146934754e+00
6.262506224266221722e+00
6.264579845769311817e+00
6.266654153883477463e+00
6.268729148836068354e+00
6.270804830854507905e+00
6.272881200166294136e+00
6.274958256999003225e+00
6.277036001580282409e+00
6.279114434137859746e+00
6.281193554899534348e+00
6.283273364093182600e+00
6.285353861946756382e+00
6.287435048688281292e+00
6.289516924545861087e+00
6.291599489747673246e+00
6.293682744521970740e+00
6.295766689097082924e+00
6.297851323701414650e+00
6.299936648563446262e+00
6.302022663911731826e+00
6.304109369974907118e+00
6.306196766981677193e+00
6.308284855160824378e+00
6.310373634741209159e+00
6.312463105951764852e+00
6.314553269021502047e+00
6.316644124179507713e+00
6.318735671654944319e+00
6.320827911677048050e+00
6.322920844475134139e+00
6.325014470278591538e+00
6.327108789316887361e+00
6.329203801819560660e+00
6.331299508016232203e+00
6.333395908136595587e+00
6.335493002410419017e+00
6.337590791067548857e+00
6.339689274337908742e+00
6.341788452451494251e+00
6.343888325638381787e+00
6.345988894128720581e+00
6.348090158152738027e+00
6.350192117940736125e+00
6.352294773723095922e+00
6.354398125730269520e+00
6.356502174192792509e+00
6.358606919341271535e+00
6.360712361406390514e+00
6.362818500618911521e+00
6.364925337209670353e+00
6.367032871409581851e+00
6.369141103449636354e+00
6.371250033560898807e+00
6.373359661974514090e+00
6.375469988921701692e+00
6.377581014633756595e+00
6.379692739342052832e+00
6.381805163278038151e+00
6.383918286673241127e+00
6.386032109759264053e+00
6.388146632767785604e+00
6.390261855930561730e+00
6.392377779479425648e+00
6.394494403646287850e+00
6.396611728663132546e+00
6.398729754762025657e+00
6.400848482175105048e+00
6.402967911134589407e+00
6.405088041872771143e+00
6.407208874622022599e+00
6.409330409614788060e+00
6.411452647083597078e+00
6.413575587261048483e+00
6.415699230379821927e+00
6.417823576672671670e+00
6.419948626372432798e+00
6.422074379712013226e+00
6.424200836924400804e+00
6.426327998242659767e+00
6.428455863899931622e+00
6.430584434129433369e+00
6.432713709164462834e+00
6.434843689238390674e+00
6.436974374584670144e+00
6.439105765436827333e+00
6.441237862028466488e+00
6.443370664593270902e+00
6.445504173365000256e+00
6.447638388577490609e+00
6.449773310464657072e+00
6.451908939260491138e+00
6.454045275199063347e+00
6.456182318514518848e+00
6.458320069441083611e+00
6.460458528213058216e+00
6.462597695064821401e+00
6.464737570230834507e+00
6.466878153945629037e+00
6.469019446443818211e+00
6.471161447960091628e+00
6.473304158729217939e+00
6.475447578986043062e+00
6.477591708965489303e+00
6.479736548902558013e+00
6.481882099032327815e+00
6.484028359589956381e+00
6.486175330810678652e+00
6.488323012929804179e+00
6.490471406182727776e+00
6.492620510804915313e+00
6.494770327031914370e+00
6.496920855099348024e+00
6.499072095242919289e+00
6.501224047698408448e+00
6.503376712701674833e+00
6.505530090488653272e+00
6.507684181295360304e+00
6.509838985357887964e+00
6.511994502912407334e+00
6.514150734195166770e+00
6.516307679442493672e+00
6.518465338890796268e+00
6.520623712776557390e+00
6.522782801336338032e+00
6.524942604806780011e+00
6.527103123424602416e+00
6.529264357426602494e+00
6.531426307049654767e+00
6.533588972530715466e+00
6.535752354106815432e+00
6.537916452015067215e+00
6.540081266492659751e+00
6.542246797776859246e+00
6.544413046105016285e+00
6.546580011714555170e+00
6.548747694842978362e+00
6.550916095727870037e+00
6.553085214606890752e+00
6.555255051717780113e+00
6.557425607298356773e+00
6.559596881586519324e+00
6.561768874820243624e+00
6.563941587237583697e+00
6.566115019076674386e+00
6.568289170575726921e+00
6.570464041973033353e+00
6.572639633506965673e+00
6.574815945415973140e+00
6.576992977938582285e+00
6.579170731313402243e+00
6.581349205779118527e+00
6.583528401574495703e+00
6.585708318938380046e+00
6.587888958109693327e+00
6.590070319327439030e+00
6.592252402830697910e+00
6.594435208858632436e+00
6.596618737650480568e+00
6.598802989445564648e+00
6.600987964483281623e+00
6.603173663003109262e+00
6.605360085244604385e+00
6.607547231447404634e+00
6.609735101851224925e+00
6.611923696695860109e+00
6.614113016221185859e+00
6.616303060667155123e+00
6.618493830273801670e+00
6.620685325281239209e+00
6.622877545929659604e+00
6.625070492459331994e+00
6.627264165110613447e+00
6.629458564123932085e+00
6.631653689739798629e+00
6.633849542198803739e+00
6.636046121741617121e+00
6.638243428608989305e+00
6.640441463041748982e+00
6.642640225280805666e+00
6.644839715567147920e+00
6.647039934141845130e+00
6.649240881246044843e+00
6.651442557120976318e+00
6.653644962007946084e+00
6.655848096148345938e+00
6.658051959783641394e+00
6.660256553155381454e+00
6.662461876505193281e+00
6.664667930074785751e+00
6.666874714105946786e+00
6.669082228840544246e+00
6.671290474520526814e+00
6.673499451387922221e+00
6.675709159684839911e+00
6.677919599653467486e+00
6.680130771536072487e+00
6.682342675575006830e+00
6.684555312012699702e+00
6.686768681091659339e+00
6.688982783054476577e+00
6.691197618143820414e+00
6.693413186602441556e+00
6.695629488673172425e+00
6.697846524598923601e+00
6.700064294622685601e+00
6.702282798987532431e+00
6.704502037936616254e+00
6.706722011713170062e+00
6.708942720560505890e+00
6.711164164722021930e+00
6.713386344441190978e+00
6.715609259961568434e+00
6.717832911526791406e+00
6.720057299380575166e+00
6.722282423766719361e+00
6.724508284929100910e+00
6.726734883111678442e+00
6.728962218558493191e+00
6.731190291513665436e+00
6.733419102221395391e+00
6.735648650925964986e+00
6.737878937871740526e+00
6.740109963303164697e+00
6.742341727464761014e+00
6.744574230601138254e+00
6.746807472956980689e+00
6.749041454777057858e+00
6.751276176306218346e+00
6.753511637789393340e+00
6.755747839471592187e+00
6.757984781597909496e+00
6.760222464413516263e+00
6.762460888163669637e+00
6.764700053093702259e+00
6.766939959449035591e+00
6.769180607475166589e+00
6.771421997417673921e+00
6.773664129522218857e+00
6.775907004034544379e+00
6.778150621200473402e+00
6.780394981265912335e+00
6.782640084476846631e+00
6.784885931079344346e+00
6.787132521319556133e+00
6.789379855443710809e+00
6.791627933698121566e+00
6.793876756329184197e+00
6.796126323583374429e+00
6.798376635707247040e+00
6.800627692947442959e+00
6.802879495550682165e+00
6.805132043763767236e+00
6.807385337833581573e+00
6.809639378007091182e+00
6.811894164531343776e+00
6.814149697653468785e+00
6.816405977620676460e+00
6.818663004680261430e+00
6.820920779079594709e+00
6.823179301066138791e+00
6.825438570887429002e+00
6.827698588791087708e+00
6.829959355024815437e+00
6.832220869836398869e+00
6.834483133473703731e+00
6.836746146184678352e+00
6.839009908217355438e+00
6.841274419819846742e+00
6.843539681240347505e+00
6.845805692727135572e+00
6.848072454528570496e+00
6.850339966893091770e+00
6.852608230069228590e+00
6.854877244305582984e+00
6.857147009850845798e+00
6.859417526953787814e+00
6.861688795863261525e+00
6.863960816828203804e+00
6.866233590097632344e+00
6.868507115920648332e+00
6.870781394546433773e+00
6.873056426224255056e+00
6.875332211203461164e+00
6.877608749733481019e+00
6.879886042063829699e+00
6.882164088444103989e+00
6.884442889123980613e+00
6.886722444353221562e+00
6.889002754381671423e+00
6.891283819459256499e+00
6.893565639835985692e+00
6.895848215761952282e+00
6.898131547487331261e+00
6.900415635262379332e+00
6.902700479337439354e+00
6.904986079962933232e+00
6.907272437389366360e+00
6.909559551867332949e+00
6.911847423647501820e+00
6.914136052980629721e+00
6.916425440117555112e+00
6.918715585309199056e+00
6.921006488806566992e+00
6.923298150860746958e+00
6.925590571722908706e+00
6.927883751644307253e+00
6.930177690876280217e+00
6.932472389670246926e+00
6.934767848277711089e+00
6.937064066950261676e+00
6.939361045939567596e+00
6.941658785497383910e+00
6.943957285875546503e+00
6.946256547325975639e+00
6.948556570100675955e+00
6.950857354451734693e+00
6.953158900631321693e+00
6.955461208891692060e+00
6.957764279485183501e+00
6.960068112664218098e+00
6.962372708681298761e+00
6.964678067789014548e+00
6.966984190240039787e+00
6.969291076287128739e+00
6.971598726183121819e+00
6.973907140180941155e+00
6.976216318533594141e+00
6.978526261494171656e+00
6.980836969315848961e+00
6.983148442251883026e+00
6.985460680555617863e+00
6.987773684480477421e+00
6.990087454279973578e+00
6.992401990207698148e+00
6.994717292517332652e+00
6.997033361462637657e+00
6.999350197297458109e+00
7.001667800275724218e+00
7.003986170651451459e+00
7.006305308678737021e+00
7.008625214611763354e+00
7.010945888704796403e+00
7.013267331212188260e+00
7.015589542388373623e+00
7.017912522487871563e+00
7.020236271765284641e+00
7.022560790475299797e+00
7.024886078872691897e+00
7.027212137212317522e+00
7.029538965749114965e+00
7.031866564738111336e+00
7.034194934434416346e+00
7.036524075093223196e+00
7.038853986969810350e+00
7.041184670319542427e+00
7.043516125397866645e+00
7.045848352460315489e+00
7.048181351762504931e+00
7.050515123560136210e+00
7.052849668108997605e+00
7.055184985664959996e+00
7.057521076483978639e+00
7.059857940822093170e+00
7.062195578935428486e+00
7.064533991080196529e+00
7.066873177512690063e+00
7.069213138489290671e+00
7.071553874266461648e+00
7.073895385100753330e+00
7.076237671248800432e+00
7.078580732967321154e+00
7.080924570513118965e+00
7.083269184143086150e+00
7.085614574114197595e+00
7.087960740683510785e+00
7.090307684108171138e+00
7.092655404645409334e+00
7.095003902552539543e+00
7.097353178086962977e+00
7.099703231506163448e+00
7.102054063067713585e+00
7.104405673029268620e+00
7.106758061648569935e+00
7.109111229183444181e+00
7.111465175891802382e+00
7.113819902031644382e+00
7.116175407861051738e+00
7.118531693638193936e+00
7.120888759621323061e+00
7.123246606068780018e+00
7.125605233238989200e+00
7.127964641390460265e+00
7.130324830781790801e+00
7.132685801671660997e+00
7.135047554318838969e+00
7.137410088982178102e+00
7.139773405920614380e+00
7.142137505393177044e+00
7.144502387658973497e+00
7.146868052977200847e+00
7.149234501607139691e+00
7.151601733808158556e+00
7.153969749839711234e+00
7.156338549961336781e+00
7.158708134432660408e+00
7.161078503513394367e+00
7.163449657463336173e+00
7.165821596542367722e+00
7.168194321010459724e+00
7.170567831127666381e+00
7.172942127154131597e+00
7.175317209350082770e+00
7.177693077975832558e+00
7.180069733291782441e+00
7.182447175558418273e+00
7.184825405036312063e+00
7.187204421986123748e+00
7.189584226668597644e+00
7.191964819344566884e+00
7.194346200274947201e+00
7.196728369720744922e+00
7.199111327943048089e+00
7.201495075203037111e+00
7.203879611761974999e+00
7.206264937881210919e+00
7.208651053822181964e+00
7.211037959846412271e+00
7.213425656215510351e+00
7.215814143191173535e+00
7.218203421035184419e+00
7.220593490009413529e+00
7.222984350375817542e+00
7.225376002396438402e+00
7.227768446333408647e+00
7.230161682448940752e+00
7.232555711005343113e+00
7.234950532265004952e+00
7.237346146490403420e+00
7.239742553944101822e+00
7.242139754888753167e+00
7.244537749587093955e+00
7.246936538301951281e+00
7.249336121296235724e+00
7.251736498832947575e+00
7.254137671175172386e+00
7.256539638586085417e+00
7.258942401328943639e+00
7.261345959667099059e+00
7.263750313863985397e+00
7.266155464183124302e+00
7.268561410888126240e+00
7.270968154242686055e+00
7.273375694510590073e+00
7.275784031955708997e+00
7.278193166842001460e+00
7.280603099433513137e+00
7.283013829994378519e+00
7.285425358788818251e+00
7.287837686081141797e+00
7.290250812135742109e+00
7.292664737217107174e+00
7.295079461589807579e+00
7.297494985518500066e+00
7.299911309267931969e+00
7.302328433102938554e+00
7.304746357288439462e+00
7.307165082089446706e+00
7.309584607771054898e+00
7.312004934598451911e+00
7.314426062836909104e+00
7.316847992751786656e+00
7.319270724608534451e+00
7.321694258672686750e+00
7.324118595209871074e+00
7.326543734485798431e+00
7.328969676766268648e+00
7.331396422317171258e+00
7.333823971404481945e+00
7.336252324294264326e+00
7.338681481252672612e+00
7.341111442545946275e+00
7.343542208440414498e+00
7.345973779202495280e+00
7.348406155098691883e+00
7.350839336395597279e+00
7.353273323359896807e+00
7.355708116258359297e+00
7.358143715357841508e+00
7.360580120925291681e+00
7.363017333227744210e+00
7.365455352532322308e+00
7.367894179106238894e+00
7.370333813216794816e+00
7.372774255131377963e+00
7.375215505117465931e+00
7.377657563442626021e+00
7.380100430374511689e+00
7.382544106180865207e+00
7.384988591129521218e+00
7.387433885488399632e+00
7.389879989525510062e+00
7.392326903508949165e+00
7.394774627706905079e+00
7.397223162387652984e+00
7.399672507819557765e+00
7.402122664271073127e+00
7.404573632010739814e+00
7.407025411307190943e+00
7.409478002429145782e+00
7.411931405645410642e+00
7.414385621224889533e+00
7.416840649436565513e+00
7.419296490549516676e+00
7.421753144832906379e+00
7.424210612555991240e+00
7.426668893988114029e+00
7.429127989398706333e+00
7.431587899057292113e+00
7.434048623233481479e+00
7.436510162196975138e+00
7.438972516217562614e+00
7.441435685565124025e+00
7.443899670509624755e+00
7.446364471321127887e+00
7.448830088269778216e+00
7.451296521625812019e+00
7.453763771659555282e+00
7.456231838641425469e+00
7.458700722841926201e+00
7.461170424531653467e+00
7.463640943981291187e+00
7.466112281461613875e+00
7.468584437243484864e+00
7.471057411597858078e+00
7.473531204795773597e+00
7.476005817108369200e+00
7.478481248806866155e+00
7.480957500162576324e+00
7.483434571446901273e+00
7.485912462931334943e+00
7.488391174887457424e+00
7.490870707586942068e+00
7.493351061301551042e+00
7.495832236303135332e+00
7.498314232863637407e+00
7.500797051255089443e+00
7.503280691749614206e+00
7.505765154619419732e+00
7.508250440136814419e+00
7.510736548574187488e+00
7.513223480204023197e+00
7.515711235298892845e+00
7.518199814131460101e+00
7.520689216974478342e+00
7.523179444100791535e+00
7.525670495783334246e+00
7.528162372295130744e+00
7.530655073909295005e+00
7.533148600899033376e+00
7.535642953537641020e+00
7.538138132098502808e+00
7.540634136855098646e+00
7.543130968080994592e+00
7.545628626049849075e+00
7.548127111035409342e+00
7.550626423311515012e+00
7.553126563152097184e+00
7.555627530831173999e+00
7.558129326622859523e+00
7.560631950801353085e+00
7.563135403640949939e+00
7.565639685416032378e+00
7.568144796401073293e+00
7.570650736870642383e+00
7.573157507099393726e+00
7.575665107362073769e+00
7.578173537933522219e+00
7.580682799088666712e+00
7.583192891102529920e+00
7.585703814250220667e+00
7.588215568806942812e+00
7.590728155047989034e+00
7.593241573248744380e+00
7.595755823684686270e+00
7.598270906631379162e+00
7.600786822364481665e+00
7.603303571159745644e+00
7.605821153293010894e+00
7.608339569040210471e+00
7.610858818677366244e+00
7.613378902480595123e+00
7.615899820726101943e+00
7.618421573690185689e+00
7.620944161649235937e+00
7.623467584879731973e+00
7.625991843658248115e+00
7.628516938261448388e+00
7.631042868966084747e+00
7.633569636049009510e+00
7.636097239787160262e+00
7.638625680457566069e+00
7.641154958337351033e+00
7.643685073703728960e+00
7.646216026834005142e+00
7.648747818005577237e+00
7.651280447495935277e+00
7.653813915582660776e+00
7.656348222543427617e+00
7.658883368656000279e+00
7.661419354198235609e+00
7.663956179448082828e+00
7.666493844683586190e+00
7.669032350182876989e+00
7.671571696224180670e+00
7.674111883085815045e+00
7.676652911046190297e+00
7.679194780383808094e+00
7.681737491377263360e+00
7.684281044305240727e+00
7.686825439446520747e+00
7.689370677079973682e+00
7.691916757484563050e+00
7.694463680939342076e+00
7.697011447723463462e+00
7.699560058116166061e+00
7.702109512396781987e+00
7.704659810844738388e+00
7.707210953739551229e+00
7.709762941360832400e+00
7.712315773988285272e+00
7.714869451901704700e+00
7.717423975380979684e+00
7.719979344706091595e+00
7.722535560157114176e+00
7.725092622014213539e+00
7.727650530557647279e+00
7.730209286067771579e+00
7.732768888825028775e+00
7.735329339109958013e+00
7.737890637203189037e+00
7.740452783385445734e+00
7.743015777937545252e+00
7.745579621140395332e+00
7.748144313275000528e+00
7.750709854622455985e+00
7.753276245463950112e+00
7.755843486080764571e+00
7.758411576754272510e+00
7.760980517765946551e+00
7.763550309397345472e+00
7.766120951930123084e+00
7.768692445646029121e+00
7.771264790826902136e+00
7.773837987754679268e+00
7.776412036711386477e+00
7.778986937979145644e+00
7.781562691840171020e+00
7.784139298576771004e+00
7.786716758471346367e+00
7.789295071806392912e+00
7.791874238864496149e+00
7.794454259928343731e+00
7.797035135280708573e+00
7.799616865204459515e+00
7.802199449982560431e+00
7.804782889898066678e+00
7.807367185234130424e+00
7.809952336273995321e+00
7.812538343300998278e+00
7.815125206598573016e+00
7.817712926450242961e+00
7.820301503139629240e+00
7.822890936950444463e+00
7.825481228166494496e+00
7.828072377071684684e+00
7.830664383950007412e+00
7.833257249085553653e+00
7.835850972762505862e+00
7.838445555265141529e+00
7.841040996877832292e+00
7.843637297885044823e+00
7.846234458571338166e+00
7.848832479221367286e+00
7.851431360119879521e+00
7.854031101551719907e+00
7.856631703801821409e+00
7.859233167155220023e+00
7.861835491897040562e+00
7.864438678312501985e+00
7.867042726686919174e+00
7.869647637305702048e+00
7.872253410454353784e+00
7.874860046418473480e+00
7.877467545483751721e+00
7.880075907935977675e+00
7.882685134061032883e+00
7.885295224144894810e+00
7.887906178473632401e+00
7.890517997333412303e+00
7.893130681010497973e+00
7.895744229791243463e+00
7.898358643962099634e+00
7.900973923809610611e+00
7.903590069620417324e+00
7.906207081681253968e+00
7.908824960278952432e+00
7.911443705700435203e+00
7.914063318232724242e+00
7.916683798162933883e+00
7.919305145778274380e+00
7.921927361366048359e+00
7.924550445213660588e+00
7.927174397608605538e+00
7.929799218838471830e+00
7.932424909190946671e+00
7.935051468953810527e+00
7.937678898414940676e+00
7.940307197862308541e+00
7.942936367583981472e+00
7.945566407868120962e+00
7.948197319002986205e+00
7.950829101276929656e+00
7.953461754978401466e+00
7.956095280395942382e+00
7.958729677818197068e+00
7.961364947533899006e+00
7.964001089831878488e+00
7.966638105001064396e+00
7.969275993330477093e+00
7.971914755109234640e+00
7.974554390626551914e+00
7.977194900171738823e+00
7.979836284034198535e+00
7.982478542503434582e+00
7.985121675869043756e+00
7.987765684420715218e+00
7.990410568448243822e+00
7.993056328241511466e+00
7.995702964090498632e+00
7.998350476285282618e+00
8.000998865116036640e+00
8.003648130873029842e+00
8.006298273846626401e+00
8.008949294327287305e+00
8.011601192605571242e+00
8.014253968972131048e+00
8.016907623717717257e+00
8.019562157133174551e+00
8.022217569509445312e+00
8.024873861137569619e+00
8.027531032308683479e+00
8.030189083314017040e+00
8.032848014444898155e+00
8.035507825992750597e+00
8.038168518249097616e+00
8.040830091505554833e+00
8.043492546053835568e+00
8.046155882185752617e+00
8.048820100193211147e+00
8.051485200368217576e+00
8.054151183002868919e+00
8.056818048389363440e+00
8.059485796819997105e+00
8.062154428587160027e+00
8.064823943983340016e+00
8.067494343301120807e+00
8.070165626833183836e+00
8.072837794872308237e+00
8.075510847711367290e+00
8.078184785643335530e+00
8.080859608961279861e+00
8.083535317958368438e+00
8.086211912927863565e+00
8.088889394163125246e+00
8.091567761957612959e+00
8.094247016604880329e+00
8.096927158398578683e+00
8.099608187632457046e+00
8.102290104600363918e+00
8.104972909596240171e+00
8.107656602914129707e+00
8.110341184848168794e+00
8.113026655692593181e+00
8.115713015741738090e+00
8.118400265290031115e+00
8.121088404632004654e+00
8.123777434062278147e+00
8.126467353875581168e+00
8.129158164366732109e+00
8.131849865830648838e+00
8.134542458562350475e+00
8.137235942856946735e+00
8.139930319009650361e+00
8.142625587315771796e+00
8.145321748070717405e+00
8.148018801569991254e+00
8.150716748109196885e+00
8.153415587984035540e+00
8.156115321490302605e+00
8.158815948923900052e+00
8.161517470580818667e+00
8.164219886757150491e+00
8.166923197749088814e+00
8.169627403852919301e+00
8.172332505365028865e+00
8.175038502581903899e+00
8.177745395800126715e+00
8.180453185316377329e+00
8.183161871427437006e+00
8.185871454430181160e+00
8.188581934621588232e+00
8.191293312298729035e+00
8.194005587758780962e+00
8.196718761299013778e+00
8.199432833216793171e+00
8.202147803809593185e+00
8.204863673374974908e+00
8.207580442210606009e+00
8.210298110614248301e+00
8.213016678883766630e+00
8.215736147317119986e+00
8.218456516212368612e+00
8.221177785867668675e+00
8.223899956581277593e+00
8.226623028651552261e+00
8.229347002376947273e+00
8.232071878056016700e+00
8.234797655987408760e+00
8.237524336469878250e+00
8.240251919802274116e+00
8.242980406283544781e+00
8.245709796212736364e+00
8.248440089888999793e+00
8.251171287611576588e+00
8.253903389679814850e+00
8.256636396393156829e+00
8.259370308051144249e+00
8.262105124953423640e+00
8.264840847399735679e+00
8.267577475689920519e+00
8.270315010123917787e+00
8.273053451001768366e+00
8.275792798623609059e+00
8.278533053289679700e+00
8.281274215300317820e+00
8.284016284955960430e+00
8.286759262557142236e+00
8.289503148404502753e+00
8.292247942798775640e+00
8.294993646040794033e+00
8.297740258431497651e+00
8.300487780271916805e+00
8.303236211863188387e+00
8.305985553506545216e+00
8.308735805503319582e+00
8.311486968154946808e+00
8.314239041762959914e+00
8.316992026628991397e+00
8.319745923054773229e+00
8.322500731342138636e+00
8.325256451793022094e+00
8.328013084709452230e+00
8.330770630393567799e+00
8.333529089147598157e+00
8.336288461273875683e+00
8.339048747074834012e+00
8.341809946853006252e+00
8.344572060911026767e+00
8.347335089551627618e+00
8.350099033077642119e+00
8.352863891792006612e+00
8.355629665997753364e+00
8.358396355998017668e+00
8.361163962096034297e+00
8.363932484595135719e+00
8.366701923798764540e+00
8.369472280010452181e+00
8.372243553533838423e+00
8.375015744672657192e+00
8.377788853730748997e+00
8.380562881012052046e+00
8.383337826820605798e+00
8.386113691460547415e+00
8.388890475236120636e+00
8.391668178451666904e+00
8.394446801411625358e+00
8.397226344420539945e+00
8.400006807783055862e+00
8.402788191803917783e+00
8.405570496787969859e+00
8.408353723040159267e+00
8.411137870865532662e+00
8.413922940569239728e+00
8.416708932456529624e+00
8.419495846832752761e+00
8.422283684003359028e+00
8.425072444273904892e+00
8.427862127950040971e+00
8.430652735337522685e+00
8.433444266742206707e+00
8.436236722470054517e+00
8.439030102827119961e+00
8.441824408119567025e+00
8.444619638653653837e+00
8.447415794735746886e+00
8.450212876672310358e+00
8.453010884769907918e+00
8.455809819335209809e+00
8.458609680674982201e+00
8.461410469096097842e+00
8.464212184905528957e+00
8.467014828410347249e+00
8.469818399917732776e+00
8.472622899734959745e+00
8.475428328169407166e+00
8.478234685528557080e+00
8.481041972119991001e+00
8.483850188251393476e+00
8.486659334230552076e+00
8.489469410365353852e+00
8.492280416963788880e+00
8.495092354333952045e+00
8.497905222784034152e+00
8.500719022622332588e+00
8.503533754157244218e+00
8.506349417697272486e+00
8.509166013551020313e+00
8.511983542027190097e+00
8.514802003434589039e+00
8.517621398082129147e+00
8.520441726278818351e+00
8.523262988333771162e+00
8.526085184556206897e+00
8.528908315255440797e+00
8.531732380740896460e+00
8.534557381322095182e+00
8.537383317308661290e+00
8.540210189010329245e+00
8.543037996736924100e+00
8.545866740798384598e+00
8.548696421504743626e+00
8.551527039166140653e+00
8.554358594092818180e+00
8.557191086595119955e+00
8.560024516983494536e+00
8.562858885568488176e+00
8.565694192660757267e+00
8.568530438571055896e+00
8.571367623610242958e+00
8.574205748089276824e+00
8.577044812319227773e+00
8.579884816611258458e+00
8.582725761276641663e+00
8.585567646626751426e+00
8.588410472973061260e+00
8.591254240627153038e+00
8.594098949900709883e+00
8.596944601105517947e+00
8.599791194553464635e+00
8.602638730556543933e+00
8.605487209426852857e+00
8.608336631476589673e+00
8.611186997018052125e+00
8.614038306363655195e+00
8.616890559825904461e+00
8.619743757717412080e+00
8.622597900350893241e+00
8.625452988039171487e+00
8.628309021095168063e+00
8.631165999831910796e+00
8.634023924562530539e+00
8.636882795600261176e+00
8.639742613258443171e+00
8.642603377850514690e+00
8.645465089690022253e+00
8.648327749090620742e+00
8.651191356366057406e+00
8.654055911830193182e+00
8.656921415796988484e+00
8.659787868580508530e+00
8.662655270494921567e+00
8.665523621854502423e+00
8.668392922973627179e+00
8.671263174166776722e+00
8.674134375748538517e+00
8.677006528033599508e+00
8.679879631336756773e+00
8.682753685972905089e+00
8.685628692257051142e+00
8.688504650504299320e+00
8.691381561029860592e+00
8.694259424149048954e+00
8.697138240177286761e+00
8.700018009430097621e+00
8.702898732223109945e+00
8.705780408872056952e+00
8.708663039692776664e+00
8.711546625001210131e+00
8.714431165113406763e+00
8.717316660345513668e+00
8.720203111013793418e+00
8.723090517434602731e+00
8.725978879924410236e+00
8.728868198799784039e+00
8.731758474377400603e+00
8.734649706974039418e+00
8.737541896906586558e+00
8.740435044492032901e+00
8.743329150047472353e+00
8.746224213890103627e+00
8.749120236337233791e+00
8.752017217706272945e+00
8.754915158314732437e+00
8.757814058480239083e+00
8.760713918520515620e+00
8.763614738753391364e+00
8.766516519496803994e+00
8.769419261068792437e+00
8.772322963787505756e+00
8.775227627971196043e+00
8.778133253938218417e+00
8.781039842007038132e+00
8.783947392496219919e+00
8.786855905724440419e+00
8.789765382010475747e+00
8.792675821673213932e+00
8.795587225031644252e+00
8.798499592404862568e+00
8.801412924112069547e+00
8.804327220472574211e+00
8.807242481805786838e+00
8.810158708431229613e+00
8.813075900668524199e+00
8.815994058837400615e+00
8.818913183257699018e+00
8.821833274249357260e+00
8.824754332132425105e+00
8.827676357227055348e+00
8.830599349853510915e+00
8.833523310332157763e+00
8.836448238983464876e+00
8.839374136128013149e+00
8.842301002086486506e+00
8.845228837179675452e+00
8.848157641728477074e+00
8.851087416053893264e+00
8.854018160477034272e+00
8.856949875319116927e+00
8.859882560901462867e+00
8.862816217545498532e+00
8.865750845572758720e+00
8.868686445304888366e+00
8.871623017063633654e+00
8.874560561170849127e+00
8.877499077948494133e+00
8.880438567718638154e+00
8.883379030803455478e+00
8.886320467525225197e+00
8.889262878206336538e+00
8.892206263169283531e+00
8.895150622736668566e+00
8.898095957231197062e+00
8.901042266975682793e+00
8.903989552293051446e+00
8.906937813506329960e+00
8.909887050938655406e+00
8.912837264913267887e+00
8.915788455753517638e+00
8.918740623782863253e+00
8.921693769324866352e+00
8.924647892703196916e+00
8.927602994241636836e+00
8.930559074264069253e+00
8.933516133094485667e+00
8.936474171056987714e+00
8.939433188475780057e+00
8.942393185675181044e+00
8.945354162979610280e+00
8.948316120713597499e+00
8.951279059201780797e+00
8.954242978768901295e+00
8.957207879739812029e+00
8.960173762439474388e+00
8.963140627192952792e+00
8.966108474325423572e+00
8.969077304162167863e+00
8.972047117028575158e+00
8.975017913250143309e+00
8.977989693152480299e+00
8.980962457061297144e+00
8.983936205302414990e+00
8.986910938201765120e+00
8.989886656085380068e+00
8.992863359279409607e+00
8.995841048110104765e+00
8.998819722903824925e+00
9.001799383987041381e+00
9.004780031686328456e+00
9.007761666328374162e+00
9.010744288239971311e+00
9.013727897748017526e+00
9.016712495179529441e+00
9.019698080861623168e+00
9.022684655121521402e+00
9.025672218286562298e+00
9.028660770684188819e+00
9.031650312641952283e+00
9.034640844487512368e+00
9.037632366548637108e+00
9.040624879153202897e+00
9.043618382629198038e+00
9.046612877304715639e+00
9.049608363507955389e+00
9.052604841567235994e+00
9.055602311810972083e+00
9.058600774567693747e+00
9.061600230166039438e+00
9.064600678934755962e+00
9.067602121202696708e+00
9.070604557298828752e+00
9.073607987552225751e+00
9.076612412292066168e+00
9.079617831847645704e+00
9.082624246548361313e+00
9.085631656723723637e+00
9.088640062703348121e+00
9.091649464816969228e+00
9.094659863394417343e+00
9.097671258765643643e+00
9.100683651260698781e+00
9.103697041209750651e+00
9.106711428943070175e+00
9.109726814791041960e+00
9.112743199084158974e+00
9.115760582153024316e+00
9.118778964328345893e+00
9.121798345940948849e+00
9.124818727321757805e+00
9.127840108801819952e+00
9.130862490712281954e+00
9.133885873384404164e+00
9.136910257149553516e+00
9.139935642339208854e+00
9.142962029284962711e+00
9.145989418318508868e+00
9.149017809771656573e+00
9.152047203976325207e+00
9.155077601264542508e+00
9.158109001968446350e+00
9.161141406420282962e+00
9.164174814952410486e+00
9.167209227897298973e+00
9.170244645587525056e+00
9.173281068355779055e+00
9.176318496534854319e+00
9.179356930457664987e+00
9.182396370457226453e+00
9.185436816866667797e+00
9.188478270019228233e+00
9.191520730248258886e+00
9.194564197887219237e+00
9.197608673269678903e+00
9.200654156729319411e+00
9.203700648599928869e+00
9.206748149215416177e+00
9.209796658909787936e+00
9.212846178017171539e+00
9.215896706871795629e+00
9.218948245808009645e+00
9.222000795160264275e+00
9.225054355263129224e+00
9.228108926451277227e+00
9.231164509059500034e+00
9.234221103422690646e+00
9.237278709875862859e+00
9.240337328754131718e+00
9.243396960392734840e+00
9.246457605127009316e+00
9.249519263292411253e+00
9.252581935224501564e+00
9.255645621258958400e+00
9.258710321731566495e+00
9.261776036978224269e+00
9.264842767334942053e+00
9.267910513137834982e+00
9.270979274723138985e+00
9.274049052427196571e+00
9.277119846586458607e+00
9.280191657537491423e+00
9.283264485616975037e+00
9.286338331161696047e+00
9.289413194508552962e+00
9.292489075994559755e+00
9.295565975956836979e+00
9.298643894732622428e+00
9.301722832659258700e+00
9.304802790074205632e+00
9.307883767315034973e+00
9.310965764719425053e+00
9.314048782625169665e+00
9.317132821370174511e+00
9.320217881292458983e+00
9.323303962730149053e+00
9.326391066021487930e+00
9.329479191504827185e+00
9.332568339518632072e+00
9.335658510401479759e+00
9.338749704492059323e+00
9.341841922129173525e+00
9.344935163651733490e+00
9.348029429398767576e+00
9.351124719709410726e+00
9.354221034922916900e+00
9.357318375378643083e+00
9.360416741416070607e+00
9.363516133374783834e+00
9.366616551594482587e+00
9.369717996414980377e+00
9.372820468176200848e+00
9.375923967218181332e+00
9.379028493881072848e+00
9.382134048505138324e+00
9.385240631430750824e+00
9.388348242998400650e+00
9.391456883548688239e+00
9.394566553422324162e+00
9.397677252960138006e+00
9.400788982503069491e+00
9.403901742392168472e+00
9.407015532968600269e+00
9.410130354573643885e+00
9.413246207548690236e+00
9.416363092235242149e+00
9.419481008974917913e+00
9.422599958109445950e+00
9.425719939980671924e+00
9.428840954930551632e+00
9.431963003301154558e+00
9.435086085434660319e+00
9.438210201673371103e+00
9.441335352359695676e+00
9.444461537836154719e+00
9.447588758445386148e+00
9.450717014530138016e+00
9.453846306433275615e+00
9.456976634497776146e+00
9.460107999066728723e+00
9.463240400483337922e+00
9.466373839090922004e+00
9.469508315232912921e+00
9.472643829252854530e+00
9.475780381494402604e+00
9.478917972301337258e+00
9.482056602017539859e+00
9.485196270987012568e+00
9.488336979553869455e+00
9.491478728062338277e+00
9.494621516856762256e+00
9.497765346281596521e+00
9.500910216681411669e+00
9.504056128400891978e+00
9.507203081784835419e+00
9.510351077178155421e+00
9.513500114925877327e+00
9.516650195373145493e+00
9.519801318865214412e+00
9.522953485747452262e+00
9.526106696365344462e+00
9.529260951064488339e+00
9.532416250190598461e+00
9.535572594089501308e+00
9.538729983107137045e+00
9.541888417589564853e+00
9.545047897882954047e+00
9.548208424333591182e+00
9.551369997287876501e+00
9.554532617092322155e+00
9.557696284093562866e+00
9.560860998638341712e+00
9.564026761073515459e+00
9.567193571746061664e+00
9.570361431003066244e+00
9.573530339191735905e+00
9.576700296659389267e+00
9.579871303753456857e+00
9.583043360821493550e+00
9.586216468211157249e+00
9.589390626270231976e+00
9.592565835346606562e+00
9.595742095788297732e+00
9.598919407943427018e+00
9.602097772160234967e+00
9.605277188787074039e+00
9.608457658172419258e+00
9.611639180664854010e+00
9.614821756613080694e+00
9.618005386365915399e+00
9.621190070272291450e+00
9.624375808681257638e+00
9.627562601941976439e+00
9.630750450403727569e+00
9.633939354415902656e+00
9.637129314328017671e+00
9.640320330489696943e+00
9.643512403250680265e+00
9.646705532960829999e+00
9.649899719970115086e+00
9.653094964628628816e+00
9.656291267286574609e+00
9.659488628294273127e+00
9.662687048002164047e+00
9.665886526760800734e+00
9.669087064920852015e+00
9.672288662833100403e+00
9.675491320848452759e+00
9.678695039317926074e+00
9.681899818592652807e+00
9.685105659023884428e+00
9.688312560962989650e+00
9.691520524761447319e+00
9.694729550770860627e+00
9.697939639342944673e+00
9.701150790829531800e+00
9.704363005582569812e+00
9.707576283954125529e+00
9.710790626296379457e+00
9.714006032961629344e+00
9.717222504302295505e+00
9.720440040670906612e+00
9.723658642420112130e+00
9.726878309902676989e+00
9.730099043471483355e+00
9.733320843479530637e+00
9.736543710279933705e+00
9.739767644225928223e+00
9.742992645670861762e+00
9.746218714968202690e+00
9.749445852471534835e+00
9.752674058534557489e+00
9.755903333511087183e+00
9.759133677755066572e+00
9.762365091620541335e+00
9.765597575461685054e+00
9.768831129632783217e+00
9.772065754488238554e+00
9.775301450382574586e+00
9.778538217670430299e+00
9.781776056706563693e+00
9.785014967845844680e+00
9.788254951443267515e+00
9.791496007853940142e+00
9.794738137433087743e+00
9.797981340536059847e+00
9.801225617518312561e+00
9.804470968735429892e+00
9.807717394543105982e+00
9.810964895297157540e+00
9.814213471353514961e+00
9.817463123068232989e+00
9.820713850797476496e+00
9.823965654897534705e+00
9.827218535724810522e+00
9.830472493635827647e+00
9.833727528987225242e+00
9.836983642135761485e+00
9.840240833438317125e+00
9.843499103251883042e+00
9.846758451933574463e+00
9.850018879840623853e+00
9.853280387330377366e+00
9.856542974760307274e+00
9.859806642487995987e+00
9.863071390871152033e+00
9.866337220267595853e+00
9.869604131035270456e+00
9.872872123532234312e+00
9.876141198116666686e+00
9.879411355146869411e+00
9.882682594981254454e+00
9.885954917978356349e+00
9.889228324496830425e+00
9.892502814895447472e+00
9.895778389533100849e+00
9.899055048768797604e+00
9.902332792961665575e+00
9.905611622470956945e+00
9.908891537656034032e+00
9.912172538876383499e+00
9.915454626491612800e+00
9.918737800861439524e+00
9.922022062345710935e+00
9.925307411304389760e+00
9.928593848097555963e+00
9.931881373085408526e+00
9.935169986628269001e+00
9.938459689086576176e+00
9.941750480820886082e+00
9.945042362191877316e+00
9.948335333560349270e+00
9.951629395287216795e+00
9.954924547733513762e+00
9.958220791260396609e+00
9.961518126229144343e+00
9.964816553001149657e+00
9.968116071937927813e+00
9.971416683401109537e+00
9.974718387752453452e+00
9.978021185353828315e+00
9.981325076567232557e+00
9.984630061754776520e+00
9.987936141278693114e+00
9.991243315501337818e+00
9.994551584785183351e+00
9.997860949492821447e+00
1.000117140998696641e+01
1.000448296663044623e+01
1.000779561978623100e+01
1.001110936981737254e+01
1.001442421708708430e+01
1.001774016195866324e+01
1.002105720479556261e+01
1.002437534596131563e+01
1.002769458581962070e+01
1.003101492473424905e+01
1.003433636306914245e+01
1.003765890118831194e+01
1.004098253945593733e+01
1.004430727823627656e+01
1.004763311789374924e+01
1.005096005879284959e+01
1.005428810129824235e+01
1.005761724577466509e+01
1.006094749258702059e+01
1.006427884210028978e+01
1.006761129467960636e+01
1.007094485069022483e+01
1.007427951049748671e+01
1.007761527446690053e+01
1.008095214296405118e+01
1.008429011635468875e+01
1.008762919500464150e+01
1.009096937927989757e+01
1.009431066954653033e+01
1.009765306617077130e+01
1.010099656951893365e+01
1.010434117995749226e+01
1.010768689785300545e+01
1.011103372357218788e+01
1.011438165748184126e+01
1.011773069994892538e+01
1.012108085134048174e+01
1.012443211202371351e+01
1.012778448236590734e+01
1.013113796273450973e+01
1.013449255349704892e+01
1.013784825502121478e+01
1.014120506767477892e+01
1.014456299182567633e+01
1.014792202784192021e+01
1.015128217609168182e+01
1.015464343694324612e+01
1.015800581076499753e+01
1.016136929792547683e+01
1.016473389879331179e+01
1.016809961373728832e+01
1.017146644312627579e+01
1.017483438732930523e+01
1.017820344671549115e+01
1.018157362165410973e+01
1.018494491251451883e+01
1.018831731966623799e+01
1.019169084347887200e+01
1.019506548432218729e+01
1.019844124256602669e+01
1.020181811858040533e+01
1.020519611273541116e+01
1.020857522540130446e+01
1.021195545694842011e+01
1.021533680774725816e+01
1.021871927816840397e+01
1.022210286858260275e+01
1.022548757936067965e+01
1.022887341087363211e+01
1.023226036349252865e+01
1.023564843758859944e+01
1.023903763353319540e+01
1.024242795169775633e+01
1.024581939245389073e+01
1.024921195617328706e+01
1.025260564322779722e+01
1.025600045398935478e+01
1.025939638883006211e+01
1.026279344812209615e+01
1.026619163223780440e+01
1.026959094154961427e+01
1.027299137643011839e+01
1.027639293725198932e+01
1.027979562438806838e+01
1.028319943821127325e+01
1.028660437909469216e+01
1.029001044741149329e+01
1.029341764353500643e+01
1.029682596783865023e+01
1.030023542069600495e+01
1.030364600248072904e+01
1.030705771356665501e+01
1.031047055432768822e+01
1.031388452513790810e+01
1.031729962637147047e+01
1.032071585840268746e+01
1.032413322160599556e+01
1.032755171635592539e+01
1.033097134302717102e+01
1.033439210199450820e+01
1.033781399363288500e+01
1.034123701831732234e+01
1.034466117642301342e+01
1.034808646832523316e+01
1.035151289439941991e+01
1.035494045502109728e+01
1.035836915056595409e+01
1.036179898140976263e+01
1.036522994792845687e+01
1.036866205049806133e+01
1.037209528949476045e+01
1.037552966529482212e+01
1.037896517827468479e+01
1.038240182881086504e+01
1.038583961728005001e+01
1.038927854405900497e+01
1.039271860952466575e+01
1.039615981405404987e+01
1.039960215802434007e+01
1.040304564181280611e+01
1.040649026579687053e+01
1.040993603035408022e+01
1.041338293586207975e+01
1.041683098269867536e+01
1.042028017124176209e+01
1.042373050186939665e+01
1.042718197495972277e+01
1.043063459089105116e+01
1.043408835004177249e+01
1.043754325279044970e+01
1.044099929951572392e+01
1.044445649059640679e+01
1.044791482641139169e+01
1.045137430733974426e+01
1.045483493376060657e+01
1.045829670605329120e+01
1.046175962459719599e+01
1.046522368977188577e+01
1.046868890195700708e+01
1.047215526153237519e+01
1.047562276887789068e+01
1.047909142437361929e+01
1.048256122839971205e+01
1.048603218133648873e+01
1.048950428356435260e+01
1.049297753546386147e+01
1.049645193741570282e+01
1.049992748980065649e+01
1.050340419299967465e+01
1.050688204739378584e+01
1.051036105336419268e+01
1.051384121129218308e+01
1.051732252155920655e+01
1.052080498454680324e+01
1.052428860063668026e+01
1.052777337021062642e+01
1.053125929365060109e+01
1.053474637133864888e+01
1.053823460365697962e+01
1.054172399098789370e+01
1.054521453371385142e+01
1.054870623221740722e+01
1.055219908688127539e+01
1.055569309808826262e+01
1.055918826622133899e+01
1.056268459166356166e+01
1.056618207479815474e+01
1.056968071600843118e+01
1.057318051567787087e+01
1.057668147419003546e+01
1.058018359192864821e+01
1.058368686927756031e+01
1.058719130662071706e+01
1.059069690434223432e+01
1.059420366282630788e+01
1.059771158245731293e+01
1.060122066361969750e+01
1.060473090669808904e+01
1.060824231207719670e+01
1.061175488014189661e+01
1.061526861127715371e+01
1.061878350586810171e+01
1.062229956429995958e+01
1.062581678695811505e+01
1.062933517422804286e+01
1.063285472649538477e+01
1.063637544414587133e+01
1.063989732756540185e+01
1.064342037713996092e+01
1.064694459325570364e+01
1.065046997629887038e+01
1.065399652665587027e+01
1.065752424471319948e+01
1.066105313085752648e+01
1.066458318547560147e+01
1.066811440895433805e+01
1.067164680168077417e+01
1.067518036404204906e+01
1.067871509642546712e+01
1.068225099921842336e+01
1.068578807280847975e+01
1.068932631758328533e+01
1.069286573393066320e+01
1.069640632223851640e+01
1.069994808289492561e+01
1.070349101628804966e+01
1.070703512280622505e+01
1.071058040283787172e+01
1.071412685677158194e+01
1.071767448499603148e+01
1.072122328790007195e+01
1.072477326587263491e+01
1.072832441930282776e+01
1.073187674857984319e+01
1.073543025409304796e+01
1.073898493623188699e+01
1.074254079538598639e+01
1.074609783194505397e+01
1.074965604629896809e+01
1.075321543883769593e+01
1.075677600995136629e+01
1.076033776003023412e+01
1.076390068946465384e+01
1.076746479864515216e+01
1.077103008796233929e+01
1.077459655780700309e+01
1.077816420857001312e+01
1.078173304064241123e+01
1.078530305441532988e+01
1.078887425028007030e+01
1.079244662862802073e+01
1.079602018985074530e+01
1.079959493433989159e+01
1.080317086248727776e+01
1.080674797468481430e+01
1.081032627132458224e+01
1.081390575279874788e+01
1.081748641949964984e+01
1.082106827181971731e+01
1.082465131015155002e+01
1.082823553488783297e+01
1.083182094642142879e+01
1.083540754514528359e+01
1.083899533145251759e+01
1.084258430573633802e+01
1.084617446839011556e+01
1.084976581980734878e+01
1.085335836038163571e+01
1.085695209050675025e+01
1.086054701057654981e+01
1.086414312098506763e+01
1.086774042212642044e+01
1.087133891439490441e+01
1.087493859818489916e+01
1.087853947389096021e+01
1.088214154190772831e+01
1.088574480263001831e+01
1.088934925645273566e+01
1.089295490377095810e+01
1.089656174497984686e+01
1.090016978047474616e+01
1.090377901065107835e+01
1.090738943590444521e+01
1.091100105663053554e+01
1.091461387322521404e+01
1.091822788608442707e+01
1.092184309560430400e+01
1.092545950218105588e+01
1.092907710621107142e+01
1.093269590809082281e+01
1.093631590821695099e+01
1.093993710698622657e+01
1.094355950479551964e+01
1.094718310204187262e+01
1.095080789912242025e+01
1.095443389643446608e+01
1.095806109437540599e+01
1.096168949334281351e+01
1.096531909373434388e+01
1.096894989594782999e+01
1.097258190038119707e+01
1.097621510743253914e+01
1.097984951750004257e+01
1.098348513098206958e+01
1.098712194827706590e+01
1.099075996978365843e+01
1.099439919590056114e+01
1.099803962702666027e+01
1.100168126356093268e+01
1.100532410590253463e+01
1.100896815445070409e+01
1.101261340960485846e+01
1.101625987176450572e+01
1.101990754132932615e+01
1.102355641869908887e+01
1.102720650427373172e+01
1.103085779845332226e+01
1.103451030163802571e+01
1.103816401422819027e+01
1.104181893662424407e+01
1.104547506922680000e+01
1.104913241243655264e+01
1.105279096665437955e+01
1.105645073228123998e+01
1.106011170971827795e+01
1.106377389936672095e+01
1.106743730162797412e+01
1.107110191690353140e+01
1.107476774559506438e+01
1.107843478810433524e+01
1.108210304483328201e+01
1.108577251618392800e+01
1.108944320255847948e+01
1.109311510435922798e+01
1.109678822198864445e+01
1.110046255584928865e+01
1.110413810634389797e+01
1.110781487387529509e+01
1.111149285884648741e+01
1.111517206166056404e+01
1.111885248272078819e+01
1.112253412243054917e+01
1.112621698119334290e+01
1.112990105941283936e+01
1.113358635749279912e+01
1.113727287583716219e+01
1.114096061484995381e+01
1.114464957493538222e+01
1.114833975649774267e+01
1.115203115994150984e+01
1.115572378567124368e+01
1.115941763409168885e+01
1.116311270560767532e+01
1.116680900062421422e+01
1.117050651954640550e+01
1.117420526277952497e+01
1.117790523072894082e+01
1.118160642380020064e+01
1.118530884239893908e+01
1.118901248693097372e+01
1.119271735780220922e+01
1.119642345541872608e+01
1.120013078018670072e+01
1.120383933251248720e+01
1.120754911280252664e+01
1.121126012146342887e+01
1.121497235890194055e+01
1.121868582552490778e+01
1.122240052173935965e+01
1.122611644795240693e+01
1.122983360457135049e+01
1.123355199200357291e+01
1.123727161065663971e+01
1.124099246093820881e+01
1.124471454325611219e+01
1.124843785801827956e+01
1.125216240563281289e+01
1.125588818650791012e+01
1.125961520105194502e+01
1.126334344967338552e+01
1.126707293278087718e+01
1.127080365078315793e+01
1.127453560408914335e+01
1.127826879310784136e+01
1.128200321824843932e+01
1.128573887992021518e+01
1.128947577853262985e+01
1.129321391449523126e+01
1.129695328821774858e+01
1.130069390011000507e+01
1.130443575058199990e+01
1.130817884004382456e+01
1.131192316890574290e+01
1.131566873757815372e+01
1.131941554647155179e+01
1.132316359599662192e+01
1.132691288656413420e+01
1.133066341858504167e+01
1.133441519247038798e+01
1.133816820863139618e+01
1.134192246747938526e+01
1.134567796942585005e+01
1.134943471488237954e+01
1.135319270426074212e+01
1.135695193797280211e+01
1.136071241643059970e+01
1.136447414004626744e+01
1.136823710923212438e+01
1.137200132440057310e+01
1.137576678596420621e+01
1.137953349433569983e+01
1.138330144992791659e+01
1.138707065315381151e+01
1.139084110442651898e+01
1.139461280415926403e+01
1.139838575276545818e+01
1.140215995065860000e+01
1.140593539825236036e+01
1.140971209596055047e+01
1.141349004419707747e+01
1.141726924337603855e+01
1.142104969391161795e+01
1.142483139621818466e+01
1.142861435071019471e+01
1.143239855780229597e+01
1.143618401790921801e+01
1.143997073144588228e+01
1.144375869882729368e+01
1.144754792046864722e+01
1.145133839678522492e+01
1.145513012819249354e+01
1.145892311510601225e+01
1.146271735794152491e+01
1.146651285711486423e+01
1.147030961304204766e+01
1.147410762613918500e+01
1.147790689682256904e+01
1.148170742550858492e+01
1.148550921261380253e+01
1.148931225855488236e+01
1.149311656374866786e+01
1.149692212861209661e+01
1.150072895356227853e+01
1.150453703901646030e+01
1.150834638539199339e+01
1.151215699310641227e+01
1.151596886257734731e+01
1.151978199422260829e+01
1.152359638846009915e+01
1.152741204570790856e+01
1.153122896638421757e+01
1.153504715090739374e+01
1.153886659969589346e+01
1.154268731316835783e+01
1.154650929174352392e+01
1.155033253584031172e+01
1.155415704587773362e+01
1.155798282227498675e+01
1.156180986545136058e+01
1.156563817582633114e+01
1.156946775381946502e+01
1.157329859985051534e+01
1.157713071433932939e+01
1.158096409770593560e+01
1.158479875037046014e+01
1.158863467275320858e+01
1.159247186527458773e+01
1.159631032835516962e+01
1.160015006241567015e+01
1.160399106787691181e+01
1.160783334515989651e+01
1.161167689468572384e+01
1.161552171687567814e+01
1.161936781215113790e+01
1.162321518093366457e+01
1.162706382364491553e+01
1.163091374070673467e+01
1.163476493254105470e+01
1.163861739957000019e+01
1.164247114221578627e+01
1.164632616090081108e+01
1.165018245604757396e+01
1.165404002807875372e+01
1.165789887741712505e+01
1.166175900448565095e+01
1.166562040970738323e+01
1.166948309350556556e+01
1.167334705630353220e+01
1.167721229852480569e+01
1.168107882059300096e+01
1.168494662293191766e+01
1.168881570596545671e+01
1.169268607011768424e+01
1.169655771581281556e+01
1.170043064347516726e+01
1.170430485352924066e+01
1.170818034639963834e+01
1.171205712251114406e+01
1.171593518228863573e+01
1.171981452615718133e+01
1.172369515454194122e+01
1.172757706786826581e+01
1.173146026656159613e+01
1.173534475104756147e+01
1.173923052175188531e+01
1.174311757910048293e+01
1.174700592351935846e+01
1.175089555543470787e+01
1.175478647527281595e+01
1.175867868346016110e+01
1.176257218042331587e+01
1.176646696658903579e+01
1.177036304238417586e+01
1.177426040823577758e+01
1.177815906457097661e+01
1.178205901181709869e+01
1.178596025040156015e+01
1.178986278075195848e+01
1.179376660329603155e+01
1.179767171846162022e+01
1.180157812667676076e+01
1.180548582836957650e+01
1.180939482396838436e+01
1.181330511390159543e+01
1.181721669859781088e+01
1.182112957848572066e+01
1.182504375399421193e+01
1.182895922555226242e+01
1.183287599358903819e+01
1.183679405853380295e+01
1.184071342081600697e+01
1.184463408086519820e+01
1.184855603911111288e+01
1.185247929598358141e+01
1.185640385191262425e+01
1.186032970732835956e+01
1.186425686266109025e+01
1.186818531834121870e+01
1.187211507479933559e+01
1.187604613246612573e+01
1.187997849177246579e+01
1.188391215314932658e+01
1.188784711702785835e+01
1.189178338383935163e+01
1.189572095401520713e+01
1.189965982798701383e+01
1.190360000618645664e+01
1.190754148904541232e+01
1.191148427699585177e+01
1.191542837046993419e+01
1.191937376989991826e+01
1.192332047571825449e+01
1.192726848835748044e+01
1.193121780825033618e+01
1.193516843582964881e+01
1.193912037152843908e+01
1.194307361577982363e+01
1.194702816901711095e+01
1.195098403167370371e+01
1.195494120418319817e+01
1.195889968697928296e+01
1.196285948049584036e+01
1.196682058516684855e+01
1.197078300142647755e+01
1.197474672970899157e+01
1.197871177044884838e+01
1.198267812408059818e+01
1.198664579103897765e+01
1.199061477175886026e+01
1.199458506667523139e+01
1.199855667622326827e+01
1.200252960083824405e+01
1.200650384095562195e+01
1.201047939701096290e+01
1.201445626944002321e+01
1.201843445867864979e+01
1.202241396516288496e+01
1.202639478932886696e+01
1.203037693161292765e+01
1.203436039245149125e+01
1.203834517228118095e+01
1.204233127153871052e+01
1.204631869066098915e+01
1.205030743008502370e+01
1.205429749024801112e+01
1.205828887158724783e+01
1.206228157454021854e+01
1.206627559954451101e+01
1.207027094703790127e+01
1.207426761745826305e+01
1.207826561124366549e+01
1.208226492883227365e+01
1.208626557066243024e+01
1.209026753717262714e+01
1.209427082880146642e+01
1.209827544598773841e+01
1.210228138917033469e+01
1.210628865878833871e+01
1.211029725528093337e+01
1.211430717908748989e+01
1.211831843064748249e+01
1.212233101040057726e+01
1.212634491878653620e+01
1.213036015624531672e+01
1.213437672321697391e+01
1.213839462014175297e+01
1.214241384746000207e+01
1.214643440561226129e+01
1.215045629503916835e+01
1.215447951618155287e+01
1.215850406948034568e+01
1.216252995537667125e+01
1.216655717431174821e+01
1.217058572672699412e+01
1.217461561306392426e+01
1.217864683376424217e+01
1.218267938926975980e+01
1.218671328002245957e+01
1.219074850646448205e+01
1.219478506903806903e+01
1.219882296818566125e+01
1.220286220434979541e+01
1.220690277797320711e+01
1.221094468949872613e+01
1.221498793936937943e+01
1.221903252802828987e+01
1.222307845591877751e+01
1.222712572348426008e+01
1.223117433116835251e+01
1.223522427941476565e+01
1.223927556866740574e+01
1.224332819937027850e+01
1.224738217196758505e+01
1.225143748690362600e+01
1.225549414462289555e+01
1.225955214556998740e+01
1.226361149018969243e+01
1.226767217892689743e+01
1.227173421222668992e+01
1.227579759053424802e+01
1.227986231429495589e+01
1.228392838395428832e+01
1.228799579995790658e+01
1.229206456275162296e+01
1.229613467278135630e+01
1.230020613049322442e+01
1.230427893633344105e+01
1.230835309074842066e+01
1.231242859418467539e+01
1.231650544708891282e+01
1.232058364990793820e+01
1.232466320308875751e+01
1.232874410707847268e+01
1.233282636232438456e+01
1.233690996927389349e+01
1.234099492837459344e+01
1.234508124007418139e+01
1.234916890482055152e+01
1.235325792306169213e+01
1.235734829524579581e+01
1.236144002182115109e+01
1.236553310323624366e+01
1.236962753993965869e+01
1.237372333238018030e+01
1.237782048100669030e+01
1.238191898626827303e+01
1.238601884861410340e+01
1.239012006849355174e+01
1.239422264635612869e+01
1.239832658265146392e+01
1.240243187782938250e+01
1.240653853233980541e+01
1.241064654663285616e+01
1.241475592115875948e+01
1.241886665636793374e+01
1.242297875271090035e+01
1.242709221063837965e+01
1.243120703060118792e+01
1.243532321305034394e+01
1.243944075843696595e+01
1.244355966721236761e+01
1.244767993982796916e+01
1.245180157673538446e+01
1.245592457838632683e+01
1.246004894523271211e+01
1.246417467772655385e+01
1.246830177632006809e+01
1.247243024146556678e+01
1.247656007361556441e+01
1.248069127322267313e+01
1.248482384073970586e+01
1.248895777661957673e+01
1.249309308131538643e+01
1.249722975528038305e+01
1.250136779896793371e+01
1.250550721283159739e+01
1.250964799732504140e+01
1.251379015290212671e+01
1.251793368001681905e+01
1.252207857912328137e+01
1.252622485067577784e+01
1.253037249512877516e+01
1.253452151293683947e+01
1.253867190455473413e+01
1.254282367043732727e+01
1.254697681103968598e+01
1.255113132681697685e+01
1.255528721822457072e+01
1.255944448571793615e+01
1.256360312975274418e+01
1.256776315078476358e+01
1.257192454926996916e+01
1.257608732566443166e+01
1.258025148042442609e+01
1.258441701400632695e+01
1.258858392686671124e+01
1.259275221946225720e+01
1.259692189224982783e+01
1.260109294568644422e+01
1.260526538022923404e+01
1.260943919633553278e+01
1.261361439446277366e+01
1.261779097506859060e+01
1.262196893861072233e+01
1.262614828554710655e+01
1.263032901633578398e+01
1.263451113143499605e+01
1.263869463130308723e+01
1.264287951639860097e+01
1.264706578718018548e+01
1.265125344410669150e+01
1.265544248763706747e+01
1.265963291823046610e+01
1.266382473634614492e+01
1.266801794244356039e+01
1.267221253698226846e+01
1.267640852042203470e+01
1.268060589322272058e+01
1.268480465584439187e+01
1.268900480874721737e+01
1.269320635239156836e+01
1.269740928723791562e+01
1.270161361374692355e+01
1.270581933237940753e+01
1.271002644359629841e+01
1.271423494785872776e+01
1.271844484562793376e+01
1.272265613736535528e+01
1.272686882353253068e+01
1.273108290459120795e+01
1.273529838100322920e+01
1.273951525323064971e+01
1.274373352173562068e+01
1.274795318698049584e+01
1.275217424942773725e+01
1.275639670954000771e+01
1.276062056778006948e+01
1.276484582461089445e+01
1.276907248049555221e+01
1.277330053589731840e+01
1.277752999127957345e+01
1.278176084710589855e+01
1.278599310383997967e+01
1.279022676194570529e+01
1.279446182188706693e+01
1.279869828412826571e+01
1.280293614913359690e+01
1.280717541736755294e+01
1.281141608929478259e+01
1.281565816538004121e+01
1.281990164608830085e+01
1.282414653188462594e+01
1.282839282323429231e+01
1.283264052060267524e+01
1.283688962445535964e+01
1.284114013525802811e+01
1.284539205347657109e+01
1.284964537957698383e+01
1.285390011402546584e+01
1.285815625728831613e+01
1.286241380983204508e+01
1.286667277212326255e+01
1.287093314462878801e+01
1.287519492781553687e+01
1.287945812215063945e+01
1.288372272810132202e+01
1.288798874613502221e+01
1.289225617671927893e+01
1.289652502032183534e+01
1.290079527741054122e+01
1.290506694845345059e+01
1.290934003391872231e+01
1.291361453427472128e+01
1.291789044998991720e+01
1.292216778153296985e+01
1.292644652937269711e+01
1.293072669397803409e+01
1.293500827581812196e+01
1.293929127536220314e+01
1.294357569307973144e+01
1.294786152944026014e+01
1.295214878491355392e+01
1.295643745996947693e+01
1.296072755507810470e+01
1.296501907070961401e+01
1.296931200733438949e+01
1.297360636542291878e+01
1.297790214544590270e+01
1.298219934787413621e+01
1.298649797317863275e+01
1.299079802183050170e+01
1.299509949430106381e+01
1.299940239106174289e+01
1.300370671258417410e+01
1.300801245934009209e+01
1.301231963180144113e+01
1.301662823044027206e+01
1.302093825572884178e+01
1.302524970813951022e+01
1.302956258814483803e+01
1.303387689621753509e+01
1.303819263283043561e+01
1.304250979845657810e+01
1.304682839356910762e+01
1.305114841864137709e+01
1.305546987414684246e+01
1.305979276055917282e+01
1.306411707835213853e+01
1.306844282799971957e+01
1.307277000997600247e+01
1.307709862475527984e+01
1.308142867281195088e+01
1.308576015462062614e+01
1.309009307065601746e+01
1.309442742139304627e+01
1.309876320730674237e+01
1.310310042887234339e+01
1.310743908656518997e+01
1.311177918086083594e+01
1.311612071223493814e+01
1.312046368116336303e+01
1.312480808812208366e+01
1.312915393358728089e+01
1.313350121803524395e+01
1.313784994194245570e+01
1.314220010578556064e+01
1.314655171004131873e+01
1.315090475518669955e+01
1.315525924169878280e+01
1.315961517005485426e+01
1.316397254073230449e+01
1.316833135420873901e+01
1.317269161096186636e+01
1.317705331146960646e+01
1.318141645620998403e+01
1.318578104566123343e+01
1.319014708030169913e+01
1.319451456060993344e+01
1.319888348706459347e+01
1.320325386014454949e+01
1.320762568032878015e+01
1.321199894809646835e+01
1.321637366392690893e+01
1.322074982829960632e+01
1.322512744169417154e+01
1.322950650459042521e+01
1.323388701746829632e+01
1.323826898080792525e+01
1.324265239508955538e+01
1.324703726079363264e+01
1.325142357840076279e+01
1.325581134839166708e+01
1.326020057124727991e+01
1.326459124744864404e+01
1.326898337747701362e+01
1.327337696181374760e+01
1.327777200094041987e+01
1.328216849533870736e+01
1.328656644549050547e+01
1.329096585187780732e+01
1.329536671498282807e+01
1.329976903528788057e+01
1.330417281327549972e+01
1.330857804942831812e+01
1.331298474422918687e+01
1.331739289816106364e+01
1.332180251170711749e+01
1.332621358535062228e+01
1.333062611957507038e+01
1.333504011486405716e+01
1.333945557170139296e+01
1.334387249057099289e+01
1.334829087195698882e+01
1.335271071634361562e+01
1.335713202421531420e+01
1.336155479605668006e+01
1.336597903235243301e+01
1.337040473358750425e+01
1.337483190024693336e+01
1.337926053281597483e+01
1.338369063177998797e+01
1.338812219762454880e+01
1.339255523083533816e+01
1.339698973189825359e+01
1.340142570129929744e+01
1.340586313952469055e+01
1.341030204706075679e+01
1.341474242439403675e+01
1.341918427201117936e+01
1.342362759039904496e+01
1.342807238004460579e+01
1.343251864143504726e+01
1.343696637505765956e+01
1.344141558139995318e+01
1.344586626094954340e+01
1.345031841419425866e+01
1.345477204162203932e+01
1.345922714372103712e+01
1.346368372097951749e+01
1.346814177388593947e+01
1.347260130292893265e+01
1.347706230859724030e+01
1.348152479137982773e+01
1.348598875176576328e+01
1.349045419024433556e+01
1.349492110730493621e+01
1.349938950343717892e+01
1.350385937913077861e+01
1.350833073487567404e+01
1.351280357116190523e+01
1.351727788847973244e+01
1.352175368731952254e+01
1.352623096817186088e+01
1.353070973152743761e+01
1.353518997787716316e+01
1.353967170771205630e+01
1.354415492152334721e+01
1.354863961980238152e+01
1.355312580304071801e+01
1.355761347173002562e+01
1.356210262636218644e+01
1.356659326742919625e+01
1.357108539542326575e+01
1.357557901083671226e+01
1.358007411416206267e+01
1.358457070589200200e+01
1.358906878651933603e+01
1.359356835653709616e+01
1.359806941643841327e+01
1.360257196671664204e+01
1.360707600786524374e+01
1.361158154037789814e+01
1.361608856474839335e+01
1.362059708147073600e+01
1.362510709103904283e+01
1.362961859394764552e+01
1.363413159069098946e+01
1.363864608176373316e+01
1.364316206766065065e+01
1.364767954887672730e+01
1.365219852590706040e+01
1.365671899924697108e+01
1.366124096939188171e+01
1.366576443683744024e+01
1.367028940207939591e+01
1.367481586561372708e+01
1.367934382793651160e+01
1.368387328954405469e+01
1.368840425093276636e+01
1.369293671259926271e+01
1.369747067504032323e+01
1.370200613875285534e+01
1.370654310423398137e+01
1.371108157198093380e+01
1.371562154249116894e+01
1.372016301626224433e+01
1.372470599379194667e+01
1.372925047557816747e+01
1.373379646211901850e+01
1.373834395391272167e+01
1.374289295145772094e+01
1.374744345525256506e+01
1.375199546579602838e+01
1.375654898358699363e+01
1.376110400912456377e+01
1.376566054290794838e+01
1.377021858543658617e+01
1.377477813721001532e+01
1.377933919872800139e+01
1.378390177049042009e+01
1.378846585299736560e+01
1.379303144674904402e+01
1.379759855224587994e+01
1.380216716998841164e+01
1.380673730047738168e+01
1.381130894421370137e+01
1.381588210169840281e+01
1.382045677343274370e+01
1.382503295991808656e+01
1.382961066165602304e+01
1.383418987914824783e+01
1.383877061289668298e+01
1.384335286340335536e+01
1.384793663117051921e+01
1.385252191670053890e+01
1.385710872049599551e+01
1.386169704305958561e+01
1.386628688489422956e+01
1.387087824650295254e+01
1.387547112838900709e+01
1.388006553105575414e+01
1.388466145500677662e+01
1.388925890074577296e+01
1.389385786877665652e+01
1.389845835960345788e+01
1.390306037373042969e+01
1.390766391166193117e+01
1.391226897390255068e+01
1.391687556095698497e+01
1.392148367333013681e+01
1.392609331152707952e+01
1.393070447605301432e+01
1.393531716741335913e+01
1.393993138611364735e+01
1.394454713265963619e+01
1.394916440755719123e+01
1.395378321131240540e+01
1.395840354443148001e+01
1.396302540742084197e+01
1.396764880078702831e+01
1.397227372503680165e+01
1.397690018067703477e+01
1.398152816821482425e+01
1.398615768815738036e+01
1.399078874101213543e+01
1.399542132728663546e+01
1.400005544748865027e+01
1.400469110212605806e+01
1.400932829170696792e+01
1.401396701673959377e+01
1.401860727773238047e+01
1.402324907519388297e+01
1.402789240963287654e+01
1.403253728155825542e+01
1.403718369147911993e+01
1.404183163990474092e+01
1.404648112734451360e+01
1.405113215430806228e+01
1.405578472130511969e+01
1.406043882884564589e+01
1.406509447743971108e+01
1.406975166759761287e+01
1.407441039982976072e+01
1.407907067464679152e+01
1.408373249255945048e+01
1.408839585407871375e+01
1.409306075971566408e+01
1.409772720998161333e+01
1.410239520538798885e+01
1.410706474644643826e+01
1.411173583366872641e+01
1.411640846756684198e+01
1.412108264865288731e+01
1.412575837743919038e+01
1.413043565443819105e+01
1.413511448016256011e+01
1.413979485512507672e+01
1.414447677983874740e+01
